Date,Open,High,Low,Close,Volume,Dividends,Stock Splits
2019-01-02 00:00:00-05:00,36.750281492025124,37.68986030291286,36.593684420142715,37.469200134277344,148158800,0.0,0.0
2019-01-03 00:00:00-05:00,34.16170203892372,34.574547927015324,33.69191438723821,33.736995697021484,365248800,0.0,0.0
2019-01-04 00:00:00-05:00,34.29219923540596,35.24601358953824,34.11899533904399,35.17720413208008,234428400,0.0,0.0
2019-01-07 00:00:00-05:00,35.28160791885267,35.31245379240385,34.61725948663249,35.09891128540039,219111200,0.0,0.0
2019-01-08 00:00:00-05:00,35.48565323681881,36.021878993464554,35.238897140785376,35.768001556396484,164101200,0.0,0.0
2019-01-09 00:00:00-05:00,35.89611269551247,36.66485886166989,35.50225233829682,36.37539291381836,180396400,0.0,0.0
2019-01-10 00:00:00-05:00,36.183217066092084,36.53199984154206,35.79409933557466,36.49166488647461,143122800,0.0,0.0
2019-01-11 00:00:00-05:00,36.27337496621485,36.46793199596804,35.94831676050969,36.133384704589844,108092800,0.0,0.0
2019-01-14 00:00:00-05:00,35.79173197667657,35.891383692191056,35.40498556947879,35.59005355834961,129756800,0.0,0.0
2019-01-15 00:00:00-05:00,35.65411403047625,36.39438593118797,35.601914999486866,36.31846237182617,114843600,0.0,0.0
2019-01-16 00:00:00-05:00,36.32084058076156,36.98518904726328,36.30185878224347,36.76215744018555,122278800,0.0,0.0
2019-01-17 00:00:00-05:00,36.58657410659207,37.40751959655014,36.36354252641356,36.980438232421875,119284800,0.0,0.0
2019-01-18 00:00:00-05:00,37.369549802011335,37.45971241403209,37.00890297433515,37.20820999145508,135004000,0.0,0.0
2019-01-22 00:00:00-05:00,37.11093212681015,37.186855683764556,36.21168817452131,36.37303161621094,121576000,0.0,0.0
2019-01-23 00:00:00-05:00,36.57471200591153,36.80960767396495,35.9934084941028,36.5201416015625,92522400,0.0,0.0
2019-01-24 00:00:00-05:00,36.565218274806185,36.65300590810053,36.00289663164888,36.23067092895508,101766000,0.0,0.0
2019-01-25 00:00:00-05:00,36.89027913828178,37.51903897969798,36.61505211762605,37.43124771118164,134142000,0.0,0.0
2019-01-28 00:00:00-05:00,36.963834162658024,37.09196040414421,36.45845778019692,37.084842681884766,104768400,0.0,0.0
2019-01-29 00:00:00-05:00,37.07297331497307,37.519036488429236,36.565222017267494,36.700462341308594,166348800,0.0,0.0
2019-01-30 00:00:00-05:00,38.73383622739391,39.421909052183295,38.017288901847,39.208370208740234,244439200,0.0,0.0
2019-01-31 00:00:00-05:00,39.41242029951825,40.09812176355808,39.044655736776996,39.490718841552734,162958400,0.0,0.0
2019-02-01 00:00:00-05:00,39.61410648111566,40.09338329388807,39.36971809982081,39.509708404541016,130672400,0.0,0.0
2019-02-04 00:00:00-05:00,39.72087632465673,40.729261252002615,39.69003045070155,40.631980895996094,125982000,0.0,0.0
2019-02-05 00:00:00-05:00,41.01397692943241,41.54070999970741,40.89297205344229,41.32716751098633,144406400,0.0,0.0
2019-02-06 00:00:00-05:00,41.43867685735861,41.656965666225744,41.01159918712273,41.341400146484375,112958400,0.0,0.0
2019-02-07 00:00:00-05:00,40.90481449660255,41.270207571332215,40.416045233372024,40.558406829833984,126966800,0.0,0.0
2019-02-08 00:00:00-05:00,40.26770784386319,40.66564261030473,40.13188390366319,40.60607147216797,95280000,0.1825,0.0
2019-02-11 00:00:00-05:00,40.75857827237781,40.796704677929405,40.329665299757814,40.372554779052734,83973600,0.0,0.0
2019-02-12 00:00:00-05:00,40.5322157324539,40.74667043828146,40.436899701914584,40.720458984375,89134000,0.0,0.0
2019-02-13 00:00:00-05:00,40.83959548318567,41.099324812062115,40.48931684716783,40.55126953125,89960800,0.0,0.0
2019-02-14 00:00:00-05:00,40.43928339998026,40.80862164255103,40.36064904112932,40.699012756347656,87342800,0.0,0.0
2019-02-15 00:00:00-05:00,40.80623228578758,40.91345961424227,40.44880543364929,40.608455657958984,98507200,0.0,0.0
2019-02-19 00:00:00-05:00,40.43927284620034,40.85150410234934,40.386849953980956,40.729976654052734,75891200,0.0,0.0
2019-02-20 00:00:00-05:00,40.79194916119121,41.299496621052455,40.74429295914237,40.99210739135742,104457600,0.0,0.0
2019-02-21 00:00:00-05:00,40.93729535437326,41.07311568683924,40.57986845134195,40.760963439941406,68998800,0.0,0.0
2019-02-22 00:00:00-05:00,40.884875678488214,41.223239403756004,40.83721948150898,41.21609115600586,75652800,0.0,0.0
2019-02-25 00:00:00-05:00,41.49964124582385,41.90710582108216,41.44959988672047,41.516319274902344,87493600,0.0,0.0
2019-02-26 00:00:00-05:00,41.39242582162674,41.7712975211783,41.26375008174526,41.5401611328125,68280800,0.0,0.0
2019-02-27 00:00:00-05:00,41.273273603636405,41.69980140101289,41.158894387635335,41.6688232421875,111341600,0.0,0.0
2019-02-28 00:00:00-05:00,41.53777599764727,41.678363048433425,41.2041753537565,41.25897979736328,112861600,0.0,0.0
2019-03-01 00:00:00-05:00,41.528236712468996,41.735543135571554,41.197021288508566,41.69265365600586,103544800,0.0,0.0
2019-03-04 00:00:00-05:00,41.86422496802693,42.35509069759693,41.45437513566205,41.90235137939453,109744800,0.0,0.0
2019-03-05 00:00:00-05:00,41.92378549254291,41.938081984197204,41.59018493156289,41.826087951660156,78949600,0.0,0.0
2019-03-06 00:00:00-05:00,41.621163745570044,41.81655883042522,41.44721703446925,41.58542251586914,83241600,0.0,0.0
2019-03-07 00:00:00-05:00,41.43052883306923,41.56635275637002,40.98970464726478,41.10408020019531,99185600,0.0,0.0
2019-03-08 00:00:00-05:00,40.584633632595896,41.2399162634684,40.38923852105088,41.20178985595703,95997600,0.0,0.0
2019-03-11 00:00:00-04:00,41.81656454463562,42.68153514499979,41.783204847044914,42.629112243652344,128044000,0.0,0.0
2019-03-12 00:00:00-04:00,42.891215320225385,43.52743457783006,42.74109490310592,43.108055114746094,129870400,0.0,0.0
2019-03-13 00:00:00-04:00,43.42737051589921,43.67757008556457,43.110451545781046,43.29869842529297,124130000,0.0,0.0
2019-03-14 00:00:00-04:00,43.82053724326323,43.86819707283481,43.50123674636694,43.780029296875,94318000,0.0,0.0
2019-03-15 00:00:00-04:00,44.04690664893718,44.63785139707803,43.7824106162076,44.349525451660156,156171600,0.0,0.0
2019-03-18 00:00:00-04:00,44.273276908909104,44.890433115459594,44.27089173604565,44.802268981933594,104879200,0.0,0.0
2019-03-19 00:00:00-04:00,44.88090335634377,45.03340534638429,44.30186992001534,44.44722366333008,126585600,0.0,0.0
2019-03-20 00:00:00-04:00,44.375737368520994,45.152547444755115,44.018310490038075,44.835628509521484,124140800,0.0,0.0
2019-03-21 00:00:00-04:00,45.278837530094265,46.782412668747526,45.228796167797555,46.4869384765625,204136800,0.0,0.0
2019-03-22 00:00:00-04:00,46.546504437841726,47.10647460051664,45.459927440929704,45.52426528930664,169630800,0.0,0.0
2019-03-25 00:00:00-04:00,45.63387294895227,45.745866978541436,44.46389856952138,44.97382736206055,175381200,0.0,0.0
2019-03-26 00:00:00-04:00,45.66962661852125,45.96033411700319,43.98257123970182,44.509178161621094,199202000,0.0,0.0
2019-03-27 00:00:00-04:00,44.97621570071659,45.216881824139065,44.45199033761694,44.90949630737305,119393600,0.0,0.0
2019-03-28 00:00:00-04:00,45.02387869438107,45.169232459544084,44.68551496674179,44.96907424926758,83121600,0.0,0.0
2019-03-29 00:00:00-04:00,45.23356826498443,45.29313941789581,44.92617907983829,45.26216125488281,94256000,0.0,0.0
2019-04-01 00:00:00-04:00,45.66485812631572,45.67438790998863,44.8880516813076,45.56954574584961,111448000,0.0,0.0
2019-04-02 00:00:00-04:00,45.533803597504026,46.33682517645646,45.52427381326158,46.23197937011719,91062800,0.0,0.0
2019-04-03 00:00:00-04:00,46.04849014150251,46.82291494336478,46.02466023168709,46.54888916015625,93087200,0.0,0.0
2019-04-04 00:00:00-04:00,46.41545121424215,46.79194128270273,46.02228311605566,46.62990951538086,76457200,0.0,0.0
2019-04-05 00:00:00-04:00,46.81100893546065,46.96589610699699,46.687099925418465,46.94206619262695,74106400,0.0,0.0
2019-04-08 00:00:00-04:00,46.803855058079535,47.71171869297622,46.7847918560636,47.68074417114258,103526800,0.0,0.0
2019-04-09 00:00:00-04:00,47.73316823079818,48.33602791999754,47.47343527844449,47.53777313232422,143072800,0.0,0.0
2019-04-10 00:00:00-04:00,47.34238803810109,47.833257424849805,47.223245724372106,47.80466079711914,86781200,0.0,0.0
2019-04-11 00:00:00-04:00,47.85946211752939,47.89520335222447,47.28519537386603,47.40671920776367,83603200,0.0,0.0
2019-04-12 00:00:00-04:00,47.46629151971839,47.690279625122976,46.753822893813584,47.387657165527344,111042800,0.0,0.0
2019-04-15 00:00:00-04:00,47.31855853470994,47.621181009035936,47.182734561059235,47.47344207763672,70146400,0.0,0.0
2019-04-16 00:00:00-04:00,47.52824418170382,47.983364968636586,47.3137858769923,47.47820281982422,102785600,0.0,0.0
2019-04-17 00:00:00-04:00,47.54731119326293,48.46232689195172,47.32570824322464,48.40275573730469,115627200,0.0,0.0
2019-04-18 00:00:00-04:00,48.40036639173176,48.64579923684503,48.25739781446443,48.576698303222656,96783200,0.0,0.0
2019-04-22 00:00:00-04:00,48.33126412020742,48.83404475360525,48.214503361460345,48.73634719848633,77758000,0.0,0.0
2019-04-23 00:00:00-04:00,48.71251279943443,49.503619315451935,48.58622226846949,49.43928146362305,93292000,0.0,0.0
2019-04-24 00:00:00-04:00,49.4106933007407,49.6775708811361,49.33682565873371,49.363037109375,70162400,0.0,0.0
2019-04-25 00:00:00-04:00,49.28439996099873,49.5060028744457,48.87693173068337,48.91505813598633,74172800,0.0,0.0
2019-04-26 00:00:00-04:00,48.82450236051047,48.84833226964961,48.16207160889918,48.68153381347656,74596400,0.0,0.0
2019-04-29 00:00:00-04:00,48.705367877898986,49.079476422813116,48.576695801391914,48.755409240722656,88818800,0.0,0.0
2019-04-30 00:00:00-04:00,48.386074191108,48.467090089008494,47.4448506724918,47.81657409667969,186139600,0.0,0.0
2019-05-01 00:00:00-04:00,50.01117521030859,51.30505889994742,49.8562880319381,50.16367721557617,259309200,0.0,0.0
2019-05-02 00:00:00-04:00,50.00164001010491,50.671219159962654,49.59417537681596,49.837223052978516,127985200,0.0,0.0
2019-05-03 00:00:00-04:00,50.25183551985448,50.478205146321336,50.094566822586664,50.45676040649414,83569600,0.0,0.0
2019-05-06 00:00:00-04:00,48.679161066436805,49.7633567622048,48.490917825549325,49.677574157714844,129772400,0.0,0.0
2019-05-07 00:00:00-04:00,49.05803760722793,49.42499431382498,47.854699576559206,48.338417053222656,155054800,0.0,0.0
2019-05-08 00:00:00-04:00,48.10964637216283,48.92934575789081,48.07390514613017,48.347930908203125,105358000,0.0,0.0
2019-05-09 00:00:00-04:00,47.75223076687932,48.05723475366527,46.86104872008744,47.82848358154297,139634400,0.0,0.0
2019-05-10 00:00:00-04:00,47.223295764690995,47.565356793291954,46.111007044630455,47.16588592529297,164834800,0.1925,0.0
2019-05-13 00:00:00-04:00,44.90064671970861,45.32403198718554,43.738123877782556,44.42463302612305,229722400,0.0,0.0
2019-05-14 00:00:00-04:00,44.589679009038655,45.376652571018006,44.35047683033014,45.12788391113281,146118800,0.0,0.0
2019-05-15 00:00:00-04:00,44.556202404072714,45.867029661329525,44.49640184388846,45.66849136352539,106178800,0.0,0.0
2019-05-16 00:00:00-04:00,45.42689968507999,46.03925685450639,45.170951528362195,45.46756362915039,132125600,0.0,0.0
2019-05-17 00:00:00-04:00,44.7140780703889,45.66371136347926,44.673414122943996,45.209228515625,131516400,0.0,0.0
2019-05-20 00:00:00-04:00,43.89838725228515,44.09692550943149,43.123370837032205,43.795528411865234,154449200,0.0,0.0
2019-05-21 00:00:00-04:00,44.30503920599439,44.970021141517655,44.18065301915265,44.63513946533203,113459200,0.0,0.0
2019-05-22 00:00:00-04:00,44.17107963556311,44.422242678436454,43.666362841765874,43.721378326416016,118994400,0.0,0.0
2019-05-23 00:00:00-04:00,43.008562935243226,43.18557025463366,42.53254916971738,42.975074768066406,146118800,0.0,0.0
2019-05-24 00:00:00-04:00,43.10423430651815,43.568287143398116,42.72629440483175,42.81001663208008,94858800,0.0,0.0
2019-05-28 00:00:00-04:00,42.79805332195135,43.19752052189283,42.55646043574068,42.63300323486328,111792800,0.0,0.0
2019-05-29 00:00:00-04:00,42.200055575560086,42.90091998412499,42.09959108029265,42.429691314697266,113924800,0.0,0.0
2019-05-30 00:00:00-04:00,42.5660389538605,42.87221753680418,42.259860370916826,42.64976119995117,84873600,0.0,0.0
2019-05-31 00:00:00-04:00,42.15461188376971,42.575610183606656,41.858003426997364,41.877140045166016,108174400,0.0,0.0
2019-06-03 00:00:00-04:00,42.003904918771,42.558852087002684,40.72895684162504,41.453739166259766,161584400,0.0,0.0
2019-06-04 00:00:00-04:00,41.96563871336283,43.01573632949458,41.74557310553312,42.97028732299805,123872000,0.0,0.0
2019-06-05 00:00:00-04:00,44.080180266448075,44.25001543111583,43.32908551905767,43.66396713256836,119093600,0.0,0.0
2019-06-06 00:00:00-04:00,43.79314204238784,44.36483519131341,43.570682084053516,44.30503463745117,90105200,0.0,0.0
2019-06-07 00:00:00-04:00,44.613614033925494,45.90769918974606,44.436606690203384,45.484310150146484,122737600,0.0,0.0
2019-06-10 00:00:00-04:00,45.88136887468619,46.73292803874346,45.83591987717714,46.065555572509766,104883600,0.0,0.0
2019-06-11 00:00:00-04:00,46.61094078992602,46.88363115164734,46.30954733221378,46.59897994995117,107731600,0.0,0.0
2019-06-12 00:00:00-04:00,46.39326993216043,46.87645943951271,46.25931727268128,46.450679779052734,73012800,0.0,0.0
2019-06-13 00:00:00-04:00,46.57266300118658,47.072594673728766,46.309542797186474,46.44110107421875,86698400,0.0,0.0
2019-06-14 00:00:00-04:00,45.819196214236236,46.30716724615414,45.52019337239175,46.10384750366211,75046000,0.0,0.0
2019-06-17 00:00:00-04:00,46.142109980575825,46.63486965392285,45.967493369838486,46.37892150878906,58676400,0.0,0.0
2019-06-18 00:00:00-04:00,46.8955931379687,47.90980815375586,46.69466416124891,47.46967697143555,106204000,0.0,0.0
2019-06-19 00:00:00-04:00,47.76389951339883,47.811742879326864,47.1969913965281,47.3309440612793,84496800,0.0,0.0
2019-06-20 00:00:00-04:00,47.92894825704651,47.986358104546575,47.36921593118183,47.71127700805664,86056000,0.0,0.0
2019-06-21 00:00:00-04:00,47.553403383165076,48.04376867773491,47.397919745896615,47.54861831665039,191202400,0.0,0.0
2019-06-24 00:00:00-04:00,47.49121187922274,47.87872199614494,47.40270821699431,47.50078201293945,72881600,0.0,0.0
2019-06-25 00:00:00-04:00,47.46489952077428,47.663437821269206,46.713804620677834,46.780784606933594,84281200,0.0,0.0
2019-06-26 00:00:00-04:00,47.30702611814578,48.07725759186515,47.20656161939147,47.792606353759766,104270000,0.0,0.0
2019-06-27 00:00:00-04:00,47.90981377120324,48.215995988213024,47.73759152091885,47.778255462646484,83598800,0.0,0.0
2019-06-28 00:00:00-04:00,47.52469551117032,47.720843084338505,47.13479837293914,47.34290313720703,124442400,0.0,0.0
2019-07-01 00:00:00-04:00,48.59872246403011,48.914471197496404,47.9959317500997,48.21121597290039,109012000,0.0,0.0
2019-07-02 00:00:00-04:00,48.17771280892537,48.58914085785711,48.16575196972495,48.49345779418945,67740800,0.0,0.0
2019-07-03 00:00:00-04:00,48.62502883489124,48.90250429660593,48.483900395720205,48.895328521728516,45448000,0.0,0.0
2019-07-05 00:00:00-04:00,48.64178414277678,49.05560305706805,48.53414019894092,48.85227966308594,69062000,0.0,0.0
2019-07-08 00:00:00-04:00,48.03420974375056,48.17533821437869,47.46012572597742,47.84524154663086,101354400,0.0,0.0
2019-07-09 00:00:00-04:00,47.64907988705199,48.20163641262728,47.555791170395594,48.137054443359375,82312000,0.0,0.0
2019-07-10 00:00:00-04:00,48.28297482406582,48.73267256467266,48.21360412874839,48.61307144165039,71588400,0.0,0.0
2019-07-11 00:00:00-04:00,48.63220718977892,48.8905460488803,48.24948579291271,48.25905227661133,80767200,0.0,0.0
2019-07-12 00:00:00-04:00,48.426494590976,48.79725880699689,48.36669402871252,48.629817962646484,70380800,0.0,0.0
2019-07-15 00:00:00-04:00,48.81879520347822,49.24457499390493,48.797267873048604,49.08670425415039,67789600,0.0,0.0
2019-07-16 00:00:00-04:00,48.93838981534798,49.301978274892384,48.67766022623897,48.91686248779297,67467200,0.0,0.0
2019-07-17 00:00:00-04:00,48.80921404901501,49.057982753514956,48.62263660815599,48.64177322387695,56430000,0.0,0.0
2019-07-18 00:00:00-04:00,48.797247972159944,49.246949268510306,48.725486583390186,49.1943244934082,74162400,0.0,0.0
2019-07-19 00:00:00-04:00,49.22542643455206,49.39526162771868,48.40496451880691,48.45998001098633,83717200,0.0,0.0
2019-07-22 00:00:00-04:00,48.71352835732806,49.569872702739694,48.70396187494887,49.567481994628906,89111600,0.0,0.0
2019-07-23 00:00:00-04:00,49.86408841046526,49.97172866225892,49.584218645891866,49.95498275756836,73420800,0.0,0.0
2019-07-24 00:00:00-04:00,49.67512729577653,50.029145578681785,49.5555261792605,49.914329528808594,59966400,0.0,0.0
2019-07-25 00:00:00-04:00,49.96694883497979,50.05067106733842,49.45027119228103,49.5196418762207,55638400,0.0,0.0
2019-07-26 00:00:00-04:00,49.629665298704275,50.16787018217037,49.5483374367428,49.69186019897461,70475600,0.0,0.0
2019-07-29 00:00:00-04:00,49.864094780283324,50.385553851109734,49.859309714055385,50.15591812133789,86693600,0.0,0.0
2019-07-30 00:00:00-04:00,49.93585442943909,50.27073972938734,49.589011938368884,49.94063949584961,135742800,0.0,0.0
2019-07-31 00:00:00-04:00,51.76814519291497,52.95219547888276,50.54343096661381,50.95964050292969,277125600,0.0,0.0
2019-08-01 00:00:00-04:00,51.1653626359901,52.15326915093734,49.45267720551432,49.85692596435547,216071600,0.0,0.0
2019-08-02 00:00:00-04:00,49.163234154260714,49.37851470178692,48.23034691506533,48.802040100097656,163448400,0.0,0.0
2019-08-05 00:00:00-04:00,47.35965283602837,47.517523540558116,46.065567840975476,46.24736022949219,209572000,0.0,0.0
2019-08-06 00:00:00-04:00,46.957790753154114,47.3787890279519,46.4148006509655,47.122840881347656,143299200,0.0,0.0
2019-08-07 00:00:00-04:00,46.74252271064285,47.73521080398566,46.36219192644103,47.61082458496094,133457600,0.0,0.0
2019-08-08 00:00:00-04:00,47.88827805859261,48.68482179511622,47.6945248672639,48.6609001159668,108038000,0.0,0.0
2019-08-09 00:00:00-04:00,48.33435586806552,48.68491595492223,47.851730305039446,48.25992202758789,98478800,0.1925,0.0
2019-08-12 00:00:00-04:00,47.930955569965455,48.514427192025046,47.818103109398436,48.137451171875,89927600,0.0,0.0
2019-08-13 00:00:00-04:00,48.267131545137225,50.937165649678846,48.13746950693572,50.1760139465332,188874000,0.0,0.0
2019-08-14 00:00:00-04:00,48.78096824288931,49.568532297848215,48.64410316767906,48.68252182006836,146189600,0.0,0.0
2019-08-15 00:00:00-04:00,48.8530052642296,49.2563901473788,47.94298215754146,48.44001388549805,108909600,0.0,0.0
2019-08-16 00:00:00-04:00,49.04988847143179,49.74140951677776,48.944239015747925,49.58293533325195,110481600,0.0,0.0
2019-08-19 00:00:00-04:00,50.5721820740641,51.07881647496091,50.43051745097723,50.507354736328125,97654400,0.0,0.0
2019-08-20 00:00:00-04:00,50.634624409226056,51.22769905454453,50.50016279412302,50.509765625,107537200,0.0,0.0
2019-08-21 00:00:00-04:00,51.141253161466004,51.29972366781528,50.80749895306689,51.057212829589844,86141600,0.0,0.0
2019-08-22 00:00:00-04:00,51.18927999555581,51.489418835377954,50.6034083940143,51.013999938964844,89014800,0.0,0.0
2019-08-23 00:00:00-04:00,50.286461469002404,50.91555498677708,48.26232683356407,48.65610885620117,187272000,0.0,0.0
2019-08-26 00:00:00-04:00,49.429257136875236,49.748605248722136,49.237167578736795,49.580528259277344,104174400,0.0,0.0
2019-08-27 00:00:00-04:00,49.90949029926712,50.07516753420753,48.86980886104783,49.021080017089844,103493200,0.0,0.0
2019-08-28 00:00:00-04:00,49.00667191279658,49.395650682194926,48.819385567248915,49.35002899169922,63755200,0.0,0.0
2019-08-29 00:00:00-04:00,50.06315259687426,50.26004541127674,49.621349155907794,50.18560791015625,83962000,0.0,0.0
2019-08-30 00:00:00-04:00,50.46174203034494,50.53137262674945,49.75101166966507,50.120784759521484,84573600,0.0,0.0
2019-09-03 00:00:00-04:00,49.56612630727239,49.69818812822895,49.03548289552534,49.390846252441406,80092000,0.0,0.0
2019-09-04 00:00:00-04:00,50.03673886776175,50.29845901885149,49.779821963278366,50.22882843017578,76752400,0.0,0.0
2019-09-05 00:00:00-04:00,50.90354603728645,51.3765651308316,50.7858902958723,51.21088790893555,95654800,0.0,0.0
2019-09-06 00:00:00-04:00,51.39576734347277,51.484607253260535,51.025994300943886,51.206077575683594,77449200,0.0,0.0
2019-09-09 00:00:00-04:00,51.585449746566866,51.969628837304214,50.68023385509005,51.42457580566406,109237600,0.0,0.0
2019-09-10 00:00:00-04:00,51.35014804449725,52.05127185370454,50.83391076513622,52.03206253051758,127111600,0.0,0.0
2019-09-11 00:00:00-04:00,52.36101772978543,53.71524388706847,52.27937718938957,53.68642807006836,177158400,0.0,0.0
2019-09-12 00:00:00-04:00,53.976967258907166,54.36594600540606,53.51115121424335,53.566375732421875,128906800,0.0,0.0
2019-09-13 00:00:00-04:00,52.82443080357143,53.01411692029238,52.10890090309722,52.5242919921875,159053200,0.0,0.0
2019-09-16 00:00:00-04:00,52.27937831072937,52.855647033642335,52.23855987155783,52.800418853759766,84632400,0.0,0.0
2019-09-17 00:00:00-04:00,52.81482810263167,53.02132375192014,52.61313203639829,52.99250793457031,73274800,0.0,0.0
2019-09-18 00:00:00-04:00,53.07895237436418,53.508753239988586,52.6899736146539,53.48954391479492,101360000,0.0,0.0
2019-09-19 00:00:00-04:00,53.307052941713785,53.72724727960935,52.91327096589523,53.05493927001953,88242400,0.0,0.0
2019-09-20 00:00:00-04:00,53.155788377866706,53.43911767399923,52.2169532408371,52.279380798339844,221652400,0.0,0.0
2019-09-23 00:00:00-04:00,52.57232199753262,52.78602071935204,52.26017685029636,52.51709747314453,76662000,0.0,0.0
2019-09-24 00:00:00-04:00,53.07174949586762,53.42231327005474,52.149723866608696,52.26737594604492,124763200,0.0,0.0
2019-09-25 00:00:00-04:00,52.47627997233017,53.18460696208919,52.1377224527618,53.071754455566406,87613600,0.0,0.0
2019-09-26 00:00:00-04:00,52.824431771617654,53.05013674812319,52.543502278670516,52.79801940917969,75334000,0.0,0.0
2019-09-27 00:00:00-04:00,52.95409101125522,53.054940879557066,52.17133028274097,52.54110336303711,101408000,0.0,0.0
2019-09-30 00:00:00-04:00,53.040529136604164,53.92413970007018,53.01411677472275,53.777671813964844,103909600,0.0,0.0
2019-10-01 00:00:00-04:00,54.04180014068749,54.79814854366671,53.832901018952796,53.926544189453125,139223200,0.0,0.0
2019-10-02 00:00:00-04:00,53.559175493563515,53.68403427770665,52.32740451351937,52.57472229003906,138449200,0.0,0.0
2019-10-03 00:00:00-04:00,52.44745522730388,53.054939558377036,51.65509168829448,53.021324157714844,114426000,0.0,0.0
2019-10-04 00:00:00-04:00,54.178663133484626,54.62287009035569,53.75846874977578,54.50761413574219,138478800,0.0,0.0
2019-10-07 00:00:00-04:00,54.32992525189106,55.208728860944525,54.22667560102354,54.51961135864258,122306000,0.0,0.0
2019-10-08 00:00:00-04:00,54.22189669492506,54.75974327692229,53.86412979516042,53.88093566894531,111820000,0.0,0.0
2019-10-09 00:00:00-04:00,54.51240921020508,54.69489228194408,54.17865501059328,54.51240921020508,74770400,0.0,0.0
2019-10-10 00:00:00-04:00,54.72850967565127,55.331190753868945,54.577242206069194,55.24715042114258,113013600,0.0,0.0
2019-10-11 00:00:00-04:00,55.93386847365883,57.059989886560345,55.78019754791175,56.71663284301758,166795600,0.0,0.0
2019-10-14 00:00:00-04:00,56.40209028471779,57.17765169810714,56.34686576310509,56.6349983215332,96427600,0.0,0.0
2019-10-15 00:00:00-04:00,56.75985041805286,57.06238901917909,56.397284055002885,56.502933502197266,87360000,0.0,0.0
2019-10-16 00:00:00-04:00,56.03471879637498,56.48372898515924,55.99390035444989,56.27482986450195,73903200,0.0,0.0
2019-10-17 00:00:00-04:00,56.447706408334824,56.70222353757521,56.07073396138555,56.49332809448242,67585200,0.0,0.0
2019-10-18 00:00:00-04:00,56.327652182971896,57.04558556492881,56.255618132854494,56.76465606689453,97433600,0.0,0.0
2019-10-21 00:00:00-04:00,57.03118896744375,57.86437476979903,56.983167480651296,57.74911880493164,87247200,0.0,0.0
2019-10-22 00:00:00-04:00,57.90519803823814,58.154911988634055,57.53542486515749,57.6170654296875,82293600,0.0,0.0
2019-10-23 00:00:00-04:00,58.130884866797174,58.40461130875165,57.91958597693626,58.390201568603516,75828800,0.0,0.0
2019-10-24 00:00:00-04:00,58.70955335592496,58.7791876143368,58.06125423337426,58.48625183105469,69275200,0.0,0.0
2019-10-25 00:00:00-04:00,58.38541307794069,59.24260775751769,58.318182266358356,59.20659255981445,73477200,0.0,0.0
2019-10-28 00:00:00-04:00,59.408273742307344,59.84767739008357,59.24019674518622,59.79965591430664,96572800,0.0,0.0
2019-10-29 00:00:00-04:00,59.780451077157984,59.9677374114046,58.24374175415912,58.41661834716797,142839600,0.0,0.0
2019-10-30 00:00:00-04:00,58.76957511884041,58.89923712839204,57.91718388272271,58.40940856933594,124522000,0.0,0.0
2019-10-31 00:00:00-04:00,59.36505627876599,59.828468838504534,56.968745403896456,59.73002243041992,139162000,0.0,0.0
2019-11-01 00:00:00-04:00,59.91731576023175,61.45162537567779,59.826076043549875,61.42521667480469,151125200,0.0,0.0
2019-11-04 00:00:00-05:00,61.78777591806556,61.912638359081036,61.31956374708165,61.82859802246094,103272000,0.0,0.0
2019-11-05 00:00:00-05:00,61.720540736224365,61.99427084278033,61.54526436432109,61.73975372314453,79897600,0.0,0.0
2019-11-06 00:00:00-05:00,61.65332561896753,61.82620590718416,61.317171538437805,61.766178131103516,75864400,0.0,0.0
2019-11-07 00:00:00-05:00,62.31286358586997,62.70060689193552,62.16113826391426,62.47903823852539,94940400,0.1925,0.0
2019-11-08 00:00:00-05:00,62.30081895457208,62.722274875332666,61.85768903983962,62.650028228759766,69986400,0.0,0.0
2019-11-11 00:00:00-05:00,62.20688303941407,63.211155396483534,62.202069046791834,63.14613342285156,81821200,0.0,0.0
2019-11-12 00:00:00-05:00,62.989591152239775,63.28822775645039,62.837873203264316,63.08833312988281,87388800,0.0,0.0
2019-11-13 00:00:00-05:00,62.888439963309075,63.76747499464725,62.873990636188424,63.69281768798828,102734400,0.0,0.0
2019-11-14 00:00:00-05:00,63.51942564466405,63.79156691909785,63.122054404391484,63.252105712890625,89182800,0.0,0.0
2019-11-15 00:00:00-05:00,63.50253703760484,64.00828536539575,63.34118382253905,64.00347137451172,100206400,0.0,0.0
2019-11-18 00:00:00-05:00,64.01312410296957,64.40568132510607,63.635023558282754,64.32621002197266,86703200,0.0,0.0
2019-11-19 00:00:00-05:00,64.51888524762629,64.5429699152776,63.9144019823477,64.13114929199219,76167200,0.0,0.0
2019-11-20 00:00:00-05:00,63.95051616700854,64.08056012443966,62.71263645285633,63.384559631347656,106234400,0.0,0.0
2019-11-21 00:00:00-05:00,63.50497200634929,63.58203998760828,62.900481512110325,63.10037612915039,121395200,0.0,0.0
2019-11-22 00:00:00-05:00,63.24004853424612,63.38213847508004,62.81859270394661,63.04497528076172,65325200,0.0,0.0
2019-11-25 00:00:00-05:00,63.26894500831201,64.16725062153702,63.2231863603436,64.150390625,84020400,0.0,0.0
2019-11-26 00:00:00-05:00,64.28768982373602,64.34067315372796,63.218395236341195,63.64948654174805,105207600,0.0,0.0
2019-11-27 00:00:00-05:00,63.960142519969104,64.53814504778033,63.89512054291369,64.50442504882812,65235600,0.0,0.0
2019-11-29 00:00:00-05:00,64.20580352668654,64.54296680875088,64.0372182108502,64.36234283447266,46617600,0.0,0.0
2019-12-02 00:00:00-05:00,64.3671478434843,64.60316578278984,63.44717544860708,63.6181640625,94487200,0.0,0.0
2019-12-03 00:00:00-05:00,62.20930043557878,62.503115708653056,61.722822542288654,62.48385238647461,114430400,0.0,0.0
2019-12-04 00:00:00-05:00,62.873997512530956,63.413458716319425,62.78006952636724,63.03535079956055,67181600,0.0,0.0
2019-12-05 00:00:00-05:00,63.5290601576945,64.03480870676835,63.27377888666242,63.96014404296875,74424400,0.0,0.0
2019-12-06 00:00:00-05:00,64.41773515061479,65.26546100190234,64.37437981221761,65.19561767578125,106075600,0.0,0.0
2019-12-09 00:00:00-05:00,65.02463432244109,65.2172969657752,63.798800431426635,64.28287506103516,128042400,0.0,0.0
2019-12-10 00:00:00-05:00,64.68746036332061,65.04148360806178,64.02757585193183,64.65856170654297,90420400,0.0,0.0
2019-12-11 00:00:00-05:00,64.73803158690569,65.28953877362453,64.66337427533851,65.2100601196289,78756800,0.0,0.0
2019-12-12 00:00:00-05:00,64.48998371818132,65.64116022447391,64.3792030714425,65.3762435913086,137310400,0.0,0.0
2019-12-13 00:00:00-05:00,65.37625243087754,66.30104642565348,65.24861176531338,66.26492309570312,133587600,0.0,0.0
2019-12-16 00:00:00-05:00,66.71043995432287,67.62319496321233,66.70562596191743,67.39921569824219,128186000,0.0,0.0
2019-12-17 00:00:00-05:00,67.32937932220554,67.85920511821561,67.14393404643634,67.53167724609375,114158400,0.0,0.0
2019-12-18 00:00:00-05:00,67.38477250929151,67.89052104298418,67.22100855730946,67.37032318115234,116028400,0.0,0.0
2019-12-19 00:00:00-05:00,67.31252943237541,67.71712534090744,67.1800748008847,67.43775939941406,98369200,0.0,0.0
2019-12-20 00:00:00-05:00,67.97000364021376,68.07114894305518,67.08614715319112,67.29808044433594,275978000,0.0,0.0
2019-12-23 00:00:00-05:00,67.5605836287108,68.45647873677,67.52204963647512,68.39627075195312,98572000,0.0,0.0
2019-12-24 00:00:00-05:00,68.56244109414793,68.61061041883474,68.13617123413715,68.46128845214844,48478800,0.0,0.0
2019-12-26 00:00:00-05:00,68.59374653522693,69.83644007577118,68.56484788189442,69.819580078125,93121200,0.0,0.0
2019-12-27 00:00:00-05:00,70.11100606214161,70.7973786870116,69.38851010956454,69.79310607910156,146266000,0.0,0.0
2019-12-30 00:00:00-05:00,69.71120798213394,70.4890977572307,68.69008295692782,70.20732116699219,144114400,0.0,0.0
2019-12-31 00:00:00-05:00,69.82440364292783,70.72752343141342,69.72566166410049,70.72029876708984,100805600,0.0,0.0
2020-01-02 00:00:00-05:00,71.34403185341793,72.39406264366768,71.09116132608638,72.33385467529297,135480400,0.0,0.0
2020-01-03 00:00:00-05:00,71.56322072155912,72.38927264137095,71.40668140593664,71.63065338134766,146322800,0.0,0.0
2020-01-06 00:00:00-05:00,70.75402098693286,72.23995000976231,70.50355369984423,72.201416015625,118387200,0.0,0.0
2020-01-07 00:00:00-05:00,72.2110641639823,72.46634548952974,71.64270418623039,71.86186218261719,108872000,0.0,0.0
2020-01-08 00:00:00-05:00,71.56560624404386,73.31886213203573,71.56560624404386,73.017822265625,132079200,0.0,0.0
2020-01-09 00:00:00-05:00,73.99319481949146,74.76144921222713,73.7427349209394,74.56878662109375,170108400,0.0,0.0
2020-01-10 00:00:00-05:00,74.80241031619431,75.3009342510977,74.23645372460896,74.73738098144531,140644800,0.0,0.0
2020-01-13 00:00:00-05:00,75.05286332420356,76.36057889021191,74.93485068528152,76.3340835571289,121532000,0.0,0.0
2020-01-14 00:00:00-05:00,76.27150948324335,76.48103218066454,75.18054064353153,75.30335998535156,161954400,0.0,0.0
2020-01-15 00:00:00-05:00,75.10344034713454,75.98247543934815,74.54952248725758,74.9806137084961,121923600,0.0,0.0
2020-01-16 00:00:00-05:00,75.52246682768192,76.0306259059178,75.16121901504614,75.91983795166016,108829200,0.0,0.0
2020-01-17 00:00:00-05:00,76.16791647174253,76.76277166888072,75.86206254796348,76.76036834716797,137816400,0.0,0.0
2020-01-21 00:00:00-05:00,76.38946504217743,76.83018415127219,76.10287451536945,76.24015045166016,110843200,0.0,0.0
2020-01-22 00:00:00-05:00,76.72423213565071,77.06380603496487,76.4183782339569,76.5123062133789,101832400,0.0,0.0
2020-01-23 00:00:00-05:00,76.56531662094284,76.96027729950708,76.01862324900956,76.88080596923828,104472000,0.0,0.0
2020-01-24 00:00:00-05:00,77.12644008388187,77.86819933392093,76.46896614550444,76.65922546386719,146537600,0.0,0.0
2020-01-27 00:00:00-05:00,74.67234921705278,75.08416976822737,73.42484155700832,74.405029296875,161940000,0.0,0.0
2020-01-28 00:00:00-05:00,75.28405419350632,76.68087628820244,75.18531223152581,76.5098876953125,162234000,0.0,0.0
2020-01-29 00:00:00-05:00,78.1379531691587,78.9567805812822,77.39859709116999,78.11145782470703,216229200,0.0,0.0
2020-01-30 00:00:00-05:00,77.19625539826748,78.0512056603916,76.7651642610764,77.99822235107422,126743200,0.0,0.0
2020-01-31 00:00:00-05:00,77.29017484753824,77.71163064497078,74.24606365244907,74.53987884521484,199588400,0.0,0.0
2020-02-03 00:00:00-05:00,73.28516622775322,75.49841264105945,72.7842389592195,74.33519744873047,173788400,0.0,0.0
2020-02-04 00:00:00-05:00,75.9367288800473,76.97953543976107,75.53213292898627,76.78927612304688,136616400,0.0,0.0
2020-02-05 00:00:00-05:00,77.91394467954083,78.21258127557842,76.81334832632962,77.4154281616211,118826800,0.0,0.0
2020-02-06 00:00:00-05:00,77.68515330009288,78.32335641079244,77.12883215929374,78.3209457397461,105425600,0.0,0.0
2020-02-07 00:00:00-05:00,77.82124622907054,78.06989154294402,76.76631409771366,77.25636291503906,117684000,0.1925,0.0
2020-02-10 00:00:00-05:00,75.84416334192943,77.62330627441406,75.76450341427329,77.62330627441406,109348800,0.0,0.0
2020-02-11 00:00:00-05:00,78.11817322586252,78.19059132825674,76.93770658748598,77.15496826171875,94323200,0.0,0.0
2020-02-12 00:00:00-05:00,77.60398368209574,78.9920538114317,77.60398368209574,78.98722839355469,113730400,0.0,0.0
2020-02-13 00:00:00-05:00,78.2605910618148,78.75063980830953,78.05781303227035,78.42474365234375,94747600,0.0,0.0
2020-02-14 00:00:00-05:00,78.39335362136931,78.69269890753361,77.93710493391231,78.44405364990234,80113600,0.0,0.0
2020-02-18 00:00:00-05:00,76.12900107799734,77.1887659353896,75.94794846047884,77.0077133178711,152531200,0.0,0.0
2020-02-19 00:00:00-05:00,77.24913667748609,78.35235267875386,77.24913667748609,78.12301635742188,93984000,0.0,0.0
2020-02-20 00:00:00-05:00,77.88400744802773,78.3716398349872,76.81700080414447,77.321533203125,100566000,0.0,0.0
2020-02-21 00:00:00-05:00,76.91597690115918,77.35774940247184,74.95578178960817,75.57135772705078,129554000,0.0,0.0
2020-02-24 00:00:00-05:00,71.75959476642028,73.43010258149737,69.82112528029087,71.98168182373047,222195200,0.0,0.0
2020-02-25 00:00:00-05:00,72.6503953158895,73.03180965186876,69.07279323243056,69.54352569580078,230673600,0.0,0.0
2020-02-26 00:00:00-05:00,69.16934783382864,71.90927916190874,69.16210602316792,70.64673614501953,198054800,0.0,0.0
2020-02-27 00:00:00-05:00,67.85852144500781,69.04139705399142,65.8934935311334,66.02867889404297,320605600,0.0,0.0
2020-02-28 00:00:00-05:00,62.10347552395671,67.20915879544067,61.88862284247871,65.99006652832031,426510000,0.0,0.0
2020-03-02 00:00:00-05:00,68.14338175177791,72.76867383608672,67.04258234775999,72.13378143310547,341397200,0.0,0.0
2020-03-03 00:00:00-05:00,73.30700681770827,73.3866667341741,68.99311992366323,69.84286499023438,319475600,0.0,0.0
2020-03-04 00:00:00-05:00,71.56165746891385,73.24182384454771,70.76261243598904,73.0824966430664,219178400,0.0,0.0
2020-03-05 00:00:00-05:00,71.33954955045269,72.31240522279981,70.34738484234605,70.71190643310547,187572800,0.0,0.0
2020-03-06 00:00:00-05:00,68.07577636210152,70.20495666747604,67.88989834828591,69.77284240722656,226176800,0.0,0.0
2020-03-09 00:00:00-04:00,63.67015682235863,67.13188124194363,63.48910424371685,64.25435638427734,286744800,0.0,0.0
2020-03-10 00:00:00-04:00,66.90257561810807,69.14762542571471,65.0268655374001,68.882080078125,285290000,0.0,0.0
2020-03-11 00:00:00-04:00,66.96293286366341,67.8875051992336,65.62796418784407,66.48977661132812,255598800,0.0,0.0
2020-03-12 00:00:00-04:00,61.78481034349421,65.17894285229022,59.86806602728879,59.923587799072266,418474000,0.0,0.0
2020-03-13 00:00:00-04:00,63.94537376560975,67.57366791219874,61.06301183278901,67.1029281616211,370732000,0.0,0.0
2020-03-16 00:00:00-04:00,58.40758489593045,62.54282496971143,57.9368487366503,58.47035217285156,322423600,0.0,0.0
2020-03-17 00:00:00-04:00,59.749787528944104,62.187961018540406,57.55060118117008,61.041297912597656,324056000,0.0,0.0
2020-03-18 00:00:00-04:00,57.88132562490314,60.350882714180244,57.2416040580175,59.5470085144043,300233600,0.0,0.0
2020-03-19 00:00:00-04:00,59.72081496454535,61.03646337436918,58.56690646649194,59.09075164794922,271857200,0.0,0.0
2020-03-20 00:00:00-04:00,59.670124174823826,60.792652825729554,55.04000612907548,55.33934783935547,401693200,0.0,0.0
2020-03-23 00:00:00-04:00,55.05931255400759,55.16070158535809,51.32479999006741,54.16370391845703,336752800,0.0,0.0
2020-03-24 00:00:00-04:00,57.05812866753022,59.79323063321941,56.56083807077307,59.597694396972656,287531200,0.0,0.0
2020-03-25 00:00:00-04:00,60.53193331315153,62.34245973328567,58.97488132854125,59.26939392089844,303602000,0.0,0.0
2020-03-26 00:00:00-04:00,59.5107880156471,62.4462515869641,59.47216257409066,62.3883171081543,252087200,0.0,0.0
2020-03-27 00:00:00-04:00,61.01473571142301,61.767913466106,59.638736473627105,59.80530548095703,204216800,0.0,0.0
2020-03-30 00:00:00-04:00,60.529513617295876,61.683422027854625,60.206030134757754,61.51202392578125,167976400,0.0,0.0
2020-03-31 00:00:00-04:00,61.702731524008335,63.365997685508034,60.833677514674484,61.38648986816406,197002000,0.0,0.0
2020-04-01 00:00:00-04:00,59.50596168562525,60.041877740721404,57.726819101176545,58.156517028808594,176218400,0.0,0.0
2020-04-02 00:00:00-04:00,58.018926998627165,59.18007745825888,57.18849821621821,59.12696838378906,165934000,0.0,0.0
2020-04-03 00:00:00-04:00,58.612760898074754,59.31282945954129,57.68818520309446,58.2772102355957,129880000,0.0,0.0
2020-04-06 00:00:00-04:00,60.568146275466354,63.515681414819454,60.20121554945302,63.36118698120117,201820400,0.0,0.0
2020-04-07 00:00:00-04:00,65.3720764386448,65.5893455207901,62.52351758063344,62.6273193359375,202887200,0.0,0.0
2020-04-08 00:00:00-04:00,63.42636197678972,64.54406151460887,63.061847651130236,64.23023986816406,168895200,0.0,0.0
2020-04-09 00:00:00-04:00,64.86515033457846,65.1958720881954,63.89953593356979,64.6937484741211,161834800,0.0,0.0
2020-04-13 00:00:00-04:00,64.77096719479518,66.07213548949194,64.17228391165321,65.9635009765625,131022800,0.0,0.0
2020-04-14 00:00:00-04:00,67.59296193706734,69.58454027985593,67.12222229104349,69.29485321044922,194994800,0.0,0.0
2020-04-15 00:00:00-04:00,68.17235803124424,69.12107217268907,67.74507641878203,68.66240692138672,131154400,0.0,0.0
2020-04-16 00:00:00-04:00,69.3745539645896,69.57250664535655,68.16029439249986,69.2079849243164,157125200,0.0,0.0
2020-04-17 00:00:00-04:00,68.72516178272222,69.27073604048029,66.83496828577375,68.26890563964844,215250000,0.0,0.0
2020-04-20 00:00:00-04:00,67.09811161151838,67.99854202997274,66.83256626499734,66.85187530517578,130015200,0.0,0.0
2020-04-21 00:00:00-04:00,66.69495629705587,66.92911797835283,64.07572694243713,64.78545379638672,180991600,0.0,0.0
2020-04-22 00:00:00-04:00,66.05039726124157,67.08602016909022,65.71002486509416,66.65149688720703,116862400,0.0,0.0
2020-04-23 00:00:00-04:00,66.59596648415703,68.01541990436723,66.35456304172806,66.3931884765625,124814400,0.0,0.0
2020-04-24 00:00:00-04:00,66.91703375483024,68.31958709401815,66.86875012200237,68.30992889404297,126161200,0.0,0.0
2020-04-27 00:00:00-04:00,68.02750920842628,68.68895986495261,67.58091858862758,68.35823822021484,117087600,0.0,0.0
2020-04-28 00:00:00-04:00,68.81932145434843,69.00037411858965,67.15847120269908,67.25019836425781,112004800,0.0,0.0
2020-04-29 00:00:00-04:00,68.73482721743544,69.92736120107678,68.53204914375017,69.45903778076172,137280800,0.0,0.0
2020-04-30 00:00:00-04:00,69.99736587702316,71.10058178322025,69.60870972779222,70.92435455322266,183064000,0.0,0.0
2020-05-01 00:00:00-04:00,69.1017567929507,72.17965163700352,69.00519685948858,69.78251647949219,240616800,0.0,0.0
2020-05-04 00:00:00-04:00,69.8066465413913,70.8977876030395,69.11864515995262,70.76984405517578,133568000,0.0,0.0
2020-05-05 00:00:00-04:00,71.2285073158129,72.66244451792257,71.08366376030753,71.83201599121094,147751200,0.0,0.0
2020-05-06 00:00:00-04:00,72.5321011645588,73.20320267035598,72.14827044329485,72.5731430053711,142333600,0.0,0.0
2020-05-07 00:00:00-04:00,73.19836352852457,73.66910326152602,72.89660917840814,73.32389068603516,115215200,0.0,0.0
2020-05-08 00:00:00-04:00,73.98230402182824,75.12239040799929,73.65552559886389,75.06913757324219,133838400,0.205,0.0
2020-05-11 00:00:00-04:00,74.57775171164975,76.74415709638575,74.36957888241814,76.2503662109375,145946400,0.0,0.0
2020-05-12 00:00:00-04:00,76.93295343320654,77.38318317958411,75.25792355724299,75.37895202636719,162301200,0.0,0.0
2020-05-13 00:00:00-04:00,75.55809041384309,76.47791143801962,73.39410026175051,74.46883392333984,200622400,0.0,0.0
2020-05-14 00:00:00-04:00,73.70876906438306,74.98682954910396,72.98743664654351,74.92631530761719,158929200,0.0,0.0
2020-05-15 00:00:00-04:00,72.70182424718615,74.52935171327063,72.6679327201148,74.48336029052734,166348400,0.0,0.0
2020-05-18 00:00:00-04:00,75.80498930633232,76.61103581678174,75.11512542110488,76.23826599121094,135178400,0.0,0.0
2020-05-19 00:00:00-04:00,76.25521336264156,77.0999898949941,75.76626090152799,75.7977294921875,101729600,0.0,0.0
2020-05-20 00:00:00-04:00,76.65461600601195,77.34205706251838,76.61588599602642,77.27186584472656,111504800,0.0,0.0
2020-05-21 00:00:00-04:00,77.1338852173559,77.67367499164858,76.45854411277335,76.69576263427734,102688800,0.0,0.0
2020-05-22 00:00:00-04:00,76.43434344951643,77.27186606725144,76.3326836366315,77.18956756591797,81803200,0.0,0.0
2020-05-26 00:00:00-04:00,78.30544857938091,78.48456841631166,76.61104938291827,76.6667251586914,125522000,0.0,0.0
2020-05-27 00:00:00-04:00,76.5238797421972,77.14596042474004,75.78560168945737,77.00072479248047,112945200,0.0,0.0
2020-05-28 00:00:00-04:00,76.67638285095582,78.29090607267398,76.4004417495467,77.03462982177734,133560800,0.0,0.0
2020-05-29 00:00:00-04:00,77.27667344915052,77.73658013010277,76.6037554918858,76.95957946777344,153532400,0.0,0.0
2020-06-01 00:00:00-04:00,76.91360886615988,78.02707250180976,76.78289602270274,77.90604400634766,80791200,0.0,0.0
2020-06-02 00:00:00-04:00,77.6397816394303,78.29091555107586,77.1992361328535,78.26670837402344,87642800,0.0,0.0
2020-06-03 00:00:00-04:00,78.58622664893751,78.9589964979716,78.0149682866651,78.69757080078125,104491200,0.0,0.0
2020-06-04 00:00:00-04:00,78.5208656190316,78.81859097042819,77.6470360985682,78.01980590820312,87560400,0.0,0.0
2020-06-05 00:00:00-04:00,78.26913445919533,80.3024118345787,78.24008880036028,80.24189758300781,137250400,0.0,0.0
2020-06-08 00:00:00-04:00,79.93933051935436,80.75022301034842,79.23010522661079,80.7163314819336,95654400,0.0,0.0
2020-06-09 00:00:00-04:00,80.39681304328083,83.6573136410901,80.36534445233356,83.26518249511719,147712400,0.0,0.0
2020-06-10 00:00:00-04:00,84.2116321903992,85.8745626649843,83.77350959383725,85.40739440917969,166651600,0.0,0.0
2020-06-11 00:00:00-04:00,84.55292316229209,84.97652287764004,81.20527837641917,81.30693817138672,201662400,0.0,0.0
2020-06-12 00:00:00-04:00,83.44189962926336,84.18743203095863,80.90030081571983,82.00891876220703,200146000,0.0,0.0
2020-06-15 00:00:00-04:00,80.66549938713932,83.67426627857331,80.50331793854433,83.02313232421875,138808800,0.0,0.0
2020-06-16 00:00:00-04:00,85.07336789002822,85.49455217605274,83.44190575287207,85.22344207763672,165428800,0.0,0.0
2020-06-17 00:00:00-04:00,85.96653487900272,86.02704912393895,84.98378413219785,85.10481262207031,114406400,0.0,0.0
2020-06-18 00:00:00-04:00,85.06125001022909,85.55504835135272,84.53114459703605,85.13871002197266,96820400,0.0,0.0
2020-06-19 00:00:00-04:00,85.84309961565448,86.3078449275457,83.54597361995395,84.65217590332031,264476000,0.0,0.0
2020-06-22 00:00:00-04:00,85.04430780115948,87.0098095125726,84.99831637895207,86.86699676513672,135445200,0.0,0.0
2020-06-23 00:00:00-04:00,88.10875691220691,90.1371959593026,87.68999560053155,88.72116088867188,212155600,0.0,0.0
2020-06-24 00:00:00-04:00,88.35079901624333,89.26819705246864,86.78226710315806,87.15503692626953,192623200,0.0,0.0
2020-06-25 00:00:00-04:00,87.30994555491553,88.35078749388231,86.55230611311778,88.31205749511719,137522400,0.0,0.0
2020-06-26 00:00:00-04:00,88.20801528772778,88.42828810168065,85.450981792104,85.59864044189453,205256800,0.0,0.0
2020-06-29 00:00:00-04:00,85.5066347136651,87.66578639039905,85.02978213117639,87.57138061523438,130646000,0.0,0.0
2020-06-30 00:00:00-04:00,87.15988171149978,88.58802392767775,87.14052040168764,88.3023910522461,140223200,0.0,0.0
2020-07-01 00:00:00-04:00,88.37984827441205,88.9220535759505,88.08696138066959,88.13536834716797,110737200,0.0,0.0
2020-07-02 00:00:00-04:00,89.04066652590694,89.67485466688348,88.02160865174983,88.13536834716797,114041600,0.0,0.0
2020-07-06 00:00:00-04:00,89.56108299075036,90.9601720457748,89.52961440129422,90.49300384521484,118655600,0.0,0.0
2020-07-07 00:00:00-04:00,90.87061453958542,91.6476154008952,90.10087509241899,90.21221923828125,112424400,0.0,0.0
2020-07-08 00:00:00-04:00,91.18770707353977,92.34473915860562,91.10056271828748,92.31327056884766,117092000,0.0,0.0
2020-07-09 00:00:00-04:00,93.20404179945581,93.25729463316677,91.66456287634601,92.71025085449219,125642800,0.0,0.0
2020-07-10 00:00:00-04:00,92.30601639495103,92.93052759776583,91.69603540831204,92.87242889404297,90257200,0.0,0.0
2020-07-13 00:00:00-04:00,94.17469096863013,96.77922651804644,92.23097365442625,92.44398498535156,191649200,0.0,0.0
2020-07-14 00:00:00-04:00,91.82672629574613,94.16499745387678,90.89481289415856,93.9737777709961,170989200,0.0,0.0
2020-07-15 00:00:00-04:00,95.84486367498508,96.09418202713559,93.42429428051739,94.62005615234375,153198000,0.0,0.0
2020-07-16 00:00:00-04:00,93.49450240060445,94.31023318785083,92.85789140298706,93.45577239990234,110577600,0.0,0.0
2020-07-17 00:00:00-04:00,93.90599401950857,94.06090662183887,92.79494615025625,93.26696014404297,92186800,0.0,0.0
2020-07-20 00:00:00-04:00,93.35410319288373,95.37043425049221,93.0103790882021,95.23246002197266,90318000,0.0,0.0
2020-07-21 00:00:00-04:00,96.02159737840238,96.09663446170768,93.66880290920021,93.91812133789062,103433200,0.0,0.0
2020-07-22 00:00:00-04:00,93.62037185613211,94.86212529718233,93.53323489247579,94.18194580078125,89001600,0.0,0.0
2020-07-23 00:00:00-04:00,93.91568143989768,93.99314144318696,89.08664931990235,89.8951187133789,197004400,0.0,0.0
2020-07-24 00:00:00-04:00,88.0966309470678,90.016140810345,86.31266499943915,89.67241668701172,185438800,0.0,0.0
2020-07-27 00:00:00-04:00,90.73264959796012,91.88968182119616,90.50996128337569,91.79769897460938,121214000,0.0,0.0
2020-07-28 00:00:00-04:00,91.36925259131361,91.54595685387366,90.28483461346657,90.28968048095703,103625600,0.0,0.0
2020-07-29 00:00:00-04:00,90.77135574195019,92.20433612820618,90.73504867705178,92.02037048339844,90329200,0.0,0.0
2020-07-30 00:00:00-04:00,91.19498617960477,93.23794810661174,90.78833214151663,93.13386535644531,158130000,0.0,0.0
2020-07-31 00:00:00-04:00,99.61613418906329,103.03397765297315,97.62157959922047,102.88390350341797,374336800,0.0,0.0
2020-08-03 00:00:00-04:00,104.76227011908288,108.0905539794476,104.46454472688619,105.4763412475586,308151200,0.0,0.0
2020-08-04 00:00:00-04:00,105.66514250286653,107.26998160372126,104.9438099795325,106.18072509765625,173071600,0.0,0.0
2020-08-05 00:00:00-04:00,105.9023788614005,106.8851298614448,105.43762609025401,106.56561279296875,121776800,0.0,0.0
2020-08-06 00:00:00-04:00,106.89720218347466,110.77737527223312,106.30900549573542,110.28357696533203,202428800,0.0,0.0
2020-08-07 00:00:00-04:00,109.80586800423681,110.26175680038186,106.98082124977309,107.77619934082031,198045600,0.205,0.0
2020-08-10 00:00:00-04:00,109.21903838608283,110.35876045671141,106.69710821737102,109.34271240234375,212403600,0.0,0.0
2020-08-11 00:00:00-04:00,108.60795666047292,109.10506522291367,105.83140397675015,106.09087371826172,187902400,0.0,0.0
2020-08-12 00:00:00-04:00,107.17965891895842,109.87376452711321,106.98566715289093,109.6167221069336,165598000,0.0,0.0
2020-08-13 00:00:00-04:00,110.99409224252035,112.55817781440562,110.50667808377885,111.55667877197266,210082000,0.0,0.0
2020-08-14 00:00:00-04:00,111.38208775805406,111.54698151987802,109.65068105796512,111.45726013183594,165565200,0.0,0.0
2020-08-17 00:00:00-04:00,112.57756555807367,112.60181637912858,110.54062239475888,111.16625213623047,119561600,0.0,0.0
2020-08-18 00:00:00-04:00,110.91890789561272,112.51693852673742,110.58426581680665,112.09257507324219,105633600,0.0,0.0
2020-08-19 00:00:00-04:00,112.49995954797271,113.64452867430332,112.13864675565405,112.23321533203125,145538000,0.0,0.0
2020-08-20 00:00:00-04:00,112.27446284451047,114.83762028422797,112.25748652761663,114.72364807128906,126907200,0.0,0.0
2020-08-21 00:00:00-04:00,115.6814742972318,121.11817961837231,115.6693525872738,120.6356201171875,338054800,0.0,0.0
2020-08-24 00:00:00-04:00,124.83319019483912,124.91807177754512,120.21612051624737,122.0784683227539,345937600,0.0,0.0
2020-08-25 00:00:00-04:00,120.95328347307442,121.42129395286675,119.35767277780953,121.07695007324219,211495600,0.0,0.0
2020-08-26 00:00:00-04:00,122.39127306939878,123.17937664467517,121.32672345710665,122.7234878540039,163022400,0.0,0.0
2020-08-27 00:00:00-04:00,123.32487721481381,123.65709200762272,120.11425938434616,121.25640869140625,155552400,0.0,0.0
2020-08-28 00:00:00-04:00,122.22881026536905,122.64589926041506,120.83690034715939,121.05999755859375,187630000,0.0,0.0
2020-08-31 00:00:00-04:00,123.74924435405829,127.06655257654671,122.21668415759454,125.16539764404297,225702700,0.0,4.0
2020-09-01 00:00:00-04:00,128.77368605712132,130.75244043183687,126.61064913629612,130.1510467529297,151948100,0.0,0.0
2020-09-02 00:00:00-04:00,133.45865195686625,133.8369410345014,123.1866360174791,127.45451354980469,200119000,0.0,0.0
2020-09-03 00:00:00-04:00,123.09935930505591,124.97140134269283,116.8818246649217,117.25041198730469,257599600,0.0,0.0
2020-09-04 00:00:00-04:00,116.46474218511382,119.98574406174012,107.56038329847304,117.32801818847656,332607200,0.0,0.0
2020-09-08 00:00:00-04:00,110.52851712600398,115.41718621267334,109.29665359399448,109.43244934082031,231366600,0.0,0.0
2020-09-09 00:00:00-04:00,113.73911382379356,115.56266164657546,111.79916649731042,113.79730987548828,176940500,0.0,0.0
2020-09-10 00:00:00-04:00,116.74603554472291,116.8818312711873,109.12204164322466,110.08231353759766,182274400,0.0,0.0
2020-09-11 00:00:00-04:00,111.12987875287997,111.77006490232608,106.69709954942977,108.63704681396484,180860300,0.0,0.0
2020-09-14 00:00:00-04:00,111.27539655347849,112.44906397434094,109.41304861625771,111.89617919921875,140150100,0.0,0.0
2020-09-15 00:00:00-04:00,114.77699015613865,115.26197700807842,110.19871308977739,112.07076263427734,184642000,0.0,0.0
2020-09-16 00:00:00-04:00,111.77007759799923,112.51695412354394,108.67585899150183,108.76315307617188,154679000,0.0,0.0
2020-09-17 00:00:00-04:00,106.42550707639862,108.83103751673956,105.44583164529507,107.02688598632812,178011000,0.0,0.0
2020-09-18 00:00:00-04:00,107.08509211161683,107.5506753180143,102.9045006607274,103.6319808959961,287104900,0.0,0.0
2020-09-21 00:00:00-04:00,101.40105617439414,106.88140931284494,100.00429161371379,106.77471160888672,195713800,0.0,0.0
2020-09-22 00:00:00-04:00,109.29661551959238,109.47121104759135,105.88231201688097,108.4527359008789,183055400,0.0,0.0
2020-09-23 00:00:00-04:00,108.2684611226227,108.74374613747926,103.56408301527631,103.90357971191406,150718700,0.0,0.0
2020-09-24 00:00:00-04:00,102.01214274645399,106.93961142539536,101.847248976567,104.97056579589844,167743300,0.0,0.0
2020-09-25 00:00:00-04:00,105.17424100477153,109.0638373334494,104.43705897382922,108.90863800048828,149981400,0.0,0.0
2020-09-28 00:00:00-04:00,111.5566650919616,111.85735453793174,109.39362072171006,111.50816345214844,137672400,0.0,0.0
2020-09-29 00:00:00-04:00,111.11049343812664,111.84766814275456,110.1599159291002,110.66429901123047,99382200,0.0,0.0
2020-09-30 00:00:00-04:00,110.3733206510487,113.73913095345405,110.20842687953865,112.3326644897461,142675200,0.0,0.0
2020-10-01 00:00:00-04:00,114.10769446919807,114.18529413378772,112.35204460964711,113.28321838378906,116120400,0.0,0.0
2020-10-02 00:00:00-04:00,109.50032515653433,111.90586307346008,108.85044458473479,109.62641906738281,144712000,0.0,0.0
2020-10-05 00:00:00-04:00,110.4896945754234,113.14742012517607,110.1405034929378,113.00192260742188,106243800,0.0,0.0
2020-10-06 00:00:00-04:00,112.22593325878677,112.6333277612592,108.87952757625551,109.76220703125,161498200,0.0,0.0
2020-10-07 00:00:00-04:00,111.17839334850785,112.08046922763401,110.70310088509402,111.62458038330078,96849000,0.0,0.0
2020-10-08 00:00:00-04:00,112.75944080327828,112.90493833599005,111.14928093514196,111.51787567138672,83477200,0.0,0.0
2020-10-09 00:00:00-04:00,111.81855175000258,113.48690747123634,111.46936067345082,113.45780944824219,100506900,0.0,0.0
2020-10-12 00:00:00-04:00,116.45503667336371,121.42130453731181,115.6984583933761,120.66472625732422,240226800,0.0,0.0
2020-10-13 00:00:00-04:00,121.50858655705257,121.62498605023444,116.05733979847938,117.46379852294922,262330500,0.0,0.0
2020-10-14 00:00:00-04:00,117.36681195189107,119.33585728240598,116.02825097556021,117.55110931396484,150712000,0.0,0.0
2020-10-15 00:00:00-04:00,115.15526489684527,117.56079523723751,114.60238025084043,117.08551025390625,112559200,0.0,0.0
2020-10-16 00:00:00-04:00,117.63838547908625,117.90028246955836,115.24254973816036,115.44624328613281,115393800,0.0,0.0
2020-10-19 00:00:00-04:00,116.35803418573154,116.80422116143153,112.18715207359088,112.49754333496094,120639300,0.0,0.0
2020-10-20 00:00:00-04:00,112.71091992910422,115.40745252774086,112.15803531937775,113.9815902709961,124423700,0.0,0.0
2020-10-21 00:00:00-04:00,113.16682541230045,115.14557257156684,112.9534300225298,113.36082458496094,89946000,0.0,0.0
2020-10-22 00:00:00-04:00,113.92340448698165,114.49569279996962,111.14927920105526,112.27445220947266,101988000,0.0,0.0
2020-10-23 00:00:00-04:00,112.89522488264528,113.05042420827988,110.84858002778377,111.58576202392578,82572600,0.0,0.0
2020-10-26 00:00:00-04:00,110.58669317293085,113.05042702646372,109.49061825916863,111.59546661376953,111850700,0.0,0.0
2020-10-27 00:00:00-04:00,112.02224386138344,113.75849741390176,111.10077194371063,113.09891510009766,92276800,0.0,0.0
2020-10-28 00:00:00-04:00,111.5954574737689,111.9640447506843,107.76405759395712,107.86105346679688,143937800,0.0,0.0
2020-10-29 00:00:00-04:00,108.99593410290058,113.41901126991604,108.83103296967955,111.85735321044922,146129200,0.0,0.0
2020-10-30 00:00:00-04:00,107.72527053869118,108.6273463236584,104.48556211975591,105.5913314819336,190272600,0.0,0.0
2020-11-02 00:00:00-05:00,105.83382320217856,107.35668150297613,104.09756951905206,105.5040283203125,122866900,0.0,0.0
2020-11-03 00:00:00-05:00,106.36730788899447,108.14235394209176,105.46523215040254,107.12388610839844,107624400,0.0,0.0
2020-11-04 00:00:00-05:00,110.71277506341616,112.1192336829344,108.97652160464787,111.49845123291016,138235500,0.0,0.0
2020-11-05 00:00:00-05:00,114.40837468946069,116.02823610576812,113.36080890325555,115.45594787597656,126387100,0.0,0.0
2020-11-06 00:00:00-05:00,114.96528648231298,115.82033327578648,112.83737692583377,115.32479858398438,114457900,0.205,0.0
2020-11-09 00:00:00-05:00,117.08347300114552,118.53122507296646,112.7596464655049,113.02198791503906,154515300,0.0,0.0
2020-11-10 00:00:00-05:00,112.27382528066764,114.25597883957684,110.8940807658282,112.68191528320312,138023400,0.0,0.0
2020-11-11 00:00:00-05:00,113.86731293234887,116.23812654293447,113.13857769111563,116.10209655761719,112295000,0.0,0.0
2020-11-12 00:00:00-05:00,116.22843412444456,117.11262917137141,115.2082016572188,115.8300552368164,103162300,0.0,0.0
2020-11-13 00:00:00-05:00,116.05354364266076,116.27701834676313,114.52805783909481,115.87864685058594,81581900,0.0,0.0
2020-11-16 00:00:00-05:00,115.54828228699445,117.55959167779801,114.80011721095168,116.88916015625,91183000,0.0,0.0
2020-11-17 00:00:00-05:00,116.16041093814378,117.24865091924097,115.5871353083196,116.00494384765625,74271000,0.0,0.0
2020-11-18 00:00:00-05:00,115.24708227624227,116.42277457305377,114.65437685369791,114.68352508544922,76322100,0.0,0.0
2020-11-19 00:00:00-05:00,114.25596702688232,115.68428930116418,113.4980835539356,115.27619934082031,74113000,0.0,0.0
2020-11-20 00:00:00-05:00,115.27620565626937,115.40251710432108,113.96448361868471,114.0130615234375,73604300,0.0,0.0
2020-11-23 00:00:00-05:00,113.85761126601786,114.28513837643995,110.52486130551306,110.62202453613281,127959300,0.0,0.0
2020-11-24 00:00:00-05:00,110.68033196208322,112.56532241854126,109.39775058959653,111.90460205078125,113874200,0.0,0.0
2020-11-25 00:00:00-05:00,112.27382503154757,113.43979858279869,111.90459439029078,112.7402114868164,76499200,0.0,0.0
2020-11-27 00:00:00-05:00,113.26491785124114,114.15883152801634,112.92484280171581,113.28434753417969,46691300,0.0,0.0
2020-11-30 00:00:00-05:00,113.6535707986605,117.5401594833683,113.49810369299398,115.67459869384766,169410200,0.0,0.0
2020-12-01 00:00:00-05:00,117.57901628913943,119.96926723797301,116.60736920035771,119.24053192138672,127728200,0.0,0.0
2020-12-02 00:00:00-05:00,118.56038858339666,119.87211823940518,117.46242991146435,119.59033966064453,89004200,0.0,0.0
2020-12-03 00:00:00-05:00,120.01785729073868,120.270487635051,118.74500184780301,119.45430755615234,78967600,0.0,0.0
2020-12-04 00:00:00-05:00,119.12392660773527,119.37655691588907,118.07454601670749,118.78385162353516,78260400,0.0,0.0
2020-12-07 00:00:00-05:00,118.84215876062711,121.038083362331,118.7838623046875,120.2413330078125,86712000,0.0,0.0
2020-12-08 00:00:00-05:00,120.84375871454999,121.43646406909802,119.60004413555974,120.85346984863281,82225500,0.0,0.0
2020-12-09 00:00:00-05:00,120.99922399995596,122.37896123763355,117.56931058790569,118.32719421386719,115089200,0.0,0.0
2020-12-10 00:00:00-05:00,117.0834850101648,120.35793867044406,116.74340998030307,119.74579620361328,81312200,0.0,0.0
2020-12-11 00:00:00-05:00,118.95875310526962,119.27939842297663,117.13205925122674,118.93932342529297,86939800,0.0,0.0
2020-12-14 00:00:00-05:00,119.12394461719592,119.85268001340195,118.0940009627436,118.32719421386719,79184500,0.0,0.0
2020-12-15 00:00:00-05:00,120.81460994707473,124.27367903878984,120.6105649235341,124.25424194335938,157243700,0.0,0.0
2020-12-16 00:00:00-05:00,123.79754252066066,124.73031529802184,122.97163667560737,124.18619537353516,98208600,0.0,0.0
2020-12-17 00:00:00-05:00,125.24529842903367,125.90602613060179,124.40968137555939,125.05097198486328,94359800,0.0,0.0
2020-12-18 00:00:00-05:00,125.30361605465058,125.43964605507787,122.5441344465272,123.0688247680664,192541500,0.0,0.0
2020-12-21 00:00:00-05:00,121.4753279960592,124.67204812925546,119.94984220975749,124.59431457519531,121251600,0.0,0.0
2020-12-22 00:00:00-05:00,127.8784592702847,130.599073771845,125.9740246713456,128.14080810546875,168904800,0.0,0.0
2020-12-23 00:00:00-05:00,128.41286824547294,128.67520225485305,127.07199067068275,127.24689483642578,88223700,0.0,0.0
2020-12-24 00:00:00-05:00,127.59670678746939,129.67603102914552,127.3829432351903,128.228271484375,54930100,0.0,0.0
2020-12-28 00:00:00-05:00,130.19097883452193,133.44598718799116,129.7245776284665,132.81442260742188,124486200,0.0,0.0
2020-12-29 00:00:00-05:00,134.135849925918,134.8548591025245,130.53103360723338,131.04600524902344,121047300,0.0,0.0
2020-12-30 00:00:00-05:00,131.73592955161843,132.13430846309575,129.61773093964035,129.9286651611328,96452100,0.0,0.0
2020-12-31 00:00:00-05:00,130.27841448791915,130.91970498226274,127.98532727499882,128.92782592773438,99116600,0.0,0.0
2021-01-04 00:00:00-05:00,129.73431458165692,129.8217592553949,123.16597863459702,125.7408447265625,143301900,0.0,0.0
2021-01-05 00:00:00-05:00,125.23557674034254,128.00477652137644,124.78861261288198,127.29546356201172,97664900,0.0,0.0
2021-01-06 00:00:00-05:00,124.0987683518539,127.33435496235823,122.7967573877346,123.0105209350586,155088000,0.0,0.0
2021-01-07 00:00:00-05:00,124.72060165088172,127.89789129191489,124.23477818150717,127.20801544189453,109578200,0.0,0.0
2021-01-08 00:00:00-05:00,128.67521556411702,128.86955684085643,126.53759495540402,128.30599975585938,105158200,0.0,0.0
2021-01-11 00:00:00-05:00,125.527088604103,126.47929859092635,124.85664974689551,125.32303619384766,100384500,0.0,0.0
2021-01-12 00:00:00-05:00,124.85664288048969,126.0129052139805,123.26314235039197,125.14813995361328,91951100,0.0,0.0
2021-01-13 00:00:00-05:00,125.10925836684517,127.72299108513502,124.84692436009828,127.17887115478516,88636800,0.0,0.0
2021-01-14 00:00:00-05:00,127.09143240514113,127.2857588427231,125.10926419379747,125.25502014160156,90221800,0.0,0.0
2021-01-15 00:00:00-05:00,125.12869482471949,126.52786882491789,123.39916441507316,123.53519439697266,111598500,0.0,0.0
2021-01-19 00:00:00-05:00,124.15705738304294,125.06069683837403,123.340877429049,124.20564270019531,90757300,0.0,0.0
2021-01-20 00:00:00-05:00,125.0121142129877,128.73352422939956,124.90523244341398,128.28656005859375,104319500,0.0,0.0
2021-01-21 00:00:00-05:00,130.00638521290585,135.7099489572785,129.80233279797613,132.9893341064453,120150900,0.0,0.0
2021-01-22 00:00:00-05:00,132.41607964346215,135.88486727485233,131.19180950505606,135.12698364257812,114459400,0.0,0.0
2021-01-25 00:00:00-05:00,139.01359963257673,140.97631669159273,132.66872851623955,138.8678436279297,157611700,0.0,0.0
2021-01-26 00:00:00-05:00,139.52852500725305,140.20867499016745,137.36174136904043,139.1009979248047,98390600,0.0,0.0
2021-01-27 00:00:00-05:00,139.36333253146313,140.20867556656404,136.4289690465183,138.0321807861328,140843800,0.0,0.0
2021-01-28 00:00:00-05:00,135.56422012291074,137.9641898687069,132.82416793009364,133.20310974121094,142621100,0.0,0.0
2021-01-29 00:00:00-05:00,131.9788209864335,132.86302336292994,126.51816929301403,128.2185516357422,177523800,0.0,0.0
2021-02-01 00:00:00-05:00,129.95780442586786,131.5415940017464,127.21775238608966,130.3367462158203,106239800,0.0,0.0
2021-02-02 00:00:00-05:00,131.88166811874655,132.44522526454477,130.79342801715512,131.16265869140625,83305400,0.0,0.0
2021-02-03 00:00:00-05:00,131.9108002272906,131.92052618668296,129.82176496768204,130.1424102783203,89880900,0.0,0.0
2021-02-04 00:00:00-05:00,132.43550657690793,133.5043095225396,130.7739834636992,133.49459838867188,84183100,0.0,0.0
2021-02-05 00:00:00-05:00,133.65514858435046,133.72325779067754,132.20522578325316,133.0810089111328,75693800,0.205,0.0
2021-02-08 00:00:00-05:00,132.3706427004726,133.2756324021585,131.29050232328603,133.2269744873047,71297200,0.0,0.0
2021-02-09 00:00:00-05:00,132.94477197557092,134.1708861386868,132.19549648512387,132.35118103027344,76774200,0.0,0.0
2021-02-10 00:00:00-05:00,132.80855342312873,133.3048434386966,130.78450562896475,131.7478790283203,73046600,0.0,0.0
2021-02-11 00:00:00-05:00,132.24411789704274,132.72094164331565,130.17142759822354,131.49484252929688,64280000,0.0,0.0
2021-02-12 00:00:00-05:00,130.73585850968206,131.88410821935858,130.0936095966532,131.72840881347656,60145100,0.0,0.0
2021-02-16 00:00:00-05:00,131.84520181246612,132.35120265140839,129.21782237561078,129.60707092285156,80576300,0.0,0.0
2021-02-17 00:00:00-05:00,127.7192408682256,128.66314806479286,125.98712587517291,127.32026672363281,97918500,0.0,0.0
2021-02-18 00:00:00-05:00,125.72440543319924,126.50288771185818,123.98256451257895,126.22069549560547,96856700,0.0,0.0
2021-02-19 00:00:00-05:00,126.7364453512212,127.19380316380035,125.33518012530345,126.37638854980469,87668800,0.0,0.0
2021-02-22 00:00:00-05:00,124.56640502266376,126.23041094448011,122.22124015432108,122.61048126220703,103916400,0.0,0.0
2021-02-23 00:00:00-05:00,120.43074421044315,123.30138352656303,115.20519947854247,122.47425079345703,158273000,0.0,0.0
2021-02-24 00:00:00-05:00,121.57899955251936,122.1823162213377,118.94190197736167,121.97796630859375,111039900,0.0,0.0
2021-02-25 00:00:00-05:00,121.32600598694728,123.05812133844819,117.29737597808456,117.73526763916016,148199500,0.0,0.0
2021-02-26 00:00:00-05:00,119.29221728289741,121.49142336780443,117.93961010314024,117.99800109863281,164560400,0.0,0.0
2021-03-01 00:00:00-05:00,120.42099709481208,124.4885510714253,119.48682297794498,124.3523178100586,116307900,0.0,0.0
2021-03-02 00:00:00-05:00,124.95564701355688,125.25730532990295,121.64710890595583,121.754150390625,102260900,0.0,0.0
2021-03-03 00:00:00-05:00,121.45249652917722,122.32828720569532,118.56239100874602,118.77647399902344,112966300,0.0,0.0
2021-03-04 00:00:00-05:00,118.47479946720621,120.2750310748952,115.42900236715201,116.89837646484375,178155000,0.0,0.0
2021-03-05 00:00:00-05:00,117.72552038212189,118.65969453198089,114.40724922583529,118.15367889404297,153766600,0.0,0.0
2021-03-08 00:00:00-05:00,117.67686731260757,117.74498394850409,113.08383865170997,113.22980499267578,154376600,0.0,0.0
2021-03-09 00:00:00-05:00,115.827968557669,118.77645723226702,115.59442688495044,117.83255004882812,129525800,0.0,0.0
2021-03-10 00:00:00-05:00,118.41640913957764,118.88349246045178,116.2366622283132,116.75241088867188,111943300,0.0,0.0
2021-03-11 00:00:00-05:00,119.24355264557505,119.89552719538874,117.99798711036199,118.67915344238281,103026500,0.0,0.0
2021-03-12 00:00:00-05:00,117.16111263936789,117.9103955487277,115.95447204511132,117.77416229248047,88105100,0.0,0.0
2021-03-15 00:00:00-04:00,118.14395127784391,120.66427408423421,117.18057793774676,120.654541015625,92403800,0.0,0.0
2021-03-16 00:00:00-04:00,122.31853968534864,123.79765430298438,121.36490683570095,122.1920394897461,115227900,0.0,0.0
2021-03-17 00:00:00-04:00,120.71293967926185,122.47424657756945,119.04893377660937,121.40383911132812,111932600,0.0,0.0
2021-03-18 00:00:00-04:00,119.5744250296585,119.86635775445424,117.0832934949232,117.28764343261719,121229700,0.0,0.0
2021-03-19 00:00:00-04:00,116.67458589773459,118.16342636251116,116.46050290360724,116.76216125488281,185549500,0.0,0.0
2021-03-22 00:00:00-04:00,117.0930131834112,120.5377847911862,117.024896545298,120.07069396972656,111912300,0.0,0.0
2021-03-23 00:00:00-04:00,120.01230226774646,120.89781850320577,118.85431207414345,119.2435531616211,95467100,0.0,0.0
2021-03-24 00:00:00-04:00,119.51601473844956,119.59386443754735,116.83999258124882,116.85945129394531,88530500,0.0,0.0
2021-03-25 00:00:00-04:00,116.32426633816141,118.38723908571315,115.79879193762964,117.34601593017578,98844700,0.0,0.0
2021-03-26 00:00:00-04:00,117.11246742653448,118.21207408800578,115.72093550893463,117.94933319091797,94071200,0.0,0.0
2021-03-29 00:00:00-04:00,118.37749665321657,119.28247903408416,117.48224734126221,118.1244888305664,80819200,0.0,0.0
2021-03-30 00:00:00-04:00,116.87891806940085,117.16111766205535,115.66254435493632,116.67456817626953,85671900,0.0,0.0
2021-03-31 00:00:00-04:00,118.37750228821312,120.19719278132602,117.89095275757859,118.86405181884766,118323800,0.0,0.0
2021-04-01 00:00:00-04:00,120.33342627373456,120.83943448866229,119.19489479787379,119.69117736816406,75089100,0.0,0.0
2021-04-05 00:00:00-04:00,120.53777100210417,122.76616851425374,119.75928886344587,122.5131607055664,88651200,0.0,0.0
2021-04-06 00:00:00-04:00,123.09702657327624,123.71007628588559,122.26989388745704,122.81482696533203,80171300,0.0,0.0
2021-04-07 00:00:00-04:00,122.44504366920103,124.4788169278638,121.77360301243874,124.45935821533203,83466700,0.0,0.0
2021-04-08 00:00:00-04:00,125.48112948683244,126.88239460577601,125.06270398931379,126.85320281982422,88844600,0.0,0.0
2021-04-09 00:00:00-04:00,126.3082809200934,129.46111286986317,125.98715639774359,129.4221954345703,106686700,0.0,0.0
2021-04-12 00:00:00-04:00,128.95509937555343,129.2762238665418,127.11594263503031,127.70953369140625,91420000,0.0,0.0
2021-04-13 00:00:00-04:00,128.8772176641677,131.0374983592836,128.3809277339075,130.8136749267578,91266500,0.0,0.0
2021-04-14 00:00:00-04:00,131.31000899099288,131.36839256751463,128.11824478906962,128.47828674316406,87222800,0.0,0.0
2021-04-15 00:00:00-04:00,130.22010527807376,131.36835488244947,130.04493975044198,130.88180541992188,89347100,0.0,0.0
2021-04-16 00:00:00-04:00,130.6871976204425,131.04723949609195,129.69463249088383,130.55096435546875,84922400,0.0,0.0
2021-04-19 00:00:00-04:00,129.91843832937323,131.82571884662076,129.75301328602865,131.21266174316406,94264200,0.0,0.0
2021-04-20 00:00:00-04:00,131.38784340823202,131.88411859918818,128.2641887932471,129.5292205810547,94812300,0.0,0.0
2021-04-21 00:00:00-04:00,128.79940473993418,130.15201197134868,127.76792201144299,129.9087371826172,68847100,0.0,0.0
2021-04-22 00:00:00-04:00,129.46108603950333,130.54122653689166,127.8749447465964,128.39068603515625,84566500,0.0,0.0
2021-04-23 00:00:00-04:00,128.60476763173878,131.4851323617936,128.60476763173878,130.7066650390625,78657500,0.0,0.0
2021-04-26 00:00:00-04:00,131.20297351815344,131.42678218788413,129.96713331445437,131.09593200683594,66905100,0.0,0.0
2021-04-27 00:00:00-04:00,131.3781122600293,131.76736083305914,130.5023289552631,130.77479553222656,66015800,0.0,0.0
2021-04-28 00:00:00-04:00,130.69691506905932,131.38782184344353,129.50000754125335,129.98655700683594,107760100,0.0,0.0
2021-04-29 00:00:00-04:00,132.79882309453924,133.38268843991688,128.886960916459,129.88925170898438,151101000,0.0,0.0
2021-04-30 00:00:00-04:00,128.23499084555246,129.96710595621136,127.54409883928643,127.9236068725586,109839500,0.0,0.0
2021-05-03 00:00:00-04:00,128.48804439292184,130.4634499299292,128.28370182419917,128.97459411621094,75135100,0.0,0.0
2021-05-04 00:00:00-04:00,127.66086008438737,127.95279275381809,123.29164023246338,124.41070556640625,137564700,0.0,0.0
2021-05-05 00:00:00-04:00,125.72439172337612,126.94076551104096,124.5274840738415,124.65399169921875,84000900,0.0,0.0
2021-05-06 00:00:00-04:00,124.44963120105919,126.25959594495404,123.71007387822482,126.24987030029297,78128300,0.0,0.0
2021-05-07 00:00:00-04:00,127.54628780481441,127.94592476658238,126.21086763240989,126.92244720458984,78973300,0.22,0.0
2021-05-10 00:00:00-04:00,126.14265555263232,126.26936319427197,123.60829449035425,123.64728546142578,88071200,0.0,0.0
2021-05-11 00:00:00-04:00,120.38185488141869,123.0819142652862,119.67028275042819,122.73101043701172,126142800,0.0,0.0
2021-05-12 00:00:00-04:00,120.28440955115845,121.49310006204904,119.16344315883416,119.6703109741211,112172300,0.0,0.0
2021-05-13 00:00:00-04:00,121.43459040557941,122.96495055227784,121.12267010296466,121.81474304199219,105861300,0.0,0.0
2021-05-14 00:00:00-04:00,123.06243260302256,124.66102519199373,122.67253033910511,124.23213195800781,81918000,0.0,0.0
2021-05-17 00:00:00-04:00,123.61801033075298,123.72523361272388,122.00966853795465,123.08189392089844,74244600,0.0,0.0
2021-05-18 00:00:00-04:00,123.36458623209384,123.78372980629568,121.62952920667057,121.69776153564453,63342900,0.0,0.0
2021-05-19 00:00:00-04:00,120.050447495282,121.76600548369002,119.75801895076617,121.54181671142578,92612000,0.0,0.0
2021-05-20 00:00:00-04:00,122.06817161997536,124.49530152830624,121.94144912599474,124.09564971923828,76857100,0.0,0.0
2021-05-21 00:00:00-04:00,124.59280216593018,124.76825782596866,122.04869881375613,122.26314544677734,79295400,0.0,0.0
2021-05-24 00:00:00-04:00,122.8284771649978,124.70974844818083,122.76024483604364,123.89095306396484,63092900,0.0,0.0
2021-05-25 00:00:00-04:00,124.59279202902988,125.08017543327662,123.1306641265909,123.6960220336914,72009500,0.0,0.0
2021-05-26 00:00:00-04:00,123.75450877268065,124.17365241574042,123.228141818366,123.64728546142578,56575900,0.0,0.0
2021-05-27 00:00:00-04:00,123.24762857840483,124.41732784538095,121.92196544288971,122.11691284179688,94625600,0.0,0.0
2021-05-28 00:00:00-04:00,122.39959761550023,122.62379382802953,121.4053539348129,121.46383666992188,71311100,0.0,0.0
2021-06-01 00:00:00-04:00,121.92196296159237,122.1851426884376,120.81074644955004,121.14215850830078,67637100,0.0,0.0
2021-06-02 00:00:00-04:00,121.14215297391479,122.07791381305455,120.91796422365286,121.90245819091797,59278900,0.0,0.0
2021-06-03 00:00:00-04:00,121.5320769508381,121.69778300232346,120.02120840977952,120.42086029052734,76229200,0.0,0.0
2021-06-04 00:00:00-04:00,120.93746915555829,122.97470451422886,120.72302254551224,122.71151733398438,75169300,0.0,0.0
2021-06-07 00:00:00-04:00,122.98443979955707,123.13065406520676,121.67827588309044,122.72126007080078,71057600,0.0,0.0
2021-06-08 00:00:00-04:00,123.40358202860334,125.21662849111421,123.0234294041827,123.54004669189453,74403800,0.0,0.0
2021-06-09 00:00:00-04:00,123.99818609803275,124.52455300706954,123.32560491924683,123.92020416259766,56877900,0.0,0.0
2021-06-10 00:00:00-04:00,123.81298472926724,124.95345011953233,122.76025831506651,122.92596435546875,71186400,0.0,0.0
2021-06-11 00:00:00-04:00,123.33536251537065,124.22239035571975,122.91621888119515,124.13465881347656,53522400,0.0,0.0
2021-06-14 00:00:00-04:00,124.5927795199969,127.24409827001125,123.86171564217574,127.18561553955078,96906500,0.0,0.0
2021-06-15 00:00:00-04:00,126.65928803562127,127.30262798000346,126.12317141530278,126.36685943603516,62746300,0.0,0.0
2021-06-16 00:00:00-04:00,127.07836103111988,127.58523602650602,125.21659678341692,126.8639144897461,91815000,0.0,0.0
2021-06-17 00:00:00-04:00,126.52280804022224,129.20337594415264,126.37658632134162,128.46255493164062,96721700,0.0,0.0
2021-06-18 00:00:00-04:00,127.40986388708419,128.18965373161078,126.95172917297897,127.16617584228516,108953300,0.0,0.0
2021-06-21 00:00:00-04:00,127.01021243070467,129.0669401319559,125.94773612079095,128.959716796875,79663300,0.0,0.0
2021-06-22 00:00:00-04:00,128.7939773736595,130.69474066397615,128.29684436989922,130.59725952148438,74783600,0.0,0.0
2021-06-23 00:00:00-04:00,130.39259586711862,130.92871251033458,129.86622139067492,130.32435607910156,60214200,0.0,0.0
2021-06-24 00:00:00-04:00,131.0554073186903,131.240612583958,129.57378007008424,130.0416717529297,68711000,0.0,0.0
2021-06-25 00:00:00-04:00,130.09040620403312,130.50954241745376,129.4568084909208,129.74923706054688,70783700,0.0,0.0
2021-06-28 00:00:00-04:00,130.04168479997963,131.83522514355917,129.98320205214029,131.37709045410156,62111300,0.0,0.0
2021-06-29 00:00:00-04:00,131.39653993588485,133.043872786454,130.95790461954863,132.88790893554688,64556100,0.0,0.0
2021-06-30 00:00:00-04:00,132.73195190270366,133.94064949902392,132.43952338561445,133.50201416015625,63261400,0.0,0.0
2021-07-01 00:00:00-04:00,133.15114759070119,133.8627124846623,132.33234449341114,133.80422973632812,52485800,0.0,0.0
2021-07-02 00:00:00-04:00,134.41829838230024,136.4652835854969,134.27209152787285,136.42630004882812,78852600,0.0,0.0
2021-07-06 00:00:00-04:00,136.53350195950557,139.53572463895688,136.53350195950557,138.43426513671875,108181800,0.0,0.0
2021-07-07 00:00:00-04:00,139.91589835234652,141.2318195282519,139.0581266890823,140.91990661621094,104911600,0.0,0.0
2021-07-08 00:00:00-04:00,138.00536723887996,140.42274763655988,137.11833949517367,139.6234588623047,105575500,0.0,0.0
2021-07-09 00:00:00-04:00,139.1458282969305,141.97260274724476,139.04834716131978,141.4462432861328,99890800,0.0,0.0
2021-07-12 00:00:00-04:00,142.51850183873523,142.62572515772004,140.36429329314447,140.85166931152344,76299700,0.0,0.0
2021-07-13 00:00:00-04:00,140.3934939298509,143.7369001800956,140.00359917768813,141.9628448486328,100827100,0.0,0.0
2021-07-14 00:00:00-04:00,144.3607540301203,145.79364043052715,143.95134516697595,145.3842315673828,127050800,0.0,0.0
2021-07-15 00:00:00-04:00,145.47197634550716,146.21278242197315,143.37625087333885,144.7311553955078,106820300,0.0,0.0
2021-07-16 00:00:00-04:00,144.7116519617399,145.9788173432772,142.19679065127386,142.69390869140625,93251400,0.0,0.0
2021-07-19 00:00:00-04:00,140.1205738932986,140.43250161447835,138.09308832622733,138.8533935546875,121434600,0.0,0.0
2021-07-20 00:00:00-04:00,139.83790622702588,143.3860023478585,139.35053030452949,142.45997619628906,96350000,0.0,0.0
2021-07-21 00:00:00-04:00,141.85563485293181,142.44049190950972,140.97836414159778,141.72891235351562,74993500,0.0,0.0
2021-07-22 00:00:00-04:00,142.2553252616605,144.45825967498962,142.12860272787458,143.09361267089844,77338200,0.0,0.0
2021-07-23 00:00:00-04:00,143.82464898024415,144.9651069434816,143.2105505102186,144.80914306640625,71447400,0.0,0.0
2021-07-26 00:00:00-04:00,144.5264642055409,146.04707474588002,143.97084849928373,145.22828674316406,72434100,0.0,0.0
2021-07-27 00:00:00-04:00,145.35498894389306,145.44272791296905,141.87513262554674,143.0643310546875,104818600,0.0,0.0
2021-07-28 00:00:00-04:00,141.15382825419624,143.25929604709813,138.94113715127986,141.3195343017578,118931200,0.0,0.0
2021-07-29 00:00:00-04:00,141.0368336570977,142.8498725143642,140.92961036922324,141.9628448486328,56699500,0.0,0.0
2021-07-30 00:00:00-04:00,140.73466343435456,142.63542638578699,140.4714762953773,142.1772918701172,70440600,0.0,0.0
2021-08-02 00:00:00-04:00,142.66470486730785,143.2398049839172,141.58272954059322,141.84591674804688,62880000,0.0,0.0
2021-08-03 00:00:00-04:00,142.12858155366985,144.30227426975748,141.51448305654833,143.6394500732422,64786600,0.0,0.0
2021-08-04 00:00:00-04:00,143.55173491626834,144.05859526042843,142.58672505684436,143.23980712890625,56368300,0.0,0.0
2021-08-05 00:00:00-04:00,143.2690486927029,144.10733603044793,142.4795019309908,143.34703063964844,46397700,0.0,0.0
2021-08-06 00:00:00-04:00,142.86869219057516,143.61060825982952,142.16581806356817,142.66368103027344,54126800,0.22,0.0
2021-08-09 00:00:00-04:00,142.72225212556916,143.21035833317768,142.05843483321482,142.6148681640625,48908700,0.0,0.0
2021-08-10 00:00:00-04:00,142.9565198163916,144.19631350606738,141.84363848192044,142.13650512695312,69023100,0.0,0.0
2021-08-11 00:00:00-04:00,142.57583309295842,143.22989365517753,142.06819844175104,142.39035034179688,48493500,0.0,0.0
2021-08-12 00:00:00-04:00,142.7124810649403,145.50444888855472,142.37080079552103,145.34825134277344,72282600,0.0,0.0
2021-08-13 00:00:00-04:00,145.42635605950554,145.88517705910473,144.7430103885552,145.5532684326172,59375000,0.0,0.0
2021-08-16 00:00:00-04:00,145.00657783567002,147.59354953492934,142.98582599022765,147.52520751953125,103296000,0.0,0.0
2021-08-17 00:00:00-04:00,146.6563820290242,148.07188700426227,145.5435005089824,146.61734008789062,92229700,0.0,0.0
2021-08-18 00:00:00-04:00,146.2366215497856,147.13473517673972,142.67343732669485,142.87844848632812,86326000,0.0,0.0
2021-08-19 00:00:00-04:00,141.5800998127829,144.47945217305653,141.06270837166667,143.2103729248047,86960300,0.0,0.0
2021-08-20 00:00:00-04:00,143.93272733385453,144.9675098694575,143.28842371499448,144.66488647460938,60549600,0.0,0.0
2021-08-23 00:00:00-04:00,144.7820517027598,146.61733569322215,144.37204430196212,146.1487579345703,60131800,0.0,0.0
2021-08-24 00:00:00-04:00,145.89492826143862,147.27139120779157,145.60206158624175,146.06088256835938,48606400,0.0,0.0
2021-08-25 00:00:00-04:00,146.24636116832204,146.74423897086186,144.28417982272728,144.8308563232422,58991300,0.0,0.0
2021-08-26 00:00:00-04:00,144.82110951404735,145.57278230599707,144.00107981111,144.03036499023438,48597200,0.0,0.0
2021-08-27 00:00:00-04:00,143.97178711441077,145.21158091727293,143.33725507209095,145.06515502929688,55802400,0.0,0.0
2021-08-30 00:00:00-04:00,145.45564049048158,149.83883931473636,145.07491826892314,149.47763061523438,90956700,0.0,0.0
2021-08-31 00:00:00-04:00,149.02859613337498,149.16526528048843,147.69117494824357,148.2183380126953,86453100,0.0,0.0
2021-09-01 00:00:00-04:00,149.19456679893693,151.29341783710504,148.71621728375123,148.88217163085938,80313700,0.0,0.0
2021-09-02 00:00:00-04:00,150.20979354918074,151.0395800272227,148.77476016459727,149.99502563476562,71115500,0.0,0.0
2021-09-03 00:00:00-04:00,150.10239938899159,150.9517142276546,149.44833892893834,150.6295623779297,57808700,0.0,0.0
2021-09-07 00:00:00-04:00,151.2836060822293,153.5191254698615,150.71740121777114,152.9626922607422,82278300,0.0,0.0
2021-09-08 00:00:00-04:00,153.24581573453693,153.3043860941943,150.31717858511598,151.42030334472656,74420200,0.0,0.0
2021-09-09 00:00:00-04:00,151.79126431107525,152.39651120399355,150.28788894400816,150.40504455566406,57305700,0.0,0.0
2021-09-10 00:00:00-04:00,151.31292061025323,151.7814983871202,145.1627795675759,145.42636108398438,140893200,0.0,0.0
2021-09-13 00:00:00-04:00,147.04688016056696,147.818081410703,145.21159606216116,145.99256896972656,102404300,0.0,0.0
2021-09-14 00:00:00-04:00,146.77355269563384,147.47642687466802,143.4153793726529,144.59658813476562,109296300,0.0,0.0
2021-09-15 00:00:00-04:00,145.0261185341006,145.88519025288556,142.88821089491876,145.4849395751953,83281300,0.0,0.0
2021-09-16 00:00:00-04:00,144.90894501042473,145.4263362978241,143.71796490468603,145.2506103515625,68034100,0.0,0.0
2021-09-17 00:00:00-04:00,145.27991132028194,145.27991132028194,142.29268938190515,142.58555603027344,129868800,0.0,0.0
2021-09-20 00:00:00-04:00,140.37932278347847,141.39457695669392,137.90950701335717,139.53977966308594,123478900,0.0,0.0
2021-09-21 00:00:00-04:00,140.50624891873463,141.16032435989862,139.38361057442205,140.0181427001953,75834000,0.0,0.0
2021-09-22 00:00:00-04:00,141.01389352952881,142.94679012081193,140.28173414994058,142.38059997558594,76404300,0.0,0.0
2021-09-23 00:00:00-04:00,143.16150856090553,143.58128753921014,142.17553963315416,143.3372344970703,64838200,0.0,0.0
2021-09-24 00:00:00-04:00,142.19510285111807,143.96204492535793,142.09747565204063,143.4251251220703,53477900,0.0,0.0
2021-09-27 00:00:00-04:00,142.00962976919416,142.48797924389808,140.39888514559524,141.91200256347656,74150700,0.0,0.0
2021-09-28 00:00:00-04:00,139.8424227657557,141.30674132874793,138.31953384357482,138.5343017578125,108972300,0.0,0.0
2021-09-29 00:00:00-04:00,139.08098176355122,141.013878143942,138.65144592439347,139.4324188232422,74602000,0.0,0.0
2021-09-30 00:00:00-04:00,140.2426707272125,140.9455448156453,137.9192805517919,138.13404846191406,89056700,0.0,0.0
2021-10-01 00:00:00-04:00,138.5245696355228,139.52031071337035,135.80094288519692,139.25672912597656,94639600,0.0,0.0
2021-10-04 00:00:00-04:00,138.38784096480848,138.8271483868743,134.98086980059804,135.83016967773438,98322000,0.0,0.0
2021-10-05 00:00:00-04:00,136.17188224652747,138.85646652806082,136.04496985928344,137.7533416748047,80861100,0.0,0.0
2021-10-06 00:00:00-04:00,136.15231569207103,138.76855721821823,135.0784763218966,138.62213134765625,83221100,0.0,0.0
2021-10-07 00:00:00-04:00,139.65696027730579,140.7893703718494,139.32505159657362,139.88148498535156,61732700,0.0,0.0
2021-10-08 00:00:00-04:00,140.60384171370225,140.7502675851044,139.16880859069704,139.50071716308594,58773200,0.0,0.0
2021-10-11 00:00:00-04:00,138.88576984450557,141.36534327777014,138.4367054973454,139.4129180908203,64452200,0.0,0.0
2021-10-12 00:00:00-04:00,139.82288519545196,139.84241361250955,137.68497785008697,138.143798828125,73035900,0.0,0.0
2021-10-13 00:00:00-04:00,137.8802573777795,138.03644005527403,135.88877555756454,137.55810546875,78762700,0.0,0.0
2021-10-14 00:00:00-04:00,138.72949653674615,140.45739605494873,138.14376334202237,140.34024047851562,69907100,0.0,0.0
2021-10-15 00:00:00-04:00,140.35009826143124,141.45320843777606,140.0962734365725,141.39463806152344,67940300,0.0,0.0
2021-10-18 00:00:00-04:00,140.03763996851194,143.34699879821167,139.75454497889402,143.06390380859375,85589200,0.0,0.0
2021-10-19 00:00:00-04:00,143.51298745891924,145.62160993395176,143.06393807186709,145.2213592529297,76378900,0.0,0.0
2021-10-20 00:00:00-04:00,145.16281124011374,146.18783745350981,144.5966061422776,145.70948791503906,58418800,0.0,0.0
2021-10-21 00:00:00-04:00,145.27014914498275,146.0804071368253,144.35250720492448,145.92420959472656,61421000,0.0,0.0
2021-10-22 00:00:00-04:00,146.12922747617256,146.6075619891813,145.1042015405824,145.15301513671875,58883400,0.0,0.0
2021-10-25 00:00:00-04:00,145.14324421012236,145.8168331110648,144.10846150842693,145.1042022705078,50720600,0.0,0.0
2021-10-26 00:00:00-04:00,145.77777738990952,147.25185252804923,145.4653823192533,145.7680206298828,60893400,0.0,0.0
2021-10-27 00:00:00-04:00,145.80708231384622,146.16827612937263,144.9577823061733,145.30921936035156,56094900,0.0,0.0
2021-10-28 00:00:00-04:00,146.25610577875034,149.52640741666096,146.15847860921852,148.94068908691406,100077900,0.0,0.0
2021-10-29 00:00:00-04:00,143.7179733088264,146.37327190681347,142.92724374395107,146.23660278320312,124953200,0.0,0.0
2021-11-01 00:00:00-04:00,145.44586537540286,146.13896771640327,144.28417043944881,145.4165802001953,74588300,0.0,0.0
2021-11-02 00:00:00-04:00,145.12373606469237,147.96451766703325,145.11396440756303,146.45138549804688,69122000,0.0,0.0
2021-11-03 00:00:00-04:00,146.81257403590004,148.35499132920407,146.25614074482093,147.88641357421875,54511500,0.0,0.0
2021-11-04 00:00:00-04:00,147.97425010568048,148.80402155525002,147.05660823548425,147.36900329589844,60394600,0.0,0.0
2021-11-05 00:00:00-04:00,148.49328605752575,148.79635114627666,146.7042085245969,147.8969268798828,65463900,0.22,0.0
2021-11-08 00:00:00-05:00,148.02402320404659,148.18044870579655,146.80197694204415,147.07571411132812,55020900,0.0,0.0
2021-11-09 00:00:00-05:00,146.84107977637362,148.0435691533501,146.70421118808,147.43743896484375,56787900,0.0,0.0
2021-11-10 00:00:00-05:00,146.66510417552323,146.7726448402154,144.54363371528353,144.612060546875,65187100,0.0,0.0
2021-11-11 00:00:00-05:00,145.62885311604722,146.0883289050465,144.37746369649008,144.56321716308594,41000000,0.0,0.0
2021-11-12 00:00:00-05:00,145.11066161989166,147.03660782102534,144.18190939663026,146.6357879638672,63804000,0.0,0.0
2021-11-15 00:00:00-05:00,147.00728981052836,148.483531417499,146.08830852560698,146.64556884765625,59222800,0.0,0.0
2021-11-16 00:00:00-05:00,146.5868762388628,148.10221638704422,146.00028814358132,147.6231689453125,59256200,0.0,0.0
2021-11-17 00:00:00-05:00,147.6232038564801,151.53375230300938,147.61343285568483,150.05752563476562,88807000,0.0,0.0
2021-11-18 00:00:00-05:00,150.2726099643279,155.12168178008048,149.627365877677,154.33956909179688,137827700,0.0,0.0
2021-11-19 00:00:00-05:00,154.12446895909494,157.41911583313842,153.02952027938457,156.95962524414062,117305600,0.0,0.0
2021-11-22 00:00:00-05:00,158.0643575600625,161.99446283900974,157.39957149925132,157.41912841796875,117467900,0.0,0.0
2021-11-23 00:00:00-05:00,157.51687668201387,158.18167763297342,155.5029467463392,157.80039978027344,96041900,0.0,0.0
2021-11-24 00:00:00-05:00,157.1551520319611,158.5140669022848,156.0699743356913,158.31854248046875,69463600,0.0,0.0
2021-11-26 00:00:00-05:00,156.0015252712986,156.8618355882095,152.86330429925263,153.30323791503906,76959800,0.0,0.0
2021-11-29 00:00:00-05:00,155.80598568259293,157.5852919747901,155.23895449884512,156.6565399169922,88748200,0.0,0.0
2021-11-30 00:00:00-05:00,156.41215841772612,161.8184901598309,156.34371666317804,161.60340881347656,174048100,0.0,0.0
2021-12-01 00:00:00-05:00,163.73463874085127,166.49158221025922,160.85061260681175,161.0852508544922,152052500,0.0,0.0
2021-12-02 00:00:00-05:00,155.19011206164845,160.52800204808736,154.27113083970096,160.09783935546875,136739200,0.0,0.0
2021-12-03 00:00:00-05:00,160.35202051883033,161.27100166043388,156.14817855062066,158.22076416015625,118023100,0.0,0.0
2021-12-06 00:00:00-05:00,160.61600581977925,164.12573463510114,160.60623481829575,161.62298583984375,107497000,0.0,0.0
2021-12-07 00:00:00-05:00,165.29886939857903,167.74296195252498,164.5754126322905,167.35189819335938,120405400,0.0,0.0
2021-12-08 00:00:00-05:00,168.2806469361057,172.02499811029608,166.88261839066362,171.1646728515625,116998900,0.0,0.0
2021-12-09 00:00:00-05:00,170.9985052389604,172.79735388590385,170.03063915946248,170.6563262939453,108923700,0.0,0.0
2021-12-10 00:00:00-05:00,171.2917645939331,175.61291782062648,170.78338923857066,175.4369354248047,115402700,0.0,0.0
2021-12-13 00:00:00-05:00,177.06962931153166,178.05705234389498,171.60464142456377,171.80995178222656,153237000,0.0,0.0
2021-12-14 00:00:00-05:00,171.33089709564845,173.76521877848376,168.35888695654498,170.4314727783203,139380400,0.0,0.0
2021-12-15 00:00:00-05:00,171.19405708911282,175.48588396086842,168.4566698432585,175.2903594970703,131063300,0.0,0.0
2021-12-16 00:00:00-05:00,175.27077720416733,177.08918279763162,166.93153397693786,168.4077606201172,150185800,0.0,0.0
2021-12-17 00:00:00-05:00,166.12985777423478,169.59070130648584,165.89523442801953,167.31280517578125,195432700,0.0,0.0
2021-12-20 00:00:00-05:00,164.51673004048737,166.76529780791768,163.71507557030543,165.953857421875,107499100,0.0,0.0
2021-12-21 00:00:00-05:00,167.72338564818043,169.3267095815399,165.33794920445052,169.1214141845703,91185900,0.0,0.0
2021-12-22 00:00:00-05:00,169.17029609354066,171.92723953166936,168.30019977990446,171.712158203125,92135300,0.0,0.0
2021-12-23 00:00:00-05:00,171.9174833311616,172.89512039322665,171.35045204505695,172.33786010742188,68356600,0.0,0.0
2021-12-27 00:00:00-05:00,173.12973764737882,176.38527073958,173.11019564746687,176.2972869873047,74919600,0.0,0.0
2021-12-28 00:00:00-05:00,176.1310871789595,177.27492068975482,174.5375340801528,175.28053283691406,79144300,0.0,0.0
2021-12-29 00:00:00-05:00,175.31964543980357,176.59057652650236,174.1562550200767,175.3685302734375,62348900,0.0,0.0
2021-12-30 00:00:00-05:00,175.45653864701075,176.53194546765312,174.10739462067014,174.21493530273438,59773000,0.0,0.0
2021-12-31 00:00:00-05:00,174.1073900997929,175.2218958133562,173.29594950484335,173.59902954101562,64062300,0.0,0.0
2022-01-03 00:00:00-05:00,173.85319685203027,178.79026689432098,173.73588518068755,177.93971252441406,104487900,0.0,0.0
2022-01-04 00:00:00-05:00,178.54586564233023,178.84893075193062,175.1143499260673,175.68138122558594,99310400,0.0,0.0
2022-01-05 00:00:00-05:00,175.59339039534856,176.14086475419518,170.73453308424857,171.00827026367188,94537600,0.0,0.0
2022-01-06 00:00:00-05:00,168.83790737145776,171.37976954533002,167.80161453547433,168.153564453125,96904000,0.0,0.0
2022-01-07 00:00:00-05:00,169.02364770562122,170.24569386432273,167.20524242477114,168.3197479248047,86709100,0.0,0.0
2022-01-10 00:00:00-05:00,165.29888813158135,168.64240533418686,164.40923476090865,168.33934020996094,106765600,0.0,0.0
2022-01-11 00:00:00-05:00,168.4664003367464,171.26242759251966,166.99994496438987,171.1646728515625,76138300,0.0,0.0
2022-01-12 00:00:00-05:00,172.1814777238459,173.2177708823876,170.910561158879,171.60467529296875,74805200,0.0,0.0
2022-01-13 00:00:00-05:00,171.84905393496265,172.6702655459411,167.94827640647682,168.33934020996094,84505800,0.0,0.0
2022-01-14 00:00:00-05:00,167.508353425533,169.8937905683483,167.2639441267619,169.19967651367188,80440800,0.0,0.0
2022-01-18 00:00:00-05:00,167.67452813175186,168.6814931182034,165.6214992398613,166.00277709960938,90956700,0.0,0.0
2022-01-19 00:00:00-05:00,166.19834645502328,167.25419656378617,162.2291412735544,162.5126495361328,94815000,0.0,0.0
2022-01-20 00:00:00-05:00,163.24585020445963,165.88546757565922,160.50846314939517,160.83108520507812,91420500,0.0,0.0
2022-01-21 00:00:00-05:00,160.74307541554964,162.61036568511253,158.67048972769118,158.7780303955078,122848900,0.0,0.0
2022-01-24 00:00:00-05:00,156.44148123567246,158.67049246380245,151.2404450916643,158.0056915283203,162294600,0.0,0.0
2022-01-25 00:00:00-05:00,155.42475069595457,159.1202179477596,153.50859022634555,156.2068634033203,115798400,0.0,0.0
2022-01-26 00:00:00-05:00,159.84367643647036,160.71377291639465,154.29070450112417,156.11888122558594,108275300,0.0,0.0
2022-01-27 00:00:00-05:00,158.81711052646853,160.1760252131081,154.7403664665498,155.6593475341797,121954600,0.0,0.0
2022-01-28 00:00:00-05:00,162.00422657695262,166.5404614570555,159.15929945417386,166.52090454101562,179935700,0.0,0.0
2022-01-31 00:00:00-05:00,166.3547206203823,171.0864802658057,165.71924760028926,170.87139892578125,115541600,0.0,0.0
2022-02-01 00:00:00-05:00,170.1186272242385,170.93006781127377,168.45664712970438,170.70521545410156,86213900,0.0,0.0
2022-02-02 00:00:00-05:00,170.84209391826516,171.94682868403083,169.45385093947993,171.90771484375,84914300,0.0,0.0
2022-02-03 00:00:00-05:00,170.57811566132818,172.29876649074853,168.27089152715305,169.033447265625,89418100,0.0,0.0
2022-02-04 00:00:00-05:00,168.05455952783922,170.42346859121156,167.0756769166009,168.74957275390625,82465400,0.22,0.0
2022-02-07 00:00:00-05:00,169.20967525085985,170.27665387927516,167.3400055860888,168.03501892089844,77251200,0.0,0.0
2022-02-08 00:00:00-05:00,168.1035042386361,171.64706939744136,167.80983647215697,171.13804626464844,74829200,0.0,0.0
2022-02-09 00:00:00-05:00,172.33231049138615,172.91963117728815,171.20658637108463,172.5574493408203,71285000,0.0,0.0
2022-02-10 00:00:00-05:00,170.462637822063,171.7743370940817,167.92733513885554,168.48529052734375,90865900,0.0,0.0
2022-02-11 00:00:00-05:00,168.69087634340775,169.42503845048873,164.49146072642745,165.07879638671875,98670700,0.0,0.0
2022-02-14 00:00:00-05:00,163.83556797241158,165.99890498473425,163.04267549502603,165.31369018554688,86185500,0.0,0.0
2022-02-15 00:00:00-05:00,167.35955476472148,169.29773807776493,166.654758116967,169.14111328125,62527400,0.0,0.0
2022-02-16 00:00:00-05:00,168.22100455291906,169.67953027359678,166.45901263665095,168.90621948242188,61177400,0.0,0.0
2022-02-17 00:00:00-05:00,167.41828169802858,168.27970312361404,164.91234475439344,165.31369018554688,69589300,0.0,0.0
2022-02-18 00:00:00-05:00,166.23384762062662,166.93862933962222,162.68049906023276,163.76705932617188,82772700,0.0,0.0
2022-02-22 00:00:00-05:00,161.49605730830203,163.16995323151656,158.72581758393332,160.85000610351562,91162800,0.0,0.0
2022-02-23 00:00:00-05:00,162.04423283731927,162.6413518716535,156.37650867254357,156.68975830078125,90009200,0.0,0.0
2022-02-24 00:00:00-05:00,149.35790916683425,159.4110376690062,148.79015546543386,159.30335998535156,141147500,0.0,0.0
2022-02-25 00:00:00-05:00,160.38013909716133,161.6331077669388,157.47285626304333,161.3688201904297,91974200,0.0,0.0
2022-02-28 00:00:00-05:00,159.6166064975814,161.9267702066246,158.99990563300975,161.6331024169922,95056600,0.0,0.0
2022-03-01 00:00:00-05:00,161.2219862371019,163.08187242749526,158.54964050687724,159.753662109375,83474400,0.0,0.0
2022-03-02 00:00:00-05:00,160.91855062373517,163.82583387430233,159.50895693417934,163.042724609375,79724800,0.0,0.0
2022-03-03 00:00:00-05:00,164.91239906095296,165.34310991558115,162.05406285981815,162.71969604492188,76678400,0.0,0.0
2022-03-04 00:00:00-05:00,161.01642127862274,162.0540345545001,158.67689221468046,159.7242889404297,83737200,0.0,0.0
2022-03-07 00:00:00-05:00,159.91025004561254,161.53519862355543,155.6814703637219,155.9359893798828,96418800,0.0,0.0
2022-03-08 00:00:00-05:00,155.4661583222758,159.44041971330986,152.50992837199067,154.11529541015625,131148300,0.0,0.0
2022-03-09 00:00:00-05:00,158.0699374448171,159.9591883833685,156.04365849416726,159.50889587402344,91454900,0.0,0.0
2022-03-10 00:00:00-05:00,156.81698565051138,157.00297572975708,152.68609998585092,155.17247009277344,105342000,0.0,0.0
2022-03-11 00:00:00-05:00,155.57381332247203,155.91642822664025,151.23737032666907,151.46250915527344,96970100,0.0,0.0
2022-03-14 00:00:00-04:00,148.25179027503273,150.86540543880508,146.93030751756515,147.43931579589844,108732100,0.0,0.0
2022-03-15 00:00:00-04:00,147.71340492610565,152.28480063427574,147.204396636905,151.81492614746094,92964300,0.0,0.0
2022-03-16 00:00:00-04:00,153.73352378158447,156.6212246232631,151.19822129277074,156.21987915039062,102300200,0.0,0.0
2022-03-17 00:00:00-04:00,155.26058530967927,157.60011436017203,154.30128444798586,157.22813415527344,75615400,0.0,0.0
2022-03-18 00:00:00-04:00,157.12042735161046,161.00659213717293,156.38626546421042,160.51715087890625,123511700,0.0,0.0
2022-03-21 00:00:00-04:00,160.05709828830467,162.83713639325782,159.56765695852218,161.8876190185547,95811400,0.0,0.0
2022-03-22 00:00:00-04:00,162.01487524148183,165.84231029999864,161.42755456550663,165.25498962402344,81532000,0.0,0.0
2022-03-23 00:00:00-04:00,164.4424952526729,168.9942934206818,164.1096638130363,166.61561584472656,98062700,0.0,0.0
2022-03-24 00:00:00-04:00,167.44765777264146,170.46261801995993,166.61561651162776,170.39410400390625,90131400,0.0,0.0
2022-03-25 00:00:00-04:00,170.20810721060892,171.578536843318,169.10196511927478,171.03036499023438,80546200,0.0,0.0
2022-03-28 00:00:00-04:00,168.53425457976377,172.01907505501657,168.3678462915148,171.89183044433594,90371900,0.0,0.0
2022-03-29 00:00:00-04:00,172.95876428530602,175.22976408859992,172.61614940998814,175.1808319091797,100589400,0.0,0.0
2022-03-30 00:00:00-04:00,174.77950323773482,175.81711647524634,172.96856432856262,174.01597595214844,92633200,0.0,0.0
2022-03-31 00:00:00-04:00,174.0845012718467,174.27049138056105,170.7171422878286,170.92271423339844,103049300,0.0,0.0
2022-04-01 00:00:00-04:00,170.35494237968112,171.18699858724577,168.30908127405286,170.6290283203125,78751300,0.0,0.0
2022-04-04 00:00:00-04:00,170.88352814533914,174.72074581921223,170.75626863844195,174.6717987060547,76468400,0.0,0.0
2022-04-05 00:00:00-04:00,173.7516811601631,174.53479031608524,170.73672061862993,171.3632049560547,73401800,0.0,0.0
2022-04-06 00:00:00-04:00,168.72023795719042,169.96342328033663,166.53733352192953,168.20143127441406,89058800,0.0,0.0
2022-04-07 00:00:00-04:00,167.54556668896316,169.69910564386342,166.26323274049562,168.50486755371094,77594700,0.0,0.0
2022-04-08 00:00:00-04:00,168.1524524173325,168.1524524173325,165.62693350816983,166.49813842773438,76575500,0.0,0.0
2022-04-11 00:00:00-04:00,165.14730089465874,165.4605355802755,162.00508096962494,162.2498016357422,72246700,0.0,0.0
2022-04-12 00:00:00-04:00,164.4718899777678,166.2828141709391,163.12102695263263,164.11949157714844,79265200,0.0,0.0
2022-04-13 00:00:00-04:00,163.8551587010773,167.42807423573976,163.24825626550125,166.8015899658203,70618900,0.0,0.0
2022-04-14 00:00:00-04:00,167.01696134936807,167.6532440657547,161.55479409572018,161.7995147705078,75329400,0.0,0.0
2022-04-18 00:00:00-04:00,160.45845861462905,163.08187215208477,160.1158586140106,161.5841827392578,69023900,0.0,0.0
2022-04-19 00:00:00-04:00,161.53522902332887,164.27610359926777,160.44866861751814,163.86495971679688,67723800,0.0,0.0
2022-04-20 00:00:00-04:00,165.19622127922986,165.31369734743882,162.59240492951264,163.6985321044922,67929800,0.0,0.0
2022-04-21 00:00:00-04:00,165.343047199771,167.9077145784473,162.4063996901802,162.90562438964844,87227800,0.0,0.0
2022-04-22 00:00:00-04:00,162.94482378114378,164.3250370614869,158.08955892864606,158.37342834472656,84882400,0.0,0.0
2022-04-25 00:00:00-04:00,157.71754117840766,159.72425325965065,155.11372512050855,159.4403839111328,96046400,0.0,0.0
2022-04-26 00:00:00-04:00,158.82366005111888,158.91175587715887,153.41044189268345,153.48875427246094,95623200,0.0,0.0
2022-04-27 00:00:00-04:00,152.61757531774515,156.4156292897006,152.09876878373368,153.26364135742188,88063200,0.0,0.0
2022-04-28 00:00:00-04:00,155.88706244158715,161.04577820352466,155.57381282317428,160.18435668945312,130216800,0.0,0.0
2022-04-29 00:00:00-04:00,158.42236732431553,162.69029635210208,153.92929946524063,154.3208465576172,131747600,0.0,0.0
2022-05-02 00:00:00-04:00,153.40072515321864,154.8886162063275,150.03336604127583,154.62432861328125,123055300,0.0,0.0
2022-05-03 00:00:00-04:00,154.81028218380573,157.31623426694395,153.0189401124905,156.11219787597656,88966500,0.0,0.0
2022-05-04 00:00:00-04:00,156.29818841895514,162.964376768375,155.8968429541357,162.51409912109375,108256500,0.0,0.0
2022-05-05 00:00:00-04:00,160.38990141926735,160.61504020896953,151.6778383257631,153.45941162109375,130525300,0.0,0.0
2022-05-06 00:00:00-04:00,152.93986371222095,156.3023722983105,151.14587460582203,154.18487548828125,116124600,0.23,0.0
2022-05-09 00:00:00-04:00,151.8810971374127,152.7633948486293,148.50880608897836,149.0675811767578,131577900,0.0,0.0
2022-05-10 00:00:00-04:00,152.45950928453797,153.65550196924158,149.92046680625165,151.46937561035156,115366700,0.0,0.0
2022-05-11 00:00:00-04:00,150.4792343504193,152.39085681137783,142.94056542836282,143.6169891357422,142689800,0.0,0.0
2022-05-12 00:00:00-04:00,139.96040581157675,143.3228989996902,136.06853101088905,139.75453186035156,182602000,0.0,0.0
2022-05-13 00:00:00-04:00,141.74458368466105,145.18551933414366,140.29371306035543,144.21499633789062,113990900,0.0,0.0
2022-05-16 00:00:00-04:00,142.68568558350242,144.61691862288893,141.34263600841436,142.67587280273438,86643800,0.0,0.0
2022-05-17 00:00:00-04:00,145.9305738468132,146.8226694807634,143.7934664467187,146.3031005859375,78336300,0.0,0.0
2022-05-18 00:00:00-04:00,143.9601314929513,144.46008977155722,137.14688920750964,138.04879760742188,109742900,0.0,0.0
2022-05-19 00:00:00-04:00,137.12732118856076,138.87229156176298,133.9118691553446,134.64710998535156,136095600,0.0,0.0
2022-05-20 00:00:00-04:00,136.3528207232791,137.93113785871375,130.00034593006458,134.88233947753906,137426100,0.0,0.0
2022-05-23 00:00:00-04:00,135.07841705772444,140.44077384848245,134.94117272312687,140.29373168945312,117726300,0.0,0.0
2022-05-24 00:00:00-04:00,138.03898075989613,139.17615657107172,134.62746828487894,137.59783935546875,104132700,0.0,0.0
2022-05-25 00:00:00-04:00,135.7058176181396,138.99969650386015,135.61759232548434,137.75469970703125,92482700,0.0,0.0
2022-05-26 00:00:00-04:00,134.68626677474316,141.49949297179577,134.4411865880973,140.9505157470703,90601500,0.0,0.0
2022-05-27 00:00:00-04:00,142.5288570634857,146.73442720207444,142.40141055796454,146.69522094726562,90978500,0.0,0.0
2022-05-31 00:00:00-04:00,146.13644955191023,147.69515625482543,143.95032308788612,145.9109649658203,103718400,0.0,0.0
2022-06-01 00:00:00-04:00,146.95009283292427,148.75389460714223,144.7737792988703,145.7835235595703,74286600,0.0,0.0
2022-06-02 00:00:00-04:00,144.9208398093746,148.2931460840145,143.96992734384497,148.2343292236328,72348100,0.0,0.0
2022-06-03 00:00:00-04:00,144.0091506541789,145.05810131692076,141.61717995046743,142.51907348632812,88570300,0.0,0.0
2022-06-06 00:00:00-04:00,144.13658414441952,145.64628674294468,142.04849579123675,143.26409912109375,71598400,0.0,0.0
2022-06-07 00:00:00-04:00,141.50932395629872,146.06781003090646,141.26424373812605,145.7835235595703,67808200,0.0,0.0
2022-06-08 00:00:00-04:00,145.65608826850138,146.92069570984725,144.5581335933167,145.0482940673828,53950200,0.0,0.0
2022-06-09 00:00:00-04:00,144.18562036487367,145.0384948829892,139.72515664096548,139.83299255371094,69473000,0.0,0.0
2022-06-10 00:00:00-04:00,137.51938542071767,137.98993516430295,134.3627515970909,134.43138122558594,91437900,0.0,0.0
2022-06-13 00:00:00-04:00,130.25522177759234,132.53937106937602,128.85337019356888,129.2847137451172,122207100,0.0,0.0
2022-06-14 00:00:00-04:00,130.51014411570253,131.25518271689248,128.89260543359612,130.1474151611328,84784300,0.0,0.0
2022-06-15 00:00:00-04:00,131.64728162043858,134.63726323315953,129.5592083618082,132.7648468017578,91533000,0.0,0.0
2022-06-16 00:00:00-04:00,129.48077097128098,129.78466802101963,126.50058741056863,127.50051879882812,108123900,0.0,0.0
2022-06-17 00:00:00-04:00,127.5103548974603,130.4611156124141,127.25546187351353,128.9710235595703,134520300,0.0,0.0
2022-06-21 00:00:00-04:00,130.7943992837295,134.36276639582726,130.6963761788774,133.19618225097656,81000500,0.0,0.0
2022-06-22 00:00:00-04:00,132.13743964836019,135.04899374439105,131.27476747959807,132.68643188476562,73409200,0.0,0.0
2022-06-23 00:00:00-04:00,134.12750324123766,135.8626603415122,132.9609190593017,135.54896545410156,72433800,0.0,0.0
2022-06-24 00:00:00-04:00,137.1468791706762,139.117333627322,137.01944763359853,138.87225341796875,89116800,0.0,0.0
2022-06-27 00:00:00-04:00,139.89178050713437,140.66624234545563,138.19582964679236,138.87225341796875,70207900,0.0,0.0
2022-06-28 00:00:00-04:00,139.33299738336785,140.59760460905184,134.61765682035212,134.73529052734375,67083400,0.0,0.0
2022-06-29 00:00:00-04:00,134.75490940956817,137.90173093297278,133.98044756827542,136.4900665283203,66242400,0.0,0.0
2022-06-30 00:00:00-04:00,134.54901824559195,135.64697266058235,131.13750634293814,134.02944946289062,98964500,0.0,0.0
2022-07-01 00:00:00-04:00,133.36282702594735,136.3037892489926,132.99031531614665,136.19595336914062,71051600,0.0,0.0
2022-07-05 00:00:00-04:00,135.05882114715405,138.82324999611623,134.23534018265374,138.77423095703125,73353800,0.0,0.0
2022-07-06 00:00:00-04:00,138.56834136394644,141.28381901974345,138.30365057809186,140.10743713378906,74064300,0.0,0.0
2022-07-07 00:00:00-04:00,140.4701612232241,143.66601661315485,140.46036340026106,143.46995544433594,66253700,0.0,0.0
2022-07-08 00:00:00-04:00,142.40140757015126,144.64635079248632,142.1465295229667,144.14637756347656,64547800,0.0,0.0
2022-07-11 00:00:00-04:00,142.8033331399919,143.7542455393016,140.95052737444695,142.01907348632812,63141600,0.0,0.0
2022-07-12 00:00:00-04:00,142.89160118673854,145.52866739512638,142.19558156771848,142.98963928222656,77588800,0.0,0.0
2022-07-13 00:00:00-04:00,140.1760748610569,143.5679764107693,139.32318560371215,142.6268768310547,71185600,0.0,0.0
2022-07-14 00:00:00-04:00,141.244640047542,146.01879814456234,140.4309718883509,145.54824829101562,78140700,0.0,0.0
2022-07-15 00:00:00-04:00,146.83245817528143,147.8912065060331,145.2835494113212,147.21478271484375,76259900,0.0,0.0
2022-07-18 00:00:00-04:00,147.77358792071823,148.58725611818477,143.8130828380742,144.17581176757812,81420900,0.0,0.0
2022-07-19 00:00:00-04:00,145.0090674390563,148.25392726287154,144.01894870347078,148.02845764160156,82982400,0.0,0.0
2022-07-20 00:00:00-04:00,148.1460756395822,150.6949157224323,147.41083503397257,150.02828979492188,64823400,0.0,0.0
2022-07-21 00:00:00-04:00,151.45958316742,152.50853373902038,148.94996398855773,152.29286193847656,65086600,0.0,0.0
2022-07-22 00:00:00-04:00,152.3320371239143,153.20452197233897,150.39100627342597,151.0576171875,66675400,0.0,0.0
2022-07-25 00:00:00-04:00,150.97924722556508,151.9889767618816,149.28329591095286,149.9401092529297,53623900,0.0,0.0
2022-07-26 00:00:00-04:00,149.2636385384265,150.0773065915356,147.83237855759032,148.61663818359375,55138700,0.0,0.0
2022-07-27 00:00:00-04:00,149.5773707705413,154.2338952339947,149.1656377708993,153.7045135498047,78620700,0.0,0.0
2022-07-28 00:00:00-04:00,153.89078059336344,154.53779601902812,151.37136349671525,154.25350952148438,81378700,0.0,0.0
2022-07-29 00:00:00-04:00,158.0669387195233,160.409904944982,156.36117506106663,159.3119354248047,101786900,0.0,0.0
2022-08-01 00:00:00-04:00,157.84145882480365,160.3706884793457,157.72382510643268,158.3316192626953,67829400,0.0,0.0
2022-08-02 00:00:00-04:00,156.94938527079637,159.21392420256825,156.48863324172908,156.86114501953125,59907000,0.0,0.0
2022-08-03 00:00:00-04:00,157.67482654904526,163.31167231688755,157.58660124880873,162.86073303222656,82507500,0.0,0.0
2022-08-04 00:00:00-04:00,162.74302769340886,163.89981385284887,161.19411925261988,162.54696655273438,55474100,0.0,0.0
2022-08-05 00:00:00-04:00,160.22042780912037,162.81206933981917,160.01426786699392,162.32122802734375,56697000,0.23,0.0
2022-08-08 00:00:00-04:00,163.32253000929188,164.73615535552312,161.1922805564501,161.85000610351562,60276900,0.0,0.0
2022-08-09 00:00:00-04:00,161.0156004495246,162.78263230320212,160.25970057725633,161.89910888671875,63135500,0.0,0.0
2022-08-10 00:00:00-04:00,164.60851631297595,166.23811287684435,163.8428051524665,166.13995361328125,70170500,0.0,0.0
2022-08-11 00:00:00-04:00,166.94495103045548,167.85792369494868,165.10920924668594,165.40371704101562,57149200,0.0,0.0
2022-08-12 00:00:00-04:00,166.7093207555899,169.01626552422525,166.2970009450499,168.9475555419922,68039400,0.0,0.0
2022-08-15 00:00:00-04:00,168.3782005294128,170.21394216296972,168.21131628811554,170.01760864257812,54091700,0.0,0.0
2022-08-16 00:00:00-04:00,169.6150835508577,170.52805597034822,168.51560405832123,169.86050415039062,56377100,0.0,0.0
2022-08-17 00:00:00-04:00,169.60531301748716,172.92339013736907,169.4089794863745,171.3527069091797,79542000,0.0,0.0
2022-08-18 00:00:00-04:00,170.5673396933382,171.69626861182405,169.94887490568271,170.9600067138672,62290100,0.0,0.0
2022-08-19 00:00:00-04:00,169.86053968443733,170.55754092380556,168.1720444080825,168.37820434570312,70346300,0.0,0.0
2022-08-22 00:00:00-04:00,166.58171149389958,166.74859572706774,164.0784180378036,164.50054931640625,69026800,0.0,0.0
2022-08-23 00:00:00-04:00,164.0195321647684,165.6196796113523,163.5974008535258,164.16677856445312,54147100,0.0,0.0
2022-08-24 00:00:00-04:00,164.2551282502834,165.03065085876125,163.20472075222654,164.46127319335938,53841500,0.0,0.0
2022-08-25 00:00:00-04:00,165.688378388784,167.02346724627097,165.2662620854037,166.9154815673828,51218200,0.0,0.0
2022-08-26 00:00:00-04:00,167.44563181749547,167.91683533755338,160.5640262370915,160.6229248046875,78961000,0.0,0.0
2022-08-29 00:00:00-04:00,158.19813716461735,159.91608162954805,156.89251255304256,158.42393493652344,73314000,0.0,0.0
2022-08-30 00:00:00-04:00,159.1602105704912,159.58232691391927,154.83098655063566,155.9991912841797,77906200,0.0,0.0
2022-08-31 00:00:00-04:00,157.3735291899389,157.63858767600124,154.2615972644816,154.3401336669922,87991100,0.0,0.0
2022-09-01 00:00:00-04:00,153.77076113952282,155.5181549609377,151.83684522830168,155.06658935546875,74229900,0.0,0.0
2022-09-02 00:00:00-04:00,156.82379496598037,157.42262194968552,152.13135334781393,152.95596313476562,76957800,0.0,0.0
2022-09-06 00:00:00-04:00,153.60386838160778,154.21250676362826,150.8747921160952,151.69940185546875,73714800,0.0,0.0
2022-09-07 00:00:00-04:00,151.9841081371773,153.80021196934476,150.79626559392008,153.1032257080078,87449600,0.0,0.0
2022-09-08 00:00:00-04:00,151.80743302495063,153.4959286997133,149.88332807721247,151.6307373046875,84923800,0.0,0.0
2022-09-09 00:00:00-04:00,152.62220516793604,154.92916542303703,151.91539245059826,154.48739624023438,68028800,0.0,0.0
2022-09-12 00:00:00-04:00,156.66669857838036,161.25115382171967,156.3820172588061,160.4363555908203,104956000,0.0,0.0
2022-09-13 00:00:00-04:00,156.97105902298662,157.59933535695706,150.56067213786505,151.02206420898438,122656600,0.0,0.0
2022-09-14 00:00:00-04:00,151.95460885932926,154.2223077374898,150.79623084212912,152.465087890625,87965400,0.0,0.0
2022-09-15 00:00:00-04:00,151.81721471946022,152.3964188629796,148.60712326254628,149.5789794921875,90481100,0.0,0.0
2022-09-16 00:00:00-04:00,148.4402429431555,148.57767791761873,145.6522527794473,147.9395751953125,162278800,0.0,0.0
2022-09-19 00:00:00-04:00,146.57498790902477,151.72882019825508,146.36884300585444,151.65028381347656,81474200,0.0,0.0
2022-09-20 00:00:00-04:00,150.5900968013731,155.1843789131033,150.2759661753886,154.02598571777344,107689800,0.0,0.0
2022-09-21 00:00:00-04:00,154.4579373320565,155.83230196535132,150.78645397951445,150.9042510986328,101696800,0.0,0.0
2022-09-22 00:00:00-04:00,149.58880860884872,151.64052177438083,148.14573389948876,149.9422149658203,86652500,0.0,0.0
2022-09-23 00:00:00-04:00,148.42057250414538,148.69544239271363,145.83874285871622,147.6744842529297,96029900,0.0,0.0
2022-09-26 00:00:00-04:00,146.91863241520423,150.95334879982894,146.89899456754617,148.00830078125,93339400,0.0,0.0
2022-09-27 00:00:00-04:00,149.9422080635759,151.88593544780034,147.20330517830297,148.9801483154297,84442700,0.0,0.0
2022-09-28 00:00:00-04:00,144.9355777612909,147.88062473420734,142.18686425737883,147.09527587890625,146691400,0.0,0.0
2022-09-29 00:00:00-04:00,143.42384928540386,144.0324877695267,138.10311583907216,139.87014770507812,128138200,0.0,0.0
2022-09-30 00:00:00-04:00,138.69213315187477,140.4788028880648,135.47221503631138,135.66854858398438,124925300,0.0,0.0
2022-10-03 00:00:00-04:00,135.67835835777296,140.44933637961338,135.1678792129988,139.84068298339844,114311700,0.0,0.0
2022-10-04 00:00:00-04:00,142.3734205948832,143.54162523892447,141.61752082886468,143.423828125,87830100,0.0,0.0
2022-10-05 00:00:00-04:00,141.43101553965928,144.6803824609242,140.39041942925496,143.71832275390625,79471000,0.0,0.0
2022-10-06 00:00:00-04:00,143.13912691743977,144.8374334955695,142.5599378213271,142.76608276367188,68402200,0.0,0.0
2022-10-07 00:00:00-04:00,139.9290298735793,140.47878470691822,136.8956342636469,137.52391052246094,85925600,0.0,0.0
2022-10-10 00:00:00-04:00,137.84786987304688,139.29094450363405,136.03176603772727,137.84786987304688,74899000,0.0,0.0
2022-10-11 00:00:00-04:00,137.33739611427865,138.76084793369003,135.68817645989057,136.4342498779297,77033700,0.0,0.0
2022-10-12 00:00:00-04:00,136.5815375836669,137.78900327613292,135.62930403567515,135.80599975585938,70433700,0.0,0.0
2022-10-13 00:00:00-04:00,132.5173428390662,140.9598044199806,131.90868942611982,140.3708038330078,113224000,0.0,0.0
2022-10-14 00:00:00-04:00,141.66663200393148,141.8727919675868,135.65873850521228,135.8452606201172,88598000,0.0,0.0
2022-10-17 00:00:00-04:00,138.4859408048433,140.28240638195203,137.70059190346555,139.8013916015625,85250900,0.0,0.0
2022-10-18 00:00:00-04:00,142.82500010106065,144.0128276023933,138.03438444661543,141.1168670654297,99136600,0.0,0.0
2022-10-19 00:00:00-04:00,139.09460416043055,142.2948839097448,138.9080820775627,141.224853515625,61758300,0.0,0.0
2022-10-20 00:00:00-04:00,140.40025572638473,143.21768011702426,140.0370229627389,140.7634735107422,64522000,0.0,0.0
2022-10-21 00:00:00-04:00,140.25296085326963,145.14175003074126,140.0369895251427,144.57237243652344,86548600,0.0,0.0
2022-10-24 00:00:00-04:00,144.49385104011358,147.47815927955588,143.32564645655586,146.7124481201172,75981900,0.0,0.0
2022-10-25 00:00:00-04:00,147.34074408565283,149.69679141311283,146.62411995147127,149.54953002929688,74732300,0.0,0.0
2022-10-26 00:00:00-04:00,148.1947823413551,149.20591401942318,145.32825653907994,146.61427307128906,88194300,0.0,0.0
2022-10-27 00:00:00-04:00,145.35773474859954,146.3197794029668,141.48990330767347,142.1476287841797,109180200,0.0,0.0
2022-10-28 00:00:00-04:00,145.48538668963585,154.61503964551486,145.11235741482145,152.8872833251953,164762400,0.0,0.0
2022-10-31 00:00:00-04:00,150.35452378899333,151.41474288743174,149.13723186575905,150.53121948242188,97943200,0.0,0.0
2022-11-01 00:00:00-04:00,152.2393339638939,152.60255171953904,146.3983256985316,147.89047241210938,80379300,0.0,0.0
2022-11-02 00:00:00-04:00,146.22160672381153,149.38262560122348,142.34396380900958,142.3734130859375,93604600,0.0,0.0
2022-11-03 00:00:00-04:00,139.45783369878677,140.1842842462697,136.2084665510831,136.33609008789062,97918500,0.0,0.0
2022-11-04 00:00:00-04:00,139.71869406725023,140.2890164015465,132.13737261509453,136.07061767578125,140814800,0.23,0.0
2022-11-07 00:00:00-05:00,134.8217569283286,136.82770454508952,133.40578684396397,136.60154724121094,83374600,0.0,0.0
2022-11-08 00:00:00-05:00,138.06669154902085,139.06965789658196,135.19542542837,137.171875,89908500,0.0,0.0
2022-11-09 00:00:00-05:00,136.18857977969958,136.23774833279379,132.3438299914245,132.61915588378906,74917800,0.0,0.0
2022-11-10 00:00:00-05:00,138.88288280173376,144.41891479492188,137.17191586897493,144.41891479492188,118854000,0.0,0.0
2022-11-11 00:00:00-05:00,143.3864383750097,147.5064994693465,141.9606252113591,147.20167541503906,93979700,0.0,0.0
2022-11-14 00:00:00-05:00,146.48386123047396,147.77199641885335,144.96955367768106,145.8053741455078,73374100,0.0,0.0
2022-11-15 00:00:00-05:00,149.67962155098414,151.02675299903876,146.0806992107757,147.53599548339844,89868300,0.0,0.0
2022-11-16 00:00:00-05:00,146.6411761367448,147.36881668355312,144.83187247009243,146.3068389892578,64218300,0.0,0.0
2022-11-17 00:00:00-05:00,143.98623783804743,148.95196191687904,143.71091192910288,148.20465087890625,80389400,0.0,0.0
2022-11-18 00:00:00-05:00,149.76810292744864,150.15159363499748,147.4671586821555,148.76512145996094,74829600,0.0,0.0
2022-11-21 00:00:00-05:00,147.65399909356225,147.8604860232478,145.2547175972566,145.5398712158203,58724100,0.0,0.0
2022-11-22 00:00:00-05:00,145.65785433713793,147.90962978782017,144.47786920588229,147.6736297607422,51804100,0.0,0.0
2022-11-23 00:00:00-05:00,146.95582360996656,149.29610855403772,146.8476588015229,148.54879760742188,58301400,0.0,0.0
2022-11-25 00:00:00-05:00,145.8348580598712,146.3953525551104,144.66471552066162,145.63819885253906,35195900,0.0,0.0
2022-11-28 00:00:00-05:00,142.71777000634125,144.19273663104678,140.98714790150922,141.81312561035156,69246000,0.0,0.0
2022-11-29 00:00:00-05:00,141.8819517027843,142.39327767480953,138.007718580844,138.81402587890625,83763800,0.0,0.0
2022-11-30 00:00:00-05:00,139.04019702693043,146.23804217919428,138.20439151332914,145.55955505371094,111380900,0.0,0.0
2022-12-01 00:00:00-05:00,145.73654727553216,146.64119170281938,144.16324348642758,145.83486938476562,71250400,0.0,0.0
2022-12-02 00:00:00-05:00,143.52408428382984,145.53003217962117,143.21924526160134,145.34320068359375,65447400,0.0,0.0
2022-12-05 00:00:00-05:00,145.30389650239576,148.40132070138284,143.33727415278167,144.18292236328125,68826400,0.0,0.0
2022-12-06 00:00:00-05:00,144.61555599946504,144.84171332835018,139.55149534602168,140.5249786376953,64727200,0.0,0.0
2022-12-07 00:00:00-05:00,139.8169681167806,140.9772676842254,137.66351501692606,138.58782958984375,69721100,0.0,0.0
2022-12-08 00:00:00-05:00,139.98419447504244,141.12483916127653,138.745227663254,140.26934814453125,62128300,0.0,0.0
2022-12-09 00:00:00-05:00,139.9645101732408,143.14061609699272,138.5485396692002,139.7875213623047,76097000,0.0,0.0
2022-12-12 00:00:00-05:00,140.31849324023466,142.08845624970894,138.70586361029962,142.07862854003906,70462700,0.0,0.0
2022-12-13 00:00:00-05:00,147.00500937638787,147.4671667934874,141.83279839446703,143.04226684570312,93886200,0.0,0.0
2022-12-14 00:00:00-05:00,142.92427726159215,144.21241242784126,138.80420126905452,140.8199920654297,82291200,0.0,0.0
2022-12-15 00:00:00-05:00,138.75503452609877,139.43352160827794,133.7598121718234,134.2219696044922,98931900,0.0,0.0
2022-12-16 00:00:00-05:00,134.40879318099954,135.35276341025192,131.49818579850947,132.26516723632812,160156900,0.0,0.0
2022-12-19 00:00:00-05:00,132.85516655290323,132.94366095306307,129.12842399506934,130.160888671875,79592600,0.0,0.0
2022-12-20 00:00:00-05:00,129.19723960857664,131.0261987808424,127.72227301817315,130.09205627441406,77432800,0.0,0.0
2022-12-21 00:00:00-05:00,130.76070405901197,134.52678732015247,130.5345467103143,133.18948364257812,85928000,0.0,0.0
2022-12-22 00:00:00-05:00,132.10785363301125,132.31434056379908,128.12544063659777,130.02322387695312,77852100,0.0,0.0
2022-12-23 00:00:00-05:00,128.73507853958517,130.21004508793624,127.47644161865645,129.65939331054688,63814900,0.0,0.0
2022-12-27 00:00:00-05:00,129.18741554567987,129.21691367798962,126.57180445054807,127.85993957519531,69007800,0.0,0.0
2022-12-28 00:00:00-05:00,127.505939784758,128.8432433891337,123.76936236246999,123.9365234375,85438400,0.0,0.0
2022-12-29 00:00:00-05:00,125.8539861302219,128.30242867918332,125.5983306446105,127.44695281982422,75703700,0.0,0.0
2022-12-30 00:00:00-05:00,126.26697469654857,127.78126710171549,125.30332657301084,127.7615966796875,77034200,0.0,0.0
2023-01-03 00:00:00-05:00,128.10576937065363,128.7154174535332,122.09773792777466,122.98271942138672,112117500,0.0,0.0
2023-01-04 00:00:00-05:00,124.77234386397704,126.51280869797894,122.99255318811515,124.25119018554688,89113600,0.0,0.0
2023-01-05 00:00:00-05:00,125.0083504698081,125.6376690392261,122.67790772126833,122.93356323242188,80962700,0.0,0.0
2023-01-06 00:00:00-05:00,123.90704815865084,128.11561145155684,122.80573689838651,127.45679473876953,87754700,0.0,0.0
2023-01-09 00:00:00-05:00,128.29261784653937,131.18355527394988,127.72229553056178,127.97795104980469,70790800,0.0,0.0
2023-01-10 00:00:00-05:00,128.08609090104719,129.06940194282927,125.98180587179891,128.54824829101562,63896200,0.0,0.0
2023-01-11 00:00:00-05:00,129.0595847172529,131.28186245070447,128.28277553296553,131.26220703125,69458900,0.0,0.0
2023-01-12 00:00:00-05:00,131.6456901154858,132.0193381171801,129.24640871746402,131.18353271484375,71379600,0.0,0.0
2023-01-13 00:00:00-05:00,129.82655147153693,132.6683196907436,129.46273119909978,132.510986328125,57809700,0.0,0.0
2023-01-17 00:00:00-05:00,132.5798193932039,134.99875596810472,131.8915047175872,133.67129516601562,63646600,0.0,0.0
2023-01-18 00:00:00-05:00,134.53662257229425,136.29674271738915,132.7764874230637,132.9534912109375,69672800,0.0,0.0
2023-01-19 00:00:00-05:00,131.84232408727254,133.97610688822573,131.53750011629828,133.01246643066406,58280400,0.0,0.0
2023-01-20 00:00:00-05:00,133.02231973826562,135.71659745917918,131.98001240951498,135.569091796875,80223600,0.0,0.0
2023-01-23 00:00:00-05:00,135.81491475833332,140.92814412125819,135.59858513124948,138.75502014160156,81760300,0.0,0.0
2023-01-24 00:00:00-05:00,137.9683697007518,140.77081216801105,137.95854199183503,140.1513214111328,66435100,0.0,0.0
2023-01-25 00:00:00-05:00,138.53874046691914,140.0530333983735,136.49345098511384,139.4925537109375,65799300,0.0,0.0
2023-01-26 00:00:00-05:00,140.78065564701856,141.8426334902846,139.53184628445516,141.55747985839844,54105100,0.0,0.0
2023-01-27 00:00:00-05:00,140.77080718806803,144.77287517943125,140.69214050710963,143.49456787109375,70555800,0.0,0.0
2023-01-30 00:00:00-05:00,142.54079133466578,143.12094131391822,140.46600420175812,140.61349487304688,64015300,0.0,0.0
2023-01-31 00:00:00-05:00,140.31849689379183,141.93112656571586,139.90550801485074,141.8819580078125,65874500,0.0,0.0
2023-02-01 00:00:00-05:00,141.56730384751015,144.16324461699494,138.961535368266,143.0029296875,77663600,0.0,0.0
2023-02-02 00:00:00-05:00,146.41500811186492,148.65695608667727,145.69719525256042,148.302978515625,118339000,0.0,0.0
2023-02-03 00:00:00-05:00,145.55954560277002,154.75351068440185,145.36288637728777,151.92156982421875,154357300,0.0,0.0
2023-02-06 00:00:00-05:00,150.02379246889225,150.5449461888697,148.2636570715711,149.1977996826172,69858300,0.0,0.0
2023-02-07 00:00:00-05:00,148.12600388600742,152.63939885505883,148.12600388600742,152.06907653808594,83322600,0.0,0.0
2023-02-08 00:00:00-05:00,151.31189384284664,152.00020850727236,148.64711456554969,149.3845977783203,64120100,0.0,0.0
2023-02-09 00:00:00-05:00,151.21359681759392,151.75442098443708,147.90967054867934,148.35215759277344,56007100,0.0,0.0
2023-02-10 00:00:00-05:00,147.19007494553122,149.04151212756338,146.95371454850684,148.71652221679688,57450700,0.23,0.0
2023-02-13 00:00:00-05:00,148.65743217523777,151.91715888947925,148.62788900472555,151.51339721679688,62199000,0.0,0.0
2023-02-14 00:00:00-05:00,149.80964612462722,151.4345954776921,148.56878800441328,150.8732452392578,61707600,0.0,0.0
2023-02-15 00:00:00-05:00,150.78463194852628,153.13833305811258,150.5581292969133,152.97091674804688,65573800,0.0,0.0
2023-02-16 00:00:00-05:00,151.17852906062296,153.95570692832584,151.02097051495025,151.37550354003906,68167900,0.0,0.0
2023-02-17 00:00:00-05:00,150.03617955770974,150.67630162569367,148.55896091432058,150.23313903808594,59144100,0.0,0.0
2023-02-21 00:00:00-05:00,147.9188390818426,149.00213887625634,146.15603126407484,146.22496032714844,58867200,0.0,0.0
2023-02-22 00:00:00-05:00,146.60902132895072,147.67262055430007,144.9250004924314,146.64842224121094,51011300,0.0,0.0
2023-02-23 00:00:00-05:00,147.81048914517564,148.05669224456878,145.00378282832062,147.13096618652344,48394200,0.0,0.0
2023-02-24 00:00:00-05:00,144.87576101262292,144.9545478123535,143.50687229977612,144.48184204101562,55469600,0.0,0.0
2023-02-27 00:00:00-05:00,145.46661399464756,146.90443136502208,145.21055321005713,145.6734161376953,44998500,0.0,0.0
2023-02-28 00:00:00-05:00,144.81668575965537,146.81585399639758,144.60002580056587,145.1712188720703,50547000,0.0,0.0
2023-03-01 00:00:00-05:00,144.59999202590106,144.99391093566584,142.80762642427203,143.1030731201172,55479000,0.0,0.0
2023-03-02 00:00:00-05:00,142.18725337015044,144.48186861811354,141.71453248481114,143.6940155029297,52238100,0.0,0.0
2023-03-03 00:00:00-05:00,145.79162671403117,148.81500811176437,145.09241829817535,148.73622131347656,70732300,0.0,0.0
2023-03-06 00:00:00-05:00,151.4543124625378,153.926201531547,151.1293375512549,151.49371337890625,87558000,0.0,0.0
2023-03-07 00:00:00-05:00,151.3656431408717,151.69063299374776,148.83468341689917,149.29754638671875,56182000,0.0,0.0
2023-03-08 00:00:00-05:00,150.48919246419973,151.13917230662574,149.52408044265695,150.54827880859375,47204800,0.0,0.0
2023-03-09 00:00:00-05:00,151.2277963802791,152.1929083670859,147.9483691410299,148.3029022216797,53833600,0.0,0.0
2023-03-10 00:00:00-05:00,147.92868001277867,148.64758887079853,145.36816171354923,146.24464416503906,68572400,0.0,0.0
2023-03-13 00:00:00-04:00,145.56511831219402,150.81417020284252,145.4567883472071,148.18472290039062,84457100,0.0,0.0
2023-03-14 00:00:00-04:00,148.98242012042218,151.07021762009597,147.82034869008896,150.27252197265625,73695900,0.0,0.0
2023-03-15 00:00:00-04:00,148.89377768233683,150.92248866561948,147.64306182318006,150.66644287109375,77167900,0.0,0.0
2023-03-16 00:00:00-04:00,149.84905684492745,154.08375312665916,149.33695019463687,153.48301696777344,76161100,0.0,0.0
2023-03-17 00:00:00-04:00,153.70951897971963,154.35949876084172,151.93685367986137,152.6459197998047,98944600,0.0,0.0
2023-03-20 00:00:00-04:00,152.71487589238697,155.42311016638172,151.80883520237765,155.0094757080078,73641400,0.0,0.0
2023-03-21 00:00:00-04:00,154.93069227015488,156.9790888157361,154.1625247817563,156.8609161376953,73938300,0.0,0.0
2023-03-22 00:00:00-04:00,156.88061300312046,159.6774765177441,155.41323716716616,155.4329376220703,75701800,0.0,0.0
2023-03-23 00:00:00-04:00,156.41774787367245,159.09643867673987,155.28520465118157,156.51622009277344,67622100,0.0,0.0
2023-03-24 00:00:00-04:00,156.44725856478885,157.90477633749114,155.4526037042016,157.81614685058594,59196500,0.0,0.0
2023-03-27 00:00:00-04:00,157.5109061704178,158.32830230982592,155.47233717929535,155.87611389160156,52390300,0.0,0.0
2023-03-28 00:00:00-04:00,155.57083875533723,156.08294548571627,153.61105638332387,155.2556915283203,45992200,0.0,0.0
2023-03-29 00:00:00-04:00,156.94953135245441,158.60402382956926,156.92984592593675,158.32827758789062,51305700,0.0,0.0
2023-03-30 00:00:00-04:00,159.07672328299577,160.00244921246374,158.8206775049261,159.8941192626953,49501700,0.0,0.0
2023-03-31 00:00:00-04:00,159.9729235769942,162.4940408365555,159.45097422374334,162.3955535888672,68749800,0.0,0.0
2023-04-03 00:00:00-04:00,161.7751634166065,163.76447396805997,161.7259197832038,163.64630126953125,56976200,0.0,0.0
2023-04-04 00:00:00-04:00,164.0697406002056,164.3060859426903,162.6023648150906,163.11447143554688,46278300,0.0,0.0
2023-04-05 00:00:00-04:00,162.23798454444034,162.54327395468036,159.3426339632527,161.27285766601562,51511700,0.0,0.0
2023-04-06 00:00:00-04:00,159.96308282888376,162.45467221127325,159.53962067833683,162.1592254638672,45390100,0.0,0.0
2023-04-10 00:00:00-04:00,158.96843186504725,159.5691680908203,157.6487867222166,159.5691680908203,47716900,0.0,0.0
2023-04-11 00:00:00-04:00,159.88429605818737,159.8941387722609,158.0722298566841,158.3578338623047,47644200,0.0,0.0
2023-04-12 00:00:00-04:00,158.77148810772155,159.5987270827998,157.35335556356011,157.6685028076172,50133100,0.0,0.0
2023-04-13 00:00:00-04:00,159.17521196081944,163.28187732223762,158.96839477228292,163.04551696777344,68445600,0.0,0.0
2023-04-14 00:00:00-04:00,162.09025757823102,163.79399372639534,161.33196290458474,162.7008514404297,49386500,0.0,0.0
2023-04-17 00:00:00-04:00,162.58270789230806,162.87815467656333,161.53880894471416,162.7205810546875,41516200,0.0,0.0
2023-04-18 00:00:00-04:00,163.5773508935462,164.8674527745674,163.13417327770642,163.9417266845703,49923000,0.0,0.0
2023-04-19 00:00:00-04:00,163.28189796071484,165.60605581206516,163.0258371209191,165.0841064453125,47720200,0.0,0.0
2023-04-20 00:00:00-04:00,163.56751067945328,165.3204757933169,163.04556123695718,164.11900329589844,52456400,0.0,0.0
2023-04-21 00:00:00-04:00,162.54330660065614,163.92203809382642,161.99181400338804,162.51376342773438,58337300,0.0,0.0
2023-04-24 00:00:00-04:00,162.49407133338445,163.08496487632468,161.400928797878,162.81906127929688,41949600,0.0,0.0
2023-04-25 00:00:00-04:00,162.6811465088041,163.7841314779638,161.24331393654106,161.28271484375,48714100,0.0,0.0
2023-04-26 00:00:00-04:00,160.58349205788602,162.76977657727082,160.32744626830737,161.27285766601562,45498800,0.0,0.0
2023-04-27 00:00:00-04:00,162.6811671878293,165.9999802574992,162.6811671878293,165.85226440429688,64902300,0.0,0.0
2023-04-28 00:00:00-04:00,165.9310218332577,167.27036709773776,165.33028575815172,167.10293579101562,55275900,0.0,0.0
2023-05-01 00:00:00-04:00,166.70905380019818,167.86128258741087,166.07877442017465,167.01434326171875,52472900,0.0,0.0
2023-05-02 00:00:00-04:00,167.50673256610264,167.76279339985444,164.99545801480568,165.9802703857422,48425700,0.0,0.0
2023-05-03 00:00:00-04:00,166.925713661642,168.32414556576836,164.6212560883793,164.90684509277344,65136000,0.0,0.0
2023-05-04 00:00:00-04:00,162.3857237588548,164.50306450874902,161.81453073644045,163.2720489501953,81235400,0.0,0.0
2023-05-05 00:00:00-04:00,168.3832383689214,171.65282310766082,168.1665784150509,170.9339141845703,113453200,0.0,0.0
2023-05-08 00:00:00-04:00,169.86046198141287,171.20966537396347,169.49608615179136,170.86497497558594,55962800,0.0,0.0
2023-05-09 00:00:00-04:00,170.42178299192224,170.90433143409618,168.99380806621033,169.16122436523438,45326900,0.0,0.0
2023-05-10 00:00:00-04:00,170.3922648627901,171.38692008917508,169.28926463206565,170.92405700683594,53724500,0.0,0.0
2023-05-11 00:00:00-04:00,171.20964753246403,171.93839911576495,169.5551548305296,171.1111602783203,49514700,0.0,0.0
2023-05-12 00:00:00-04:00,171.21962961924467,171.653548851867,168.6358569767775,170.1841583251953,45533100,0.24,0.0
2023-05-15 00:00:00-04:00,170.7659972586019,170.81530899814229,169.09935977781652,169.69107055664062,37266700,0.0,0.0
2023-05-16 00:00:00-04:00,169.61217478294208,170.74626955321972,169.42479920138675,169.69107055664062,42110300,0.0,0.0
2023-05-17 00:00:00-04:00,169.3360585337975,170.53917778241149,168.06388478776768,170.30250549316406,57951600,0.0,0.0
2023-05-18 00:00:00-04:00,170.60823676479856,172.8172736869499,170.19404516336385,172.62989807128906,65496700,0.0,0.0
2023-05-19 00:00:00-04:00,173.951317433895,173.951317433895,172.52136743505932,172.7383270263672,55809500,0.0,0.0
2023-05-22 00:00:00-04:00,171.57463586444004,172.2945540862593,171.05196458153654,171.79159545898438,43570900,0.0,0.0
2023-05-23 00:00:00-04:00,170.7364116817252,170.9829553293692,168.9119826700276,169.1881103515625,50747300,0.0,0.0
2023-05-24 00:00:00-04:00,168.724632860117,170.03624707165045,168.16252108250686,169.46426391601562,45143500,0.0,0.0
2023-05-25 00:00:00-04:00,170.02635984381527,171.4957503105663,169.3163129553576,170.5983428955078,56058300,0.0,0.0
2023-05-26 00:00:00-04:00,170.92379413047703,173.33991896491864,170.71669083708804,173.00460815429688,54835000,0.0,0.0
2023-05-30 00:00:00-04:00,174.51345913931758,176.51539231960112,174.12885165758402,174.8487548828125,55964400,0.0,0.0
2023-05-31 00:00:00-04:00,174.87831898039528,176.8703956050701,174.31619231465004,174.79942321777344,99625300,0.0,0.0
2023-06-01 00:00:00-04:00,175.24321733975688,177.62975798334406,174.4838587106697,177.6001739501953,68901800,0.0,0.0
2023-06-02 00:00:00-04:00,178.52719900186148,179.26683000310032,176.7816656255451,178.44830322265625,61996900,0.0,0.0
2023-06-05 00:00:00-04:00,180.10507993454968,182.3929972823034,175.57852688511534,177.0972442626953,121946500,0.0,0.0
2023-06-06 00:00:00-04:00,177.4818481362361,177.62976831057978,174.97695616659206,176.73236083984375,64848400,0.0,0.0
2023-06-07 00:00:00-04:00,175.9730110061888,178.70471906299082,174.86850018805862,175.36158752441406,61944600,0.0,0.0
2023-06-08 00:00:00-04:00,175.44046308150416,178.33981894141047,175.0065588784877,178.0735626220703,50214900,0.0,0.0
2023-06-09 00:00:00-04:00,178.99068805786467,179.71059129506313,178.13272098000036,178.45816040039062,48900000,0.0,0.0
2023-06-12 00:00:00-04:00,178.76385922591572,181.34763164971682,178.46800386072707,181.24900817871094,54274900,0.0,0.0
2023-06-13 00:00:00-04:00,180.2727216495119,181.60404834381112,179.91769818813273,180.77566528320312,54929100,0.0,0.0
2023-06-14 00:00:00-04:00,180.83483150172444,181.84073380664427,179.50350482104812,181.4068145751953,57462900,0.0,0.0
2023-06-15 00:00:00-04:00,181.41667817053525,183.94128262941163,181.23915892536104,183.43832397460938,65433200,0.0,0.0
2023-06-16 00:00:00-04:00,184.14839232814637,184.4048073735327,181.7224110612984,182.36341857910156,101256200,0.0,0.0
2023-06-20 00:00:00-04:00,181.86046794433722,183.52710548415504,181.86046794433722,182.45216369628906,49799100,0.0,0.0
2023-06-21 00:00:00-04:00,182.34369383727915,182.84665255889604,180.06563271508736,181.4167022705078,49515700,0.0,0.0
2023-06-22 00:00:00-04:00,181.19973368511316,184.46396933431626,181.13069423738702,184.41465759277344,51245300,0.0,0.0
2023-06-23 00:00:00-04:00,182.98470820219737,184.96691381940127,182.45216546765664,184.0990753173828,53117000,0.0,0.0
2023-06-26 00:00:00-04:00,184.2470177435845,185.45015206010262,182.66913223239737,182.70858764648438,48088700,0.0,0.0
2023-06-27 00:00:00-04:00,183.32000947784528,185.78544616190248,183.10304984582174,185.4600067138672,50730800,0.0,0.0
2023-06-28 00:00:00-04:00,185.33178721386028,187.27455239917202,185.00636283468697,186.633544921875,51216800,0.0,0.0
2023-06-29 00:00:00-04:00,186.46591313429835,187.44223149955704,186.3278492789131,186.96885681152344,46347300,0.0,0.0
2023-06-30 00:00:00-04:00,188.98063939826477,191.79122791985353,188.6157445714927,191.2882843017578,85213200,0.0,0.0
2023-07-03 00:00:00-04:00,191.10092178559267,191.19954526937022,189.10884478636748,189.79917907714844,31458200,0.0,0.0
2023-07-05 00:00:00-04:00,188.92148652956726,190.31198136153697,187.98460856583768,188.68479919433594,46920300,0.0,0.0
2023-07-06 00:00:00-04:00,187.21539208287066,189.36526064633148,186.5842409083175,189.1581573486328,45094300,0.0,0.0
2023-07-07 00:00:00-04:00,188.7636804868427,190.0062550438309,187.60985803081866,188.04376220703125,46815000,0.0,0.0
2023-07-10 00:00:00-04:00,186.6433878022031,187.36330604998784,184.45407912216882,186.00238037109375,59922200,0.0,0.0
2023-07-11 00:00:00-04:00,186.5447760995126,186.68283993061024,184.02017173211044,185.47970581054688,46638100,0.0,0.0
2023-07-12 00:00:00-04:00,187.05762565542406,189.04970293089204,185.8643625945321,187.14639282226562,60750200,0.0,0.0
2023-07-13 00:00:00-04:00,187.86624506525828,188.5467078881079,187.15619821079162,187.9056854248047,41342300,0.0,0.0
2023-07-14 00:00:00-04:00,187.59998771190843,188.53685056119244,187.00829198764853,188.0536346435547,41616200,0.0,0.0
2023-07-17 00:00:00-04:00,189.24689758888442,191.63345333608896,189.15814548736353,191.30801391601562,50520200,0.0,0.0
2023-07-18 00:00:00-04:00,190.67683864321535,191.64328540459255,189.75968856677812,191.05157470703125,48288200,0.0,0.0
2023-07-19 00:00:00-04:00,190.4303301514657,195.48939585264796,189.9865395225249,192.40267944335938,80507300,0.0,0.0
2023-07-20 00:00:00-04:00,192.39277822300156,193.7537038386121,189.83858989767532,190.4598846435547,59581200,0.0,0.0
2023-07-21 00:00:00-04:00,191.41650251566858,192.2744696321092,188.5861710830146,189.28636169433594,71951700,0.0,0.0
2023-07-24 00:00:00-04:00,190.73603816687742,192.21530010696893,189.59207198839397,190.0851593017578,45377800,0.0,0.0
2023-07-25 00:00:00-04:00,190.65713123041024,191.75178560391285,190.2527960456413,190.943115234375,37283200,0.0,0.0
2023-07-26 00:00:00-04:00,190.99243214213982,192.9351972994816,190.64728006234532,191.8109588623047,47471900,0.0,0.0
2023-07-27 00:00:00-04:00,193.3099676892758,194.4736466049838,189.88794029801272,190.54867553710938,47460200,0.0,0.0
2023-07-28 00:00:00-04:00,191.9785925358936,193.91150122150714,191.45592124266818,193.12255859375,48291400,0.0,0.0
2023-07-31 00:00:00-04:00,193.3493708168966,193.7734336784224,192.560428204252,193.73397827148438,38824100,0.0,0.0
2023-08-01 00:00:00-04:00,193.52690392813534,194.0101198390568,192.58016971551623,192.90560913085938,35175100,0.0,0.0
2023-08-02 00:00:00-04:00,192.34347668203839,192.48154051645844,189.19759252290805,189.91749572753906,50389300,0.0,0.0
2023-08-03 00:00:00-04:00,188.92147165885288,189.7103992851957,188.05363321247987,188.52699279785156,61235200,0.0,0.0
2023-08-04 00:00:00-04:00,182.95510234495143,184.78938756590674,179.4048680308995,179.47390747070312,115956800,0.0,0.0
2023-08-07 00:00:00-04:00,179.61193948806678,180.59811383975384,174.89802729082882,176.37728881835938,97576100,0.0,0.0
2023-08-08 00:00:00-04:00,177.20569866966517,177.77768168655697,175.1248698685598,177.31417846679688,67823000,0.0,0.0
2023-08-09 00:00:00-04:00,178.3693964131728,178.42856448196,174.56276182695083,175.72645568847656,60378500,0.0,0.0
2023-08-10 00:00:00-04:00,176.99860916334498,178.25105509162734,175.14461118800062,175.50949096679688,54686900,0.0,0.0
2023-08-11 00:00:00-04:00,175.10462674008653,176.3883728930982,174.34424265962002,175.56874084472656,52036700,0.24,0.0
2023-08-14 00:00:00-04:00,175.746520759633,177.44503302668653,175.0947628987085,177.21791076660156,43675600,0.0,0.0
2023-08-15 00:00:00-04:00,176.64511288490613,177.2376075606865,174.83797474088598,175.23297119140625,43622600,0.0,0.0
2023-08-16 00:00:00-04:00,174.91699954220002,176.30937200366554,174.29486573787133,174.36399841308594,46964900,0.0,0.0
2023-08-17 00:00:00-04:00,174.9268647491592,175.29223725703497,171.31258808782235,171.8260955810547,66062900,0.0,0.0
2023-08-18 00:00:00-04:00,170.14732599213767,172.9123464424467,169.81157749118245,172.30996704101562,61172200,0.0,0.0
2023-08-21 00:00:00-04:00,172.88274314562352,173.92949746098708,171.56935789788312,173.6431121826172,46311900,0.0,0.0
2023-08-22 00:00:00-04:00,174.8478727981476,175.46012191641384,174.04799506153495,175.0157470703125,42038900,0.0,0.0
2023-08-23 00:00:00-04:00,176.28963972003098,179.2817827873095,176.10201110060572,178.85714721679688,52722800,0.0,0.0
2023-08-24 00:00:00-04:00,178.41274073112407,178.83737622633825,173.810958290209,174.1763458251953,54945800,0.0,0.0
2023-08-25 00:00:00-04:00,175.16388093182096,176.91175631972774,173.62337343895007,176.37850952148438,51449600,0.0,0.0
2023-08-28 00:00:00-04:00,177.8400250704037,178.33377827348758,176.31927183489213,177.93878173828125,43820700,0.0,0.0
2023-08-29 00:00:00-04:00,177.45491008950265,182.589940732724,177.25741180863895,181.81968688964844,53003900,0.0,0.0
2023-08-30 00:00:00-04:00,182.62942352828824,185.50307057198083,182.43192527543482,185.30555725097656,60813900,0.0,0.0
2023-08-31 00:00:00-04:00,185.49320316115478,186.75721017905872,185.13770024560978,185.5228271484375,60794500,0.0,0.0
2023-09-01 00:00:00-04:00,187.12258052751662,187.54720101813678,185.92769123419916,187.09295654296875,45766500,0.0,0.0
2023-09-05 00:00:00-04:00,185.92771395695013,187.60647191514923,185.26608644093676,187.32997131347656,45280000,0.0,0.0
2023-09-06 00:00:00-04:00,186.04618648324464,186.4905763861184,179.20277485131902,180.62478637695312,81755800,0.0,0.0
2023-09-07 00:00:00-04:00,172.99135904079122,175.98351721110967,171.3718491931888,175.3416290283203,112488800,0.0,0.0
2023-09-08 00:00:00-04:00,176.12173147198052,177.98811753082185,175.56871535945672,175.95384216308594,65551300,0.0,0.0
2023-09-11 00:00:00-04:00,177.82027676778657,178.0473990105972,175.12437356668377,177.119140625,58953100,0.0,0.0
2023-09-12 00:00:00-04:00,177.24751388848827,177.87951732730735,172.6358612060169,174.0973663330078,90370200,0.0,0.0
2023-09-13 00:00:00-04:00,174.30473020059844,175.08486860955094,171.8063404869434,172.03347778320312,84267900,0.0,0.0
2023-09-14 00:00:00-04:00,171.82609096561458,173.89986015970092,171.4113401404273,173.5443572998047,60895800,0.0,0.0
2023-09-15 00:00:00-04:00,174.27512191376346,174.29487626046748,171.64836639188815,172.823486328125,109259500,0.0,0.0
2023-09-18 00:00:00-04:00,174.2751007250675,177.13887792290447,173.9689761950564,175.74649047851562,67257600,0.0,0.0
2023-09-19 00:00:00-04:00,175.3021409914078,177.38578010579235,174.91701409671836,176.83277893066406,51826900,0.0,0.0
2023-09-20 00:00:00-04:00,177.02035765272817,177.45486279571944,173.20858308214417,173.29747009277344,58436200,0.0,0.0
2023-09-21 00:00:00-04:00,172.36923745366522,174.09737357666756,171.68785565712008,171.75697326660156,63149100,0.0,0.0
2023-09-22 00:00:00-04:00,172.48772049861157,174.86761425499944,171.87547142547365,172.60621643066406,56725400,0.0,0.0
2023-09-25 00:00:00-04:00,172.02361011818323,174.7590070374673,171.97423178505466,173.880126953125,46172700,0.0,0.0
2023-09-26 00:00:00-04:00,172.63586851438868,173.01111068359924,169.51534481079926,169.8115997314453,64588900,0.0,0.0
2023-09-27 00:00:00-04:00,170.46333088230946,170.87808171574733,166.93794126401278,168.30068969726562,66921800,0.0,0.0
2023-09-28 00:00:00-04:00,167.22430983558627,169.88070413963854,165.52579782856736,168.5574493408203,56294400,0.0,0.0
2023-09-29 00:00:00-04:00,169.8708616906263,170.9077464641982,168.21184303928078,169.07098388671875,51861100,0.0,0.0
2023-10-02 00:00:00-04:00,169.08084887750982,172.12237043121976,168.79446358018748,171.57923889160156,52164500,0.0,0.0
2023-10-03 00:00:00-04:00,170.1078434596355,171.46073744550782,168.6858469308082,170.24609375,49594600,0.0,0.0
2023-10-04 00:00:00-04:00,168.95242782585208,172.03345733749015,168.83393190668662,171.49032592773438,53020300,0.0,0.0
2023-10-05 00:00:00-04:00,171.6187292983148,173.25799352598938,170.52259660006877,172.72474670410156,48527900,0.0,0.0
2023-10-06 00:00:00-04:00,171.6285909459562,175.76624458491796,171.016326818613,175.27249145507812,57266700,0.0,0.0
2023-10-09 00:00:00-04:00,174.60098214625398,176.81300162773064,173.60360623261292,176.75375366210938,42390800,0.0,0.0
2023-10-10 00:00:00-04:00,175.87486944103904,177.4746247468579,175.72673446240606,176.16123962402344,43698000,0.0,0.0
2023-10-11 00:00:00-04:00,175.9736034231689,177.60299770884345,175.38110873868183,177.55361938476562,47551100,0.0,0.0
2023-10-12 00:00:00-04:00,177.82029748660239,180.061926326966,176.80315195865202,178.45230102539062,56743100,0.0,0.0
2023-10-13 00:00:00-04:00,179.15336145063878,179.65698415565024,175.91434252882283,176.615478515625,51427100,0.0,0.0
2023-10-16 00:00:00-04:00,174.54176320804768,176.8426550206093,174.3047562379969,176.48715209960938,52517000,0.0,0.0
2023-10-17 00:00:00-04:00,174.44298390478113,176.19087429527403,172.61610626933813,174.93673706054688,57549400,0.0,0.0
2023-10-18 00:00:00-04:00,173.3863659573123,175.36137864838344,172.9222367694585,173.6431121826172,54764400,0.0,0.0
2023-10-19 00:00:00-04:00,173.84059314667203,175.61810740546204,173.00122187734726,173.26785278320312,59302900,0.0,0.0
2023-10-20 00:00:00-04:00,173.11974130623128,173.2283676109075,170.48310107616433,170.72010803222656,64244000,0.0,0.0
2023-10-23 00:00:00-04:00,168.77472302133776,171.8359838309846,167.80695589693704,170.83860778808594,55980100,0.0,0.0
2023-10-24 00:00:00-04:00,170.88797493724758,171.50022404547477,169.30795876796012,171.27310180664062,43816600,0.0,0.0
2023-10-25 00:00:00-04:00,169.73259505065448,170.89784530264086,168.51795139973865,168.96234130859375,57157000,0.0,0.0
2023-10-26 00:00:00-04:00,168.24146504420852,169.23885617849143,163.6001878537521,164.80494689941406,70625300,0.0,0.0
2023-10-27 00:00:00-04:00,164.82467062426355,166.8490614359056,164.745668316651,166.11830139160156,58499100,0.0,0.0
2023-10-30 00:00:00-04:00,166.90832288755587,169.03145545417337,166.7601878982554,168.16244506835938,51131000,0.0,0.0
2023-10-31 00:00:00-04:00,167.23421730907862,168.76484019690602,165.80232095364974,168.636474609375,44846000,0.0,0.0
2023-11-01 00:00:00-04:00,168.86356825336904,172.0532092124064,167.99455793411695,171.7964630126953,56934900,0.0,0.0
2023-11-02 00:00:00-04:00,173.32711052996643,175.5588693503195,173.26786256268767,175.35150146484375,77334800,0.0,0.0
2023-11-03 00:00:00-04:00,172.06308417750907,174.61085195895754,171.18420427007575,174.44296264648438,79829200,0.0,0.0
2023-11-06 00:00:00-05:00,174.1763842242903,177.1882666996337,174.0085099439187,176.9907684326172,63841300,0.0,0.0
2023-11-07 00:00:00-05:00,176.94135477067297,180.1606346460721,176.73398690556192,179.5483856201172,70530000,0.0,0.0
2023-11-08 00:00:00-05:00,180.07177947416378,181.15802736111343,179.32126504404005,180.6050262451172,49340300,0.0,0.0
2023-11-09 00:00:00-05:00,180.67415869856794,181.81965455110011,179.53851741631973,180.1310272216797,53763500,0.0,0.0
2023-11-10 00:00:00-05:00,181.910910546582,184.48181599083316,181.47583284789292,184.31370544433594,66133400,0.24,0.0
2023-11-13 00:00:00-05:00,183.74018560328048,183.94782669363863,182.1482051958573,182.73159790039062,43627500,0.0,0.0
2023-11-14 00:00:00-05:00,185.59912547957174,186.00454008995078,184.21480130754796,185.342041015625,60108400,0.0,0.0
2023-11-15 00:00:00-05:00,185.74744196041772,187.3789678351275,185.67821821290843,185.9056396484375,53790500,0.0,0.0
2023-11-16 00:00:00-05:00,187.44820698590362,188.82264852852316,186.5384909930313,187.58663940429688,54412900,0.0,0.0
2023-11-17 00:00:00-05:00,188.12059370194675,188.24914348244,186.4594046371221,187.56686401367188,50922700,0.0,0.0
2023-11-20 00:00:00-05:00,187.76462241033667,189.7620174322178,187.75473976876387,189.30715942382812,46505100,0.0,0.0
2023-11-21 00:00:00-05:00,189.26759612132614,189.37636552049437,187.61628985249988,188.50621032714844,38134500,0.0,0.0
2023-11-22 00:00:00-05:00,189.3467095850447,190.77057938008178,188.6940931656517,189.16871643066406,39617700,0.0,0.0
2023-11-24 00:00:00-05:00,188.73363999587542,188.76330300712377,187.13177703645835,187.84371948242188,24048300,0.0,0.0
2023-11-27 00:00:00-05:00,187.79427548166112,188.53588093642713,186.78568783853885,187.6657257080078,40552600,0.0,0.0
2023-11-28 00:00:00-05:00,187.6558347269926,188.9412871423915,187.28008315178343,188.26889038085938,38415400,0.0,0.0
2023-11-29 00:00:00-05:00,188.7633011569372,189.9399842182602,186.85491037465812,187.25042724609375,43014200,0.0,0.0
2023-11-30 00:00:00-05:00,187.71517468500207,188.18981305356235,186.08364867108205,187.82394409179688,48794400,0.0,0.0
2023-12-01 00:00:00-05:00,188.19966916513812,189.4158977511225,187.11197525051801,189.0994873046875,45704800,0.0,0.0
2023-12-04 00:00:00-05:00,187.85358512953687,187.92280887485518,185.35190415389414,187.3097381591797,43389500,0.0,0.0
2023-12-05 00:00:00-05:00,188.08104861869373,192.22413865175915,188.05137051787239,191.25511169433594,66628400,0.0,0.0
2023-12-06 00:00:00-05:00,192.27356863697858,192.58009647341478,189.95976327032974,190.16741943359375,41089700,0.0,0.0
2023-12-07 00:00:00-05:00,191.4627754603769,192.817436726138,191.42321471638212,192.09561157226562,47477700,0.0,0.0
2023-12-08 00:00:00-05:00,192.02637677770835,193.79635031367135,191.50231010992096,193.5194854736328,53406400,0.0,0.0
2023-12-11 00:00:00-05:00,190.948598334338,191.32434997590968,189.27751140798418,191.01780700683594,60943700,0.0,0.0
2023-12-12 00:00:00-05:00,190.9189094878757,192.54055280703432,189.57413099725628,192.53067016601562,52696900,0.0,0.0
2023-12-13 00:00:00-05:00,192.90639105920806,195.78382360297798,192.6690869899489,195.74427795410156,70404200,0.0,0.0
2023-12-14 00:00:00-05:00,195.80360435764135,197.38568681182426,193.96442237725344,195.89259338378906,66831600,0.0,0.0
2023-12-15 00:00:00-05:00,195.3190970971854,196.17935458626624,194.79503045579114,195.35865783691406,128538400,0.0,0.0
2023-12-18 00:00:00-05:00,193.89523770867535,194.42920214917604,192.21426816132805,193.69747924804688,55751900,0.0,0.0
2023-12-19 00:00:00-05:00,193.96444926391277,194.7456004150459,193.69746706046115,194.7357177734375,40714100,0.0,0.0
2023-12-20 00:00:00-05:00,194.69617655774934,195.46744514462725,192.64935302734375,192.64935302734375,52242800,0.0,0.0
2023-12-21 00:00:00-05:00,193.90511142023345,194.87413831888384,191.33420648650613,192.50099182128906,46482500,0.0,0.0
2023-12-22 00:00:00-05:00,192.9954077755279,193.2228443252002,190.81015202156473,191.43310546875,37149600,0.0,0.0
2023-12-26 00:00:00-05:00,191.44298138124012,191.719846217368,190.6717128965979,190.88925170898438,28919300,0.0,0.0
2023-12-27 00:00:00-05:00,190.33552729492325,191.33421726083122,188.95118798803827,190.98812866210938,48087700,0.0,0.0
2023-12-28 00:00:00-05:00,191.96704448132198,192.48122849088116,191.00790021395272,191.41331481933594,34049900,0.0,0.0
2023-12-29 00:00:00-05:00,191.72973752393827,192.2241411947973,189.5840274029703,190.3750762939453,42672100,0.0,0.0
2024-01-02 00:00:00-05:00,185.05528848269014,186.33085840634024,181.83178197139316,183.56219482421875,82488700,0.0,0.0
2024-01-03 00:00:00-05:00,182.15809638511382,183.79952025374087,181.37693010719954,182.18775939941406,58414500,0.0,0.0
2024-01-04 00:00:00-05:00,180.11123597031312,181.04071720671112,178.85546161628733,179.87393188476562,71983600,0.0,0.0
2024-01-05 00:00:00-05:00,179.95304619735901,180.7144169560074,178.15340966673114,179.152099609375,62379700,0.0,0.0
2024-01-08 00:00:00-05:00,180.0519155054874,183.52263874374273,179.46852282651062,183.4830780029297,59144500,0.0,0.0
2024-01-09 00:00:00-05:00,181.86141829199212,183.0776469225398,180.68473531069785,183.06776428222656,42841800,0.0,0.0
2024-01-10 00:00:00-05:00,182.2866315170422,184.31367440860302,181.8614365329183,184.1060333251953,46792900,0.0,0.0
2024-01-11 00:00:00-05:00,184.4521049955326,184.9564063690912,181.5647895230864,183.5127410888672,49128400,0.0,0.0
2024-01-12 00:00:00-05:00,183.97749798089004,184.64989484239166,183.11724039185432,183.8390655517578,40477800,0.0,0.0
2024-01-16 00:00:00-05:00,180.12114381484557,182.1976301200088,178.90489995610474,181.57469177246094,65603000,0.0,0.0
2024-01-17 00:00:00-05:00,179.2411232206481,180.88253205239923,178.28197882705663,180.6353302001953,47317400,0.0,0.0
2024-01-18 00:00:00-05:00,184.00712853391946,187.0229935165519,183.75004409317066,186.51870727539062,78005800,0.0,0.0
2024-01-19 00:00:00-05:00,187.21088801676132,189.80155831594578,186.70660172518024,189.41592407226562,68903000,0.0,0.0
2024-01-22 00:00:00-05:00,190.147618364531,193.1437028283241,190.10805762916755,191.71981811523438,60133900,0.0,0.0
2024-01-23 00:00:00-05:00,192.83720939883855,193.55903452389106,191.66052626402544,192.9954071044922,42355600,0.0,0.0
2024-01-24 00:00:00-05:00,193.23271418014866,194.18197579456825,192.16480052192722,192.32301330566406,53631300,0.0,0.0
2024-01-25 00:00:00-05:00,193.03497008475262,194.07322080915367,190.94858599423335,191.99671936035156,54822100,0.0,0.0
2024-01-26 00:00:00-05:00,192.09561130867766,192.58011726192578,189.79168833424328,190.2663116455078,44594000,0.0,0.0
2024-01-29 00:00:00-05:00,189.86086444187634,190.04874022336423,187.45807019569023,189.58399963378906,47145600,0.0,0.0
2024-01-30 00:00:00-05:00,188.80285272092348,189.65322753238257,185.37169046557113,185.935302734375,55859400,0.0,0.0
2024-01-31 00:00:00-05:00,184.94651023142666,185.00585134318092,182.28663127585358,182.3360595703125,55467800,0.0,0.0
2024-02-01 00:00:00-05:00,181.93066720224104,184.85752846784007,181.76257176566293,184.76853942871094,64885400,0.0,0.0
2024-02-02 00:00:00-05:00,177.84687547061628,185.2332669548565,177.24370243482153,183.76983642578125,102551700,0.0,0.0
2024-02-05 00:00:00-05:00,186.0440863383638,187.1317803970082,183.75994390321247,185.579345703125,69668800,0.0,0.0
2024-02-06 00:00:00-05:00,184.76852130142626,187.19109601961685,184.67953227102765,187.18121337890625,43490800,0.0,0.0
2024-02-07 00:00:00-05:00,188.50623739169367,188.91165203661865,186.49895962721544,187.29000854492188,53439000,0.0,0.0
2024-02-08 00:00:00-05:00,187.27021997882892,187.418535043408,185.2530596605407,186.2122039794922,40962000,0.0,0.0
2024-02-09 00:00:00-05:00,186.77652244170517,188.10322646586073,186.13298359451971,186.97454833984375,45155200,0.24,0.0
2024-02-12 00:00:00-05:00,186.54880424779185,186.796321504533,184.9349868995182,185.29141235351562,41781900,0.0,0.0
2024-02-13 00:00:00-05:00,183.92512331150874,184.360756090923,181.68755769129083,183.20236206054688,56529500,0.0,0.0
2024-02-14 00:00:00-05:00,183.47957616063894,183.68748216998677,180.62817288870548,182.32118225097656,54630500,0.0,0.0
2024-02-15 00:00:00-05:00,181.727184392981,182.65785175424014,179.54903541760635,182.0341033935547,65434500,0.0,0.0
2024-02-16 00:00:00-05:00,181.59842771782095,183.01423403738477,179.86580722017231,180.49945068359375,49752500,0.0,0.0
2024-02-20 00:00:00-05:00,179.98465441119404,180.6182980286837,178.2124373755958,179.75694274902344,53665600,0.0,0.0
2024-02-21 00:00:00-05:00,180.13318356154335,181.07374623255754,178.8658962581704,180.50941467285156,41371400,0.0,0.0
2024-02-22 00:00:00-05:00,181.65787110291916,183.1231842228548,180.64801151557128,182.53903198242188,52292200,0.0,0.0
2024-02-23 00:00:00-05:00,183.1726595934398,183.20236045475278,180.4202689919066,180.7073974609375,45119700,0.0,0.0
2024-02-26 00:00:00-05:00,180.4302078946742,180.94503297704767,178.85598645977296,179.36093139648438,40867400,0.0,0.0
2024-02-27 00:00:00-05:00,179.3014951345761,182.09348175278842,177.77678047240937,180.81629943847656,54318900,0.0,0.0
2024-02-28 00:00:00-05:00,180.6974728870872,181.3014155316966,178.34111913385524,179.61830139160156,48953900,0.0,0.0
2024-02-29 00:00:00-05:00,179.4698267249393,180.75691955299587,177.74710108364005,178.95498657226562,136682600,0.0,0.0
2024-03-01 00:00:00-05:00,177.76691576574171,178.7371792855814,175.61846756104012,177.87582397460938,73563100,0.0,0.0
2024-03-04 00:00:00-05:00,174.40064432483445,175.14319605787904,172.06408093389737,173.361083984375,81510100,0.0,0.0
2024-03-05 00:00:00-05:00,169.0641855800497,170.33147275577412,167.93550746706842,168.4305419921875,95132400,0.0,0.0
2024-03-06 00:00:00-05:00,169.36121186741923,169.53943215491887,167.00484265804033,167.4404754638672,68587700,0.0,0.0
2024-03-07 00:00:00-05:00,167.47017484778516,169.0344857697736,166.81674075207243,167.32167053222656,71765100,0.0,0.0
2024-03-08 00:00:00-05:00,167.3216847390924,171.97500667784078,167.2622830078253,169.0345001220703,76267000,0.0,0.0
2024-03-11 00:00:00-04:00,171.2225240841993,172.64822576816061,170.3413633360917,171.03440856933594,60139500,0.0,0.0
2024-03-12 00:00:00-04:00,171.43043622416553,172.30170175265368,169.3116892312768,171.5096435546875,59825400,0.0,0.0
2024-03-13 00:00:00-04:00,171.05425482761498,171.4700820663792,169.06420612614593,169.4305419921875,52488700,0.0,0.0
2024-03-14 00:00:00-04:00,171.19281881058188,172.5789092413306,170.34135894390695,171.28192138671875,72913500,0.0,0.0
2024-03-15 00:00:00-04:00,169.47014909109436,170.90574645996094,168.59888333023403,170.90574645996094,121752700,0.0,0.0
2024-03-18 00:00:00-04:00,173.82644596151624,175.94519331439105,171.79680120539754,171.99481201171875,75604200,0.0,0.0
2024-03-19 00:00:00-04:00,172.6086342803731,174.85609525037736,171.31164624406932,174.33135986328125,55215200,0.0,0.0
2024-03-20 00:00:00-04:00,173.97492929704185,176.8956298828125,173.3511809805003,176.8956298828125,53423100,0.0,0.0
2024-03-21 00:00:00-04:00,175.29173693263047,175.72736975318543,169.14340118299,169.6681365966797,106181300,0.0,0.0
2024-03-22 00:00:00-04:00,170.05425166968308,171.33144918231721,168.37113733503185,170.569091796875,71160100,0.0,0.0
2024-03-25 00:00:00-04:00,168.87610215909345,170.23249206020807,167.76721443821097,169.1533203125,54288300,0.0,0.0
2024-03-26 00:00:00-04:00,168.31174106723407,169.71763732680742,167.8959138727621,168.02462768554688,57388400,0.0,0.0
2024-03-27 00:00:00-04:00,168.7176579392829,171.87598039200594,168.42063422483255,171.58885192871094,60273300,0.0,0.0
2024-03-28 00:00:00-04:00,170.0443614510728,170.51959037094832,168.81667037520143,169.77703857421875,65672700,0.0,0.0
2024-04-01 00:00:00-04:00,169.48994505423667,169.54934678777494,167.79692011211174,168.34146118164062,46240500,0.0,0.0
2024-04-02 00:00:00-04:00,167.40087579338118,167.65828830624176,166.55931106297376,167.1632537841797,49329500,0.0,0.0
2024-04-03 00:00:00-04:00,167.11373478373662,168.98496453257434,166.90582876011774,167.96519470214844,47691700,0.0,0.0
2024-04-04 00:00:00-04:00,168.59885072968464,170.21266810452119,167.14346313476562,167.14346313476562,53704400,0.0,0.0
2024-04-05 00:00:00-04:00,167.90579979250484,168.69785802201392,167.27215623034843,167.89590454101562,42104800,0.0,0.0
2024-04-08 00:00:00-04:00,167.3513719945941,167.51968192191484,166.5692240844266,166.77713012695312,37425500,0.0,0.0
2024-04-09 00:00:00-04:00,167.02463249925154,168.39093251447707,166.67811742351924,167.98500061035156,42373800,0.0,0.0
2024-04-10 00:00:00-04:00,167.12365945587084,167.4107728345435,165.45044033625643,166.11378479003906,49709300,0.0,0.0
2024-04-11 00:00:00-04:00,166.6682511911636,173.71755440871303,166.4900459805643,173.3017120361328,91070300,0.0,0.0
2024-04-12 00:00:00-04:00,172.52942533467058,176.5887144383463,172.47993396851362,174.79669189453125,101670900,0.0,0.0
2024-04-15 00:00:00-04:00,173.61851932570818,174.8759113224836,170.7869210734751,170.97503662109375,73531800,0.0,0.0
2024-04-16 00:00:00-04:00,170.0443499195711,172.03438316124112,166.59891404642835,167.69789123535156,73711200,0.0,0.0
2024-04-17 00:00:00-04:00,167.9256158132339,168.95528100035153,166.33160400390625,166.33160400390625,50901200,0.0,0.0
2024-04-18 00:00:00-04:00,166.36130787024413,166.96525061902096,164.89600984807865,165.38113403320312,43122900,0.0,0.0
2024-04-19 00:00:00-04:00,164.55936395716853,164.74746436429578,162.45051229612085,163.3613739013672,68149400,0.0,0.0
2024-04-22 00:00:00-04:00,163.8762094876148,165.59891971474525,163.1336578084027,164.19302368164062,48116400,0.0,0.0
2024-04-23 00:00:00-04:00,163.70794332424896,165.39105789202225,163.2822057253187,165.24253845214844,49537800,0.0,0.0
2024-04-24 00:00:00-04:00,164.88609429896647,167.6186945681344,164.55938480415762,167.3414764404297,48251800,0.0,0.0
2024-04-25 00:00:00-04:00,167.84642483703811,168.91570135131437,166.48012455092012,168.20285034179688,50558300,0.0,0.0
2024-04-26 00:00:00-04:00,168.19292468782604,169.63841695172266,167.49986430971396,167.61868286132812,44838400,0.0,0.0
2024-04-29 00:00:00-04:00,171.64826373021612,174.28185098854456,171.38095596804143,171.7769775390625,68169400,0.0,0.0
2024-04-30 00:00:00-04:00,171.60868084411632,173.2521991943247,168.31174889120035,168.6384735107422,65934800,0.0,0.0
2024-05-01 00:00:00-04:00,167.8959009696714,170.9948217396029,167.43056733625505,167.61868286132812,50383100,0.0,0.0
2024-05-02 00:00:00-04:00,170.79682058773386,171.69778712393833,169.19291342760516,171.31166076660156,94214900,0.0,0.0
2024-05-03 00:00:00-04:00,184.7963833456082,185.14291355827163,180.84601747897057,181.55886840820312,163224100,0.0,0.0
2024-05-06 00:00:00-04:00,180.53911545314375,182.37073431535399,178.62827413884693,179.9054718017578,78569700,0.0,0.0
2024-05-07 00:00:00-04:00,181.62815272879564,183.0637497391675,179.5193160584302,180.5885772705078,77305800,0.0,0.0
2024-05-08 00:00:00-04:00,181.03414013837894,181.25195654794928,179.6480343404535,180.92523193359375,45057100,0.0,0.0
2024-05-09 00:00:00-04:00,180.74698180735047,182.82613260743545,180.30145380940453,182.73703002929688,48983000,0.0,0.0
2024-05-10 00:00:00-04:00,183.3120385724197,183.50040923773955,180.5658387363955,181.47793579101562,50759500,0.25,0.0
2024-05-13 00:00:00-04:00,183.84742393900163,185.4931713127623,183.03445892506747,184.68020629882812,72044800,0.0,0.0
2024-05-14 00:00:00-04:00,185.89965779253163,186.6828817403559,184.6901339480471,185.82034301757812,52393600,0.0,0.0
2024-05-15 00:00:00-04:00,186.2962297111884,189.01268886802714,185.76085876781028,188.09068298339844,70400000,0.0,0.0
2024-05-16 00:00:00-04:00,188.83423487080034,189.458829238671,188.03119361367854,188.2096405029297,52845200,0.0,0.0
2024-05-17 00:00:00-04:00,187.8824709799172,189.1713095252472,187.55530322495105,188.2393798828125,41282900,0.0,0.0
2024-05-20 00:00:00-04:00,187.7040166341828,190.27176982167657,187.38675756521698,189.39932250976562,44361300,0.0,0.0
2024-05-21 00:00:00-04:00,189.44891605266244,191.07483113273048,189.2803778274553,190.69810485839844,42309400,0.0,0.0
2024-05-22 00:00:00-04:00,190.6187578068766,191.16403734183464,188.63593413629764,189.26051330566406,34648500,0.0,0.0
2024-05-23 00:00:00-04:00,189.3398501117122,189.35968258649532,185.02721720275102,185.2750701904297,51005900,0.0,0.0
2024-05-24 00:00:00-04:00,187.1984232707908,188.94330296502375,186.4251079843019,188.34844970703125,36327000,0.0,0.0
2024-05-28 00:00:00-04:00,189.86528785982966,191.34249703943843,187.47599667367734,188.3583526611328,52280100,0.0,0.0
2024-05-29 00:00:00-04:00,187.98162409974876,190.59895109353056,187.8824768517226,188.65577697753906,53068000,0.0,0.0
2024-05-30 00:00:00-04:00,189.12172393667825,190.52952698465035,188.99285067972127,189.6471710205078,49889100,0.0,0.0
2024-05-31 00:00:00-04:00,189.7959119633218,190.9162123421418,188.27905284340878,190.5989532470703,75158300,0.0,0.0
2024-06-03 00:00:00-04:00,191.24334718637152,193.31540952983562,190.86662095571478,192.3636474609375,50080500,0.0,0.0
2024-06-04 00:00:00-04:00,192.96841099700254,193.64257895328527,191.37223723797064,192.680908203125,47471400,0.0,0.0
2024-06-05 00:00:00-04:00,193.72190135445058,195.20901937445223,193.19645419760306,194.1878662109375,54156800,0.0,0.0
2024-06-06 00:00:00-04:00,194.0094143560484,194.8124556459051,192.5024638984892,192.80979919433594,41181800,0.0,0.0
2024-06-07 00:00:00-04:00,192.97832848334124,195.24867030234284,192.47271383884646,195.1990966796875,53103900,0.0,0.0
2024-06-10 00:00:00-04:00,195.20900753042525,195.60558138834554,190.49980075281104,191.4614715576172,97010200,0.0,0.0
2024-06-11 00:00:00-04:00,191.98691085726122,205.38089548057218,191.96709351098235,205.3709716796875,172373300,0.0,0.0
2024-06-12 00:00:00-04:00,205.58908283581826,218.30889945026047,205.1231180281253,211.24014282226562,198134300,0.0,0.0
2024-06-13 00:00:00-04:00,212.8957913864929,214.88852380834695,209.782758705521,212.40008544921875,97862700,0.0,0.0
2024-06-14 00:00:00-04:00,212.01346682824212,213.32212283006638,209.48536314811375,210.66514587402344,70122700,0.0,0.0
2024-06-17 00:00:00-04:00,211.53757201804441,217.06965275202606,210.89316027395952,214.80923461914062,93728300,0.0,0.0
2024-06-18 00:00:00-04:00,215.7213082393038,216.7523850703462,211.17073132176122,212.44964599609375,79943300,0.0,0.0
2024-06-20 00:00:00-04:00,212.0927425591543,212.4000929584359,207.05638337080816,207.87924194335938,86172500,0.0,0.0
2024-06-21 00:00:00-04:00,208.58315742215362,210.07027533194446,205.33132746963062,205.70806884765625,241805100,0.0,0.0
2024-06-24 00:00:00-04:00,205.93607160503834,210.87329840415435,204.81577136869439,206.3524627685547,80727000,0.0,0.0
2024-06-25 00:00:00-04:00,207.35380525957078,209.5646648210329,206.81844945769743,207.27450561523438,55549700,0.0,0.0
2024-06-26 00:00:00-04:00,209.68362348048936,213.01476817493463,208.8310086144187,211.41859436035156,66213200,0.0,0.0
2024-06-27 00:00:00-04:00,212.8462361886446,213.88722177256454,210.5263358320774,212.2613067626953,49772700,0.0,0.0
2024-06-28 00:00:00-04:00,213.9169841828714,214.21441082608845,208.49395901051298,208.8112030029297,82542700,0.0,0.0
2024-07-01 00:00:00-04:00,210.2685812104605,215.6420327867988,210.10004297476004,214.88856506347656,60402900,0.0,0.0
2024-07-02 00:00:00-04:00,214.2936836981781,218.4873670751859,213.25271326862932,218.37831115722656,58046200,0.0,0.0
2024-07-03 00:00:00-04:00,218.11063203893852,219.64732360839844,217.1489612238199,219.64732360839844,37369800,0.0,0.0
2024-07-05 00:00:00-04:00,219.7464397478406,224.5052198536283,219.7464397478406,224.3961639404297,60412400,0.0,0.0
2024-07-08 00:00:00-04:00,225.1397075728903,225.89319024119226,221.3326897978435,225.8634490966797,59085900,0.0,0.0
2024-07-09 00:00:00-04:00,225.97252074204383,227.42989753320916,224.4259205051531,226.71607971191406,48076100,0.0,0.0
2024-07-10 00:00:00-04:00,227.3307526887298,231.07828847688273,227.28117906796422,230.97914123535156,62627700,0.0,0.0
2024-07-11 00:00:00-04:00,229.40281699319425,230.39422897123262,223.83108651749725,225.61563110351562,64710600,0.0,0.0
2024-07-12 00:00:00-04:00,226.9540218514806,230.64207551688347,226.71607753741577,228.5601043701172,53046500,0.0,0.0
2024-07-15 00:00:00-04:00,234.44908623752588,235.1926451763578,231.08820043911544,232.38694763183594,62631300,0.0,0.0
2024-07-16 00:00:00-04:00,232.98179160349451,234.24088892580107,230.3347237014565,232.8033447265625,43234300,0.0,0.0
2024-07-17 00:00:00-04:00,227.4794799069808,229.47222770464353,224.6936146131452,226.9143829345703,57345900,0.0,0.0
2024-07-18 00:00:00-04:00,228.3023493485251,228.46097889584826,220.36114484151935,222.25473022460938,66034600,0.0,0.0
2024-07-19 00:00:00-04:00,222.88925101284036,224.85224251867803,221.36246807560826,222.3836212158203,49151500,0.0,0.0
2024-07-22 00:00:00-04:00,225.06041535891617,225.82380677595344,221.174082433242,222.03662109375,48201800,0.0,0.0
2024-07-23 00:00:00-04:00,222.44310313331528,224.9910392063895,220.7676144514488,223.07760620117188,39960300,0.0,0.0
2024-07-24 00:00:00-04:00,222.07627816799848,222.86941075843336,215.26528287042115,216.6631622314453,61777600,0.0,0.0
2024-07-25 00:00:00-04:00,217.0497975364767,218.95332167523742,212.77681471652627,215.62217712402344,51391200,0.0,0.0
2024-07-26 00:00:00-04:00,216.8217851678197,217.6050090608147,214.15488466672127,216.08815002441406,41601300,0.0,0.0
2024-07-29 00:00:00-04:00,215.0967167274064,217.41661677284762,213.89710176005346,216.36572265625,36311800,0.0,0.0
2024-07-30 00:00:00-04:00,217.3075789949067,218.43778796730905,214.2639371695869,216.92092895507812,41643800,0.0,0.0
2024-07-31 00:00:00-04:00,219.53825698895486,221.89782218872546,218.7352157578384,220.17276000976562,50036300,0.0,0.0
2024-08-01 00:00:00-04:00,222.44310665442717,222.55216258005441,215.15623749650504,216.48472595214844,62501000,0.0,0.0
2024-08-02 00:00:00-04:00,217.2679231335739,223.66254232334134,215.84030263063204,217.97183227539062,105568600,0.0,0.0
2024-08-05 00:00:00-04:00,197.38019703112641,211.66644653820467,194.31673780556494,207.4727783203125,119548600,0.0,0.0
2024-08-06 00:00:00-04:00,203.53688424769564,208.18660889381388,199.3432157724579,205.45030212402344,69660500,0.0,0.0
2024-08-07 00:00:00-04:00,205.12313014700663,211.80525225793107,204.61751548926864,208.01806640625,63516400,0.0,0.0
2024-08-08 00:00:00-04:00,211.27979376271134,212.36042911915672,207.03655197769595,211.4780731201172,47161100,0.0,0.0
2024-08-09 00:00:00-04:00,210.27848952903548,214.91829038971974,210.1496011292121,214.3829345703125,42201600,0.0,0.0
2024-08-12 00:00:00-04:00,214.46232494953352,217.8767166928247,213.99582080224636,215.9114532470703,38028100,0.25,0.0
2024-08-13 00:00:00-04:00,217.38044783379533,220.23902400333975,217.38044783379533,219.62364196777344,44155300,0.0,0.0
2024-08-14 00:00:00-04:00,218.9288446755302,221.37053243582614,218.06530765715263,220.07028198242188,41960600,0.0,0.0
2024-08-15 00:00:00-04:00,222.92884083716766,223.67326036559285,221.10252008370475,223.04794311523438,46414000,0.0,0.0
2024-08-16 00:00:00-04:00,222.25391598005478,225.14226768918678,221.98592068094572,224.36807250976562,44340200,0.0,0.0
2024-08-19 00:00:00-04:00,224.0405257400108,224.30852103873067,221.38045847347976,224.20925903320312,40687800,0.0,0.0
2024-08-20 00:00:00-04:00,224.09014645304697,225.4797235950926,223.77252016614798,224.8246307373047,30299000,0.0,0.0
2024-08-21 00:00:00-04:00,224.83457153469638,226.2836998547364,223.37550792716294,224.7154541015625,34765500,0.0,0.0
2024-08-22 00:00:00-04:00,226.09512887719345,226.64103964823346,222.23407290784718,222.85939025878906,43695300,0.0,0.0
2024-08-23 00:00:00-04:00,223.98097823318813,226.52192810531062,222.66087229355688,225.15219116210938,38677300,0.0,0.0
2024-08-26 00:00:00-04:00,225.0727813784282,225.58891654674125,222.22414052811973,225.48965454101562,30602200,0.0,0.0
2024-08-27 00:00:00-04:00,224.31843379232603,227.14723425887112,223.21669220638537,226.3333282470703,35934600,0.0,0.0
2024-08-28 00:00:00-04:00,226.22416240429726,228.149730282918,224.00082364270057,224.8048095703125,38052200,0.0,0.0
2024-08-29 00:00:00-04:00,228.3879521456165,231.18696212304621,227.1770283167567,228.0802459716797,51906300,0.0,0.0
2024-08-30 00:00:00-04:00,228.4772755570311,228.68570457235603,225.78743262658827,227.29612731933594,52990800,0.0,0.0
2024-09-03 00:00:00-04:00,226.84946493362216,227.29611365629745,219.52437135882835,221.1124725341797,50190600,0.0,0.0
2024-09-04 00:00:00-04:00,220.0107119936371,220.12981427069212,215.8618059815911,219.2067413330078,43840200,0.0,0.0
2024-09-05 00:00:00-04:00,219.9809527371486,223.80229748015876,219.87177059333374,220.72537231445312,36615400,0.0,0.0
2024-09-06 00:00:00-04:00,222.28368749781316,223.56409767944487,218.13479623481732,219.17698669433594,48423000,0.0,0.0
2024-09-09 00:00:00-04:00,219.17698492990527,219.62363365317324,215.0975649862482,219.2663116455078,67180000,0.0,0.0
2024-09-10 00:00:00-04:00,217.29112653781655,219.83207646515766,215.1174187834135,218.47227478027344,51591000,0.0,0.0
2024-09-11 00:00:00-04:00,219.81224273641337,221.4301044903715,216.26879790334314,221.00331115722656,44587100,0.0,0.0
2024-09-12 00:00:00-04:00,220.8444772424724,221.88666769221828,218.18442519080247,221.1124725341797,37455600,0.0,0.0
2024-09-13 00:00:00-04:00,221.91643313573508,222.3730019797634,220.25886075018875,220.84446716308594,36766600,0.0,0.0
2024-09-16 00:00:00-04:00,214.92882889414335,215.60377723416104,212.32832783334672,214.71047973632812,59357400,0.0,0.0
2024-09-17 00:00:00-04:00,214.14471619981742,215.28615358843467,212.904016801209,215.17697143554688,45519300,0.0,0.0
2024-09-18 00:00:00-04:00,215.9313221513165,221.05293280374121,215.92138686335736,219.04795837402344,59894900,0.0,0.0
2024-09-19 00:00:00-04:00,223.31596324984213,228.11002736409566,222.95864123060412,227.16708374023438,66781300,0.0,0.0
2024-09-20 00:00:00-04:00,228.2589097535001,231.3556905514529,225.92638886705737,226.5020751953125,318679900,0.0,0.0
2024-09-23 00:00:00-04:00,225.64847983003366,227.74278104335218,224.12986496132828,224.7849578857422,54146000,0.0,0.0
2024-09-24 00:00:00-04:00,226.94872814757065,227.64353192764617,224.05045616714196,225.67825317382812,43556100,0.0,0.0
2024-09-25 00:00:00-04:00,223.25638097071698,225.59882178569194,222.35316341740713,224.6856689453125,42308700,0.0,0.0
2024-09-26 00:00:00-04:00,225.608784129346,226.79985253593196,223.73284722402752,225.8271484375,36636700,0.0,0.0
2024-09-27 00:00:00-04:00,226.76013618443497,227.81224676693589,225.60876359989413,226.09510803222656,34026000,0.0,0.0
2024-09-30 00:00:00-04:00,228.32838978012126,231.26637268066406,227.94129216556473,231.26637268066406,54541900,0.0,0.0
2024-10-01 00:00:00-04:00,227.81225543239978,227.9412778656533,222.07526286618742,224.52688598632812,63285000,0.0,0.0
2024-10-02 00:00:00-04:00,224.20925878310885,225.67824256269316,221.360617941662,225.09263610839844,32880600,0.0,0.0
2024-10-03 00:00:00-04:00,223.46481998018766,225.12239234050705,221.65836976978886,223.99087524414062,34044200,0.0,0.0
2024-10-04 00:00:00-04:00,226.20430944090455,226.30357145139808,222.46237094034984,225.1125030517578,37245100,0.0,0.0
2024-10-07 00:00:00-04:00,222.8295863298211,224.01073444452058,219.68317483471031,220.04049682617188,39505400,0.0,0.0
2024-10-08 00:00:00-04:00,222.63108533790577,224.29857792676054,221.58889489724396,224.09014892578125,31855700,0.0,0.0
2024-10-09 00:00:00-04:00,223.55414845411647,228.04052116337735,223.157130753936,227.8320770263672,33591100,0.0,0.0
2024-10-10 00:00:00-04:00,226.08521111865923,227.7924147414137,225.47974919262126,227.33583068847656,28183500,0.0,0.0
2024-10-11 00:00:00-04:00,227.59388209213523,227.7030642360917,225.64845893034402,225.85690307617188,31759200,0.0,0.0
2024-10-14 00:00:00-04:00,226.99834931201846,230.0058033150611,226.89910245149323,229.57901000976562,39882100,0.0,0.0
2024-10-15 00:00:00-04:00,231.87182665313995,235.7229623804217,230.6410474142004,232.11004638671875,64751400,0.0,0.0
2024-10-16 00:00:00-04:00,229.87678174389526,230.3929017691756,228.12986736523644,230.05543518066406,34082200,0.0,0.0
2024-10-17 00:00:00-04:00,231.69312798855216,232.1100162545092,228.80479171330688,230.4226531982422,32993800,0.0,0.0
2024-10-18 00:00:00-04:00,234.4226930307779,234.4226930307779,232.26884075534687,233.25148010253906,46431500,0.0,0.0
2024-10-21 00:00:00-04:00,232.7055644739604,235.08771628667242,232.7055644739604,234.720458984375,36254500,0.0,0.0
2024-10-22 00:00:00-04:00,232.14974382855843,234.4624093106695,230.86934872103873,234.10508728027344,38846600,0.0,0.0
2024-10-23 00:00:00-04:00,232.33830371042365,233.39041424004768,226.06532109909307,229.04299926757812,52287000,0.0,0.0
2024-10-24 00:00:00-04:00,228.26882480795348,229.10258628095696,226.71051430099084,228.8544464111328,31109500,0.0,0.0
2024-10-25 00:00:00-04:00,228.03062932515897,231.484732210271,227.86189602437614,229.68820190429688,38802300,0.0,0.0
2024-10-28 00:00:00-04:00,231.58396917060392,232.983466430484,230.8196941830456,231.66336059570312,36087100,0.0,0.0
2024-10-29 00:00:00-04:00,231.36561495313973,232.5864588417728,230.59141979007921,231.93136596679688,35417200,0.0,0.0
2024-10-30 00:00:00-04:00,230.8792736886572,231.73287549326048,227.8420439394486,228.38795471191406,47070900,0.0,0.0
2024-10-31 00:00:00-04:00,227.63358238786932,228.11994197442104,223.693120129287,224.22911071777344,64370100,0.0,0.0
2024-11-01 00:00:00-04:00,219.32586653780092,223.67328184782377,218.6310779402587,221.25143432617188,65276700,0.0,0.0
2024-11-04 00:00:00-05:00,219.34572401852256,221.13231895883285,218.0752491010658,220.35812377929688,44944500,0.0,0.0
2024-11-05 00:00:00-05:00,220.14969745378525,222.28369429475046,219.49460455688452,221.78741455078125,28111300,0.0,0.0
2024-11-06 00:00:00-05:00,220.95365355112233,224.38791581537038,219.54422098922427,221.06283569335938,54561100,0.0,0.0
2024-11-07 00:00:00-05:00,222.95862926675593,226.18444740932767,222.8990781242877,225.78741455078125,42137700,0.0,0.0
2024-11-08 00:00:00-05:00,225.72780810336752,227.20835428792034,224.9726384261151,225.51914978027344,38328800,0.25,0.0
2024-11-11 00:00:00-05:00,223.57158868270503,224.26714170400084,220.0938084143074,222.8064727783203,42005600,0.0,0.0
2024-11-12 00:00:00-05:00,223.12444853772337,224.15783943194586,221.9420008205612,222.8064727783203,40398300,0.0,0.0
2024-11-13 00:00:00-05:00,222.58787261698694,225.2111120360391,221.34580821096,223.69082641601562,48566200,0.0,0.0
2024-11-14 00:00:00-05:00,223.59148192887395,227.41703140021204,223.57160465201176,226.7711639404297,44923900,0.0,0.0
2024-11-15 00:00:00-05:00,224.96270031544069,225.47940335635096,222.8462328667566,223.57159423828125,47923700,0.0,0.0
2024-11-18 00:00:00-05:00,223.82001439888424,228.28151537171908,223.74052045447314,226.5724334716797,44633700,0.0,0.0
2024-11-19 00:00:00-05:00,225.53899960732684,228.69881907074455,225.22103903072198,226.83074951171875,36211800,0.0,0.0
2024-11-20 00:00:00-05:00,226.61216873586113,228.4702922716314,224.45594670445817,227.54620361328125,35169600,0.0,0.0
2024-11-21 00:00:00-05:00,227.42695953023323,228.69883223369175,224.2770861035494,227.06924438476562,42108300,0.0,0.0
2024-11-22 00:00:00-05:00,226.61218332282024,229.25530023929056,226.61218332282024,228.4106903076172,38168300,0.0,0.0
2024-11-25 00:00:00-05:00,229.99061008110968,231.76923980537,228.2815280858828,231.3916473388672,90152800,0.0,0.0
2024-11-26 00:00:00-05:00,231.84870566104107,234.07449047305911,231.84870566104107,233.56771850585938,45986200,0.0,0.0
2024-11-27 00:00:00-05:00,232.98148163119754,234.19373774290258,232.32566796514345,233.4385528564453,33498400,0.0,0.0
2024-11-29 00:00:00-05:00,233.31931239062584,236.3002669685808,232.48464874765904,235.8233184814453,28481400,0.0,0.0
2024-12-02 00:00:00-05:00,235.76369091824088,239.26133321145704,235.654388648958,238.06895446777344,48137100,0.0,0.0
2024-12-03 00:00:00-05:00,238.2875760799829,241.21884512379424,237.38334952948236,241.1095428466797,38861000,0.0,0.0
2024-12-04 00:00:00-05:00,241.32812877991805,242.5602620666903,239.71841824290905,241.4672393798828,44383900,0.0,0.0
2024-12-05 00:00:00-05:00,242.4410361127995,242.98753231090083,240.59284370740727,241.49705505371094,40033900,0.0,0.0
2024-12-06 00:00:00-05:00,241.36788746709487,243.0769692456264,240.5431549096241,241.29832458496094,36870600,0.0,0.0
2024-12-09 00:00:00-05:00,240.29473874492055,245.67039687977774,240.21524480725012,245.18350219726562,44649200,0.0,0.0
2024-12-10 00:00:00-05:00,245.3226337747269,246.63426111556626,243.78247081974237,246.19705200195312,36914800,0.0,0.0
2024-12-11 00:00:00-05:00,246.38582450957213,249.2077910379196,244.69660488558225,244.92515563964844,45205800,0.0,0.0
2024-12-12 00:00:00-05:00,245.32263454558526,247.16089600762038,244.12030947937123,246.38584899902344,32777500,0.0,0.0
2024-12-13 00:00:00-05:00,246.24671899982582,247.70737273801882,244.67674782957272,246.55474853515625,33155300,0.0,0.0
2024-12-16 00:00:00-05:00,246.41563368868003,249.78411156803347,246.07778066556844,249.44625854492188,51694800,0.0,0.0
2024-12-17 00:00:00-05:00,248.49236434269267,252.21855739876366,248.19426586582333,251.8707733154297,51356400,0.0,0.0
2024-12-18 00:00:00-05:00,250.55917390522964,252.6657103008961,246.1672359539693,246.4752655029297,56774100,0.0,0.0
2024-12-19 00:00:00-05:00,245.92873792847348,250.400169527173,245.5213371883983,248.20419311523438,60882300,0.0,0.0
2024-12-20 00:00:00-05:00,246.46531011815415,253.38113119374523,244.13023820234332,252.87437438964844,147495300,0.0,0.0
2024-12-23 00:00:00-05:00,253.15260355822258,254.02700659111463,251.84097626600598,253.64942932128906,40858800,0.0,0.0
2024-12-24 00:00:00-05:00,253.868019379837,256.5707374276886,253.66927695641888,256.5608215332031,23234700,0.0,0.0
2024-12-26 00:00:00-05:00,256.55086249805703,258.44874034869076,255.99442012888886,257.3755798339844,27237100,0.0,0.0
2024-12-27 00:00:00-05:00,256.19316170058187,257.05766400729357,251.45345479939442,253.96739196777344,42355300,0.0,0.0
2024-12-30 00:00:00-05:00,250.6287158030117,251.890657464443,249.15811581542044,250.59890747070312,35557500,0.0,0.0
