Date,Open,High,Low,Close,Volume,Dividends,Stock Splits
2019-01-02 00:00:00-05:00,77.7512632606278,80.85483272520688,77.7431644012544,80.4739761352539,15670900,0.0,0.0
2019-01-03 00:00:00-05:00,80.5801578402047,80.78438573542675,78.9871827504891,79.33028411865234,16286400,0.8,0.0
2019-01-04 00:00:00-05:00,80.96412262725666,82.45090173699191,80.28608439078691,82.25484466552734,16935200,0.0,0.0
2019-01-07 00:00:00-05:00,82.04241419543469,82.8920028205074,81.45423697557362,82.31199645996094,15430700,0.0,0.0
2019-01-08 00:00:00-05:00,83.02274674692798,83.17796198849523,81.32357488324182,82.15682220458984,13578800,0.0,0.0
2019-01-09 00:00:00-05:00,82.35285960525655,82.90835976416811,81.6339796130056,82.01792907714844,14230300,0.0,0.0
2019-01-10 00:00:00-05:00,81.70750605021881,82.28751884582033,81.09482227103062,82.009765625,14376100,0.0,0.0
2019-01-11 00:00:00-05:00,81.60131116845174,81.83004545272244,80.83341215765003,81.6176528930664,15439900,0.0,0.0
2019-01-14 00:00:00-05:00,80.76806134287503,82.8021697136419,80.596510635224,82.45906829833984,21258500,0.0,0.0
2019-01-15 00:00:00-05:00,80.78439152276681,83.70893668766867,80.54748639943263,83.0635757446289,26504900,0.0,0.0
2019-01-16 00:00:00-05:00,83.5292239119367,84.50951548928009,83.16161612856838,83.73345184326172,18533000,0.0,0.0
2019-01-17 00:00:00-05:00,83.41486441042503,84.55037131400978,83.25964917398574,84.0765609741211,14247600,0.0,0.0
2019-01-18 00:00:00-05:00,84.77096636880731,85.69408103601673,84.00307322846169,85.44083404541016,16428700,0.0,0.0
2019-01-22 00:00:00-05:00,84.2072779309873,84.62389850158834,83.43120790689204,84.09291076660156,17083700,0.0,0.0
2019-01-23 00:00:00-05:00,84.50134779790827,84.71374035136101,83.30048660801853,83.8804931640625,12146700,0.0,0.0
2019-01-24 00:00:00-05:00,83.43121052260686,84.21544520264322,83.27600149895615,83.92952728271484,11296800,0.0,0.0
2019-01-25 00:00:00-05:00,84.55853427508212,85.21205991459264,83.92950875753692,84.46050262451172,14369400,0.0,0.0
2019-01-28 00:00:00-05:00,84.05204558784693,85.15487515304727,83.80696958111719,84.86078643798828,12283100,0.0,0.0
2019-01-29 00:00:00-05:00,84.86077402833324,85.8655780299371,84.7382422754286,85.0976791381836,9743300,0.0,0.0
2019-01-30 00:00:00-05:00,85.0731925355207,85.97179424981056,84.77910379520151,85.29376220703125,12526300,0.0,0.0
2019-01-31 00:00:00-05:00,84.47683494856608,84.7954299867891,83.92133478890061,84.55035400390625,17520600,0.0,0.0
2019-02-01 00:00:00-05:00,84.95881808718853,85.65319179620047,84.56669772292929,84.86078643798828,13000800,0.0,0.0
2019-02-04 00:00:00-05:00,84.78727673863594,85.16305541992188,84.15008652982317,85.16305541992188,9871500,0.0,0.0
2019-02-05 00:00:00-05:00,85.38361166768841,85.40812425503567,84.37881372541754,84.78726959228516,12763000,0.0,0.0
2019-02-06 00:00:00-05:00,84.72192308626066,85.46531582514835,84.52586599692843,84.74642944335938,8745000,0.0,0.0
2019-02-07 00:00:00-05:00,84.3461449051434,84.55037285890889,82.86753651429494,83.63542938232422,13177500,0.0,0.0
2019-02-08 00:00:00-05:00,83.39035490026181,83.60274747283495,81.74018963616484,82.80217742919922,12892600,0.0,0.0
2019-02-11 00:00:00-05:00,83.1289434138967,83.33317135628268,82.32019627461789,82.4100570678711,10978500,0.0,0.0
2019-02-12 00:00:00-05:00,83.28415349627726,84.07655892025807,83.23514078388001,83.81514739990234,12852300,0.0,0.0
2019-02-13 00:00:00-05:00,84.06021460017683,84.83627821683935,84.06021460017683,84.21542358398438,10754100,0.0,0.0
2019-02-14 00:00:00-05:00,83.70893889637733,84.22359099907094,82.7939955923807,83.6680908203125,11518500,0.0,0.0
2019-02-15 00:00:00-05:00,84.87712349390883,86.34756075578265,84.68106643883394,86.22502899169922,14716900,0.0,0.0
2019-02-19 00:00:00-05:00,85.7022118456782,86.07799049032745,84.8036039644063,85.92277526855469,12764900,0.0,0.0
2019-02-20 00:00:00-05:00,85.94727328443462,86.42925439513155,85.67769094620792,86.33939361572266,10030300,0.0,0.0
2019-02-21 00:00:00-05:00,86.14334150232352,86.58447459501267,85.7430564901312,86.15968322753906,8400100,0.0,0.0
2019-02-22 00:00:00-05:00,86.34756968105545,86.66616476568659,85.59601236513284,85.7757339477539,10647300,0.0,0.0
2019-02-25 00:00:00-05:00,86.38843662414315,87.63014001580702,86.33942390274193,86.67435455322266,11230700,0.0,0.0
2019-02-26 00:00:00-05:00,85.36728085381395,86.15968627617094,84.90981225226444,86.01264190673828,15465400,0.0,0.0
2019-02-27 00:00:00-05:00,85.92279911972189,86.08617901664631,85.37546960922714,85.90646362304688,9968800,0.0,0.0
2019-02-28 00:00:00-05:00,85.78392368959304,85.94730358290931,85.10588529049798,85.2529296875,15156900,0.0,0.0
2019-03-01 00:00:00-05:00,85.8574261330601,86.51912890760605,85.12220429053252,85.31009674072266,13813300,0.0,0.0
2019-03-04 00:00:00-05:00,85.71038632551185,86.52729814233726,84.36248058124141,85.11404418945312,12466300,0.0,0.0
2019-03-05 00:00:00-05:00,85.0650186592575,85.40812633250391,84.35430942244737,85.0486831665039,10856600,0.0,0.0
2019-03-06 00:00:00-05:00,84.8444544260938,85.42446101776625,84.59121377928327,84.73008728027344,9070800,0.0,0.0
2019-03-07 00:00:00-05:00,84.34615070858455,84.52587231747073,83.45571976052132,84.11741638183594,12705700,0.0,0.0
2019-03-08 00:00:00-05:00,83.31682437720583,84.32979939499845,83.31682437720583,84.15007781982422,10582400,0.0,0.0
2019-03-11 00:00:00-04:00,84.94251278318029,85.40815237541815,84.68110119161769,85.24476623535156,9763200,0.0,0.0
2019-03-12 00:00:00-04:00,85.4407832466657,85.60416931000385,84.75458047826858,84.99148559570312,10219100,0.0,0.0
2019-03-13 00:00:00-04:00,85.11404779606873,85.75940890661239,84.91798446429203,85.27742767333984,13022200,0.0,0.0
2019-03-14 00:00:00-04:00,85.36727159834301,86.4864428572707,85.33459438284056,86.05347442626953,10926500,0.0,0.0
2019-03-15 00:00:00-04:00,86.11069019060707,87.24619728337623,85.96364579278226,87.0419692993164,24811700,0.0,0.0
2019-03-18 00:00:00-04:00,87.04195811555115,88.05492704122234,87.00111003097027,87.56478118896484,12935500,0.0,0.0
2019-03-19 00:00:00-04:00,88.38985687038573,88.55324297472349,87.04195734671912,87.24618530273438,12889300,0.0,0.0
2019-03-20 00:00:00-04:00,86.94390248691435,87.12362403746371,85.29374378490297,85.38359832763672,14920700,0.0,0.0
2019-03-21 00:00:00-04:00,84.54220983808405,84.54220983808405,83.5537471980709,84.03572845458984,19751000,0.0,0.0
2019-03-22 00:00:00-04:00,83.17795338285521,83.58640925415828,81.2990538818443,81.4951171875,31115200,0.0,0.0
2019-03-25 00:00:00-04:00,81.35624381747964,82.15682013016601,80.13087610773319,80.81708526611328,21032300,0.0,0.0
2019-03-26 00:00:00-04:00,81.54413404270468,82.01794437331111,80.72722225857318,81.62582397460938,15987100,0.0,0.0
2019-03-27 00:00:00-04:00,81.59316861625744,82.05880820866759,80.93964275338115,81.34809875488281,12753200,0.0,0.0
2019-03-28 00:00:00-04:00,81.69117262151104,82.34470449549987,81.4787738275834,82.27117919921875,12454100,0.0,0.0
2019-03-29 00:00:00-04:00,82.94923220193144,83.31684005118638,82.17316218427561,82.69599151611328,14523400,0.0,0.0
2019-04-01 00:00:00-04:00,83.4475277485198,85.5143132618378,83.42302139579927,85.48163604736328,17499300,0.0,0.0
2019-04-02 00:00:00-04:00,85.44896549081157,86.13517458316116,85.22840206659964,85.89009857177734,10295400,0.0,0.0
2019-04-03 00:00:00-04:00,86.43743946365164,86.88674346694124,85.60419213237411,86.06166076660156,11499200,0.0,0.0
2019-04-04 00:00:00-04:00,86.06166891254554,87.03300121877672,85.97934761250947,86.89305877685547,11952100,0.8,0.0
2019-04-05 00:00:00-04:00,87.09060241101474,87.34578079801976,86.42383645881117,86.68724822998047,9933700,0.0,0.0
2019-04-08 00:00:00-04:00,86.52263917812624,86.96714782714844,86.35800913636996,86.96714782714844,8056300,0.0,0.0
2019-04-09 00:00:00-04:00,86.49792136347644,86.59669684910283,85.81469494681212,86.32505798339844,9092200,0.0,0.0
2019-04-10 00:00:00-04:00,86.53909641745047,87.02476569877358,85.99581227588841,86.71195983886719,10882300,0.0,0.0
2019-04-11 00:00:00-04:00,87.01653193911297,87.85616144551096,86.89305627285053,87.444580078125,11183800,0.0,0.0
2019-04-12 00:00:00-04:00,90.08694974348553,92.07076906583451,89.62597424914193,91.5439453125,25834100,0.0,0.0
2019-04-15 00:00:00-04:00,91.30520052665715,91.37105504655916,89.82351151025796,90.49850463867188,15163800,0.0,0.0
2019-04-16 00:00:00-04:00,90.46559911388313,91.69211001063299,90.43267184602105,91.4533920288086,11583200,0.0,0.0
2019-04-17 00:00:00-04:00,91.94726597116599,94.38383295444439,91.37928801026987,94.08749389648438,17791900,0.0,0.0
2019-04-18 00:00:00-04:00,94.27681803185386,94.62254484028308,93.28902535627533,93.39603424072266,12501900,0.0,0.0
2019-04-22 00:00:00-04:00,92.87745892015657,93.78293673132768,92.73752275338806,93.51129150390625,7975900,0.0,0.0
2019-04-23 00:00:00-04:00,93.01740238496728,94.14513775441269,92.8939267009758,93.62654113769531,9193100,0.0,0.0
2019-04-24 00:00:00-04:00,93.23142819383654,93.96404264398251,92.86100113507335,93.47014617919922,9245700,0.0,0.0
2019-04-25 00:00:00-04:00,93.02561203212541,93.96401694260808,92.60579732578341,93.5195083618164,9311800,0.0,0.0
2019-04-26 00:00:00-04:00,93.79939933325085,94.31799592094245,93.5112936068854,94.22744750976562,7889300,0.0,0.0
2019-04-29 00:00:00-04:00,94.33443685896746,96.44173747834265,94.21096120748247,95.58564758300781,14242200,0.0,0.0
2019-04-30 00:00:00-04:00,95.84084525807482,96.07956322420817,94.87774628729234,95.52804565429688,11389100,0.0,0.0
2019-05-01 00:00:00-04:00,95.25637921291268,96.31002635970302,94.7542495132341,94.79541015625,10412900,0.0,0.0
2019-05-02 00:00:00-04:00,94.80364188450274,95.30577160867158,94.31797893043635,95.00120544433594,8613300,0.0,0.0
2019-05-03 00:00:00-04:00,95.4868658057733,96.04661664963714,95.2152206285528,95.58564758300781,8185400,0.0,0.0
2019-05-06 00:00:00-04:00,93.98870303268681,95.05058350770287,93.61004900194368,94.73777770996094,9387000,0.0,0.0
2019-05-07 00:00:00-04:00,93.86527046945514,93.86527046945514,92.43296869055997,93.19027709960938,15017700,0.0,0.0
2019-05-08 00:00:00-04:00,92.73754127496746,93.56893133550844,92.57290491627005,92.69638061523438,9575800,0.0,0.0
2019-05-09 00:00:00-04:00,91.4862988214117,92.8033578399569,91.02532973497907,92.62226104736328,12205900,0.0,0.0
2019-05-10 00:00:00-04:00,91.98842357562204,92.88566782462213,90.99239755048929,92.61402893066406,13189000,0.0,0.0
2019-05-13 00:00:00-04:00,90.61373497544814,90.9183010994794,89.70825742685233,90.09513854980469,13783700,0.0,0.0
2019-05-14 00:00:00-04:00,90.17746971562046,91.96373113699683,90.13630907153131,90.8113021850586,10503600,0.0,0.0
2019-05-15 00:00:00-04:00,89.89759193570447,91.2887388189708,89.4036956034935,90.465576171875,10142000,0.0,0.0
2019-05-16 00:00:00-04:00,91.05825040079458,92.33414868126178,91.03355024703929,91.62622833251953,9672700,0.0,0.0
2019-05-17 00:00:00-04:00,90.54789964353225,91.98843441058844,90.40796348770274,91.18173217773438,9570100,0.0,0.0
2019-05-20 00:00:00-04:00,91.02533949629012,92.03782617402851,90.85247607034049,91.65917205810547,8518200,0.0,0.0
2019-05-21 00:00:00-04:00,91.73326689127859,92.12838152889864,91.55217006560525,91.97198486328125,7967900,0.0,0.0
2019-05-22 00:00:00-04:00,91.70030564011178,92.02133851928917,91.16524874807226,91.22286987304688,7918900,0.0,0.0
2019-05-23 00:00:00-04:00,90.25155315945904,90.37502881398497,88.48998557690484,89.42839050292969,14558000,0.0,0.0
2019-05-24 00:00:00-04:00,90.15276305461786,90.5149565997184,89.88112417602456,90.30916595458984,8537300,0.0,0.0
2019-05-28 00:00:00-04:00,89.88937129190302,90.40796785242935,89.26377211320376,89.32962036132812,11665500,0.0,0.0
2019-05-29 00:00:00-04:00,88.44882572162948,89.23083402045349,88.12779278513555,89.0826644897461,9966400,0.0,0.0
2019-05-30 00:00:00-04:00,89.4366319960509,89.8729072387258,87.69975813089493,88.12779998779297,10367800,0.0,0.0
2019-05-31 00:00:00-04:00,86.89305421448502,87.74091080637835,86.30037605465157,87.22232055664062,10952800,0.0,0.0
2019-06-03 00:00:00-04:00,87.09062694930384,87.96317750960486,86.67904554837183,87.6339111328125,11680700,0.0,0.0
2019-06-04 00:00:00-04:00,88.77810048325927,90.46558661673022,88.18542230408443,90.33387756347656,12858600,0.0,0.0
2019-06-05 00:00:00-04:00,90.43265605758857,90.8606979045963,89.42839654394636,90.6549072265625,8340500,0.0,0.0
2019-06-06 00:00:00-04:00,90.6713812114289,91.2640594161562,89.66712161788915,90.85247802734375,8726700,0.0,0.0
2019-06-07 00:00:00-04:00,90.30095532075599,90.56436716167528,89.69181661617394,89.85645294189453,10618900,0.0,0.0
2019-06-10 00:00:00-04:00,91.16525847150461,91.54391251604281,90.72898329584609,90.8277587890625,11380600,0.0,0.0
2019-06-11 00:00:00-04:00,91.22288539700213,91.84025738974854,90.85246471344735,91.1076431274414,9847700,0.0,0.0
2019-06-12 00:00:00-04:00,91.12410622175899,91.28874252600322,89.63418377968759,89.94698333740234,9670500,0.0,0.0
2019-06-13 00:00:00-04:00,90.10339595949176,90.67961366604942,89.76590248985435,90.16925048828125,8406900,0.0,0.0
2019-06-14 00:00:00-04:00,90.19392858200395,90.79484006163592,89.42015370472694,90.39971923828125,9077400,0.0,0.0
2019-06-17 00:00:00-04:00,90.30094495922569,90.85246873681334,89.77412133783717,89.90583038330078,8128600,0.0,0.0
2019-06-18 00:00:00-04:00,89.73297294697424,91.70856479886002,89.7082790693636,91.1323471069336,11057300,0.0,0.0
2019-06-19 00:00:00-04:00,91.22289071377196,91.85672323329776,90.30094622331958,90.47381591796875,13126500,0.0,0.0
2019-06-20 00:00:00-04:00,91.2722855963937,91.44514902431355,89.74943572928056,90.70430755615234,13638000,0.0,0.0
2019-06-21 00:00:00-04:00,90.7043090377245,91.92258643922105,89.79882495254427,90.0869369506836,27089500,0.0,0.0
2019-06-24 00:00:00-04:00,89.9552192224802,90.35856718867988,89.34608058043102,89.44486236572266,13039600,0.0,0.0
2019-06-25 00:00:00-04:00,89.4613104552623,89.70826174414222,88.62991448161426,88.7040023803711,18660100,0.0,0.0
2019-06-26 00:00:00-04:00,89.14850712478882,89.97989678269704,89.03326486962862,89.29667663574219,10324600,0.0,0.0
2019-06-27 00:00:00-04:00,89.59302520751953,90.17747625082471,89.26376515187488,89.59302520751953,10906600,0.0,0.0
2019-06-28 00:00:00-04:00,91.40398899699065,92.54818467305068,91.2887467188431,92.02959442138672,21634700,0.0,0.0
2019-07-01 00:00:00-04:00,93.20670488772751,94.2685791256776,93.08322924045378,93.5771255493164,12724500,0.0,0.0
2019-07-02 00:00:00-04:00,93.43718542051256,94.00516332532975,93.19846752071263,93.6759033203125,10174900,0.0,0.0
2019-07-03 00:00:00-04:00,93.95776747003788,94.39713768809398,93.06246265843316,93.52669525146484,6849400,0.8,0.0
2019-07-05 00:00:00-04:00,94.09870615328222,94.72873433080824,93.60959850724231,94.08212280273438,7929400,0.0,0.0
2019-07-08 00:00:00-04:00,93.64277475616252,94.07385339774332,93.26143984996177,93.56816864013672,6917200,0.0,0.0
2019-07-09 00:00:00-04:00,93.07902226938066,94.08209969148629,92.97125581607285,93.9660415649414,8947300,0.0,0.0
2019-07-10 00:00:00-04:00,93.98262600968079,94.3639607620264,93.46035810943214,93.69247436523438,9242300,0.0,0.0
2019-07-11 00:00:00-04:00,93.98263964962341,94.80333833737531,93.77539205905109,94.58779907226562,11595200,0.0,0.0
2019-07-12 00:00:00-04:00,94.6126646966729,95.62403391775172,94.44686915948051,95.58258819580078,10783400,0.0,0.0
2019-07-15 00:00:00-04:00,95.78152518699135,95.8063938801888,94.11525317113755,94.42198181152344,12946600,0.0,0.0
2019-07-16 00:00:00-04:00,94.07384385486752,95.74840186655068,93.60960487835794,95.43338775634766,16945000,0.0,0.0
2019-07-17 00:00:00-04:00,94.86135502572998,95.28414182621773,94.28106437776144,94.49659729003906,13120900,0.0,0.0
2019-07-18 00:00:00-04:00,94.44688209071717,95.39193069643304,94.13186799704361,95.06033325195312,9397200,0.0,0.0
2019-07-19 00:00:00-04:00,95.24270138823631,95.43337195276843,94.00750753009362,94.12356567382812,10402800,0.0,0.0
2019-07-22 00:00:00-04:00,93.60132321158044,94.87796305432055,93.48525871936282,94.72874450683594,9061100,0.0,0.0
2019-07-23 00:00:00-04:00,95.23441045184592,96.53592506640788,95.18467305405836,96.46131896972656,12752200,0.0,0.0
2019-07-24 00:00:00-04:00,95.81469902938436,96.89238260924262,95.76495531129977,96.85093688964844,10011000,0.0,0.0
2019-07-25 00:00:00-04:00,96.90067893278956,97.19082428264724,95.59916437083284,95.92247009277344,10138400,0.0,0.0
2019-07-26 00:00:00-04:00,95.97220356356718,96.58566093497112,95.77324766390066,96.34525299072266,12800400,0.0,0.0
2019-07-29 00:00:00-04:00,96.54422071910292,97.14109481592621,95.98879867194033,96.03853607177734,8500400,0.0,0.0
2019-07-30 00:00:00-04:00,95.49139173806012,96.22919257634715,95.13492566705789,95.82298278808594,7121100,0.0,0.0
2019-07-31 00:00:00-04:00,96.24578534931462,96.31210610005053,95.21783901168763,96.16288757324219,13648000,0.0,0.0
2019-08-01 00:00:00-04:00,95.60746141598167,96.82607827853666,93.34431491056606,93.62617492675781,15664500,0.0,0.0
2019-08-02 00:00:00-04:00,93.17852548885772,94.03238461881608,92.3495350598193,93.61788940429688,11025500,0.0,0.0
2019-08-05 00:00:00-04:00,91.84385843764585,92.00136865686345,89.75479883163833,90.83248901367188,15855300,0.0,0.0
2019-08-06 00:00:00-04:00,91.23040368417382,91.6034468655127,89.81282441581723,91.54541778564453,10203500,0.0,0.0
2019-08-07 00:00:00-04:00,89.5309555818524,89.76307186215055,87.82323752706368,89.55582427978516,17320900,0.0,0.0
2019-08-08 00:00:00-04:00,90.40140342240451,91.25526250141442,90.12783507921843,91.07288360595703,10903300,0.0,0.0
2019-08-09 00:00:00-04:00,90.65010578574372,91.56199402931632,89.77137791962588,90.9734115600586,9980800,0.0,0.0
2019-08-12 00:00:00-04:00,89.89572050661359,89.95374958130736,88.8760595373431,89.26568603515625,9393700,0.0,0.0
2019-08-13 00:00:00-04:00,89.48951140287342,91.46251260825059,88.72684175064612,90.64180755615234,12124700,0.0,0.0
2019-08-14 00:00:00-04:00,88.12168232012202,88.62736697164839,86.58804501566293,86.8781967163086,19491800,0.0,0.0
2019-08-15 00:00:00-04:00,86.89479419936882,88.18801750789947,86.49687592959984,87.20980834960938,13365600,0.0,0.0
2019-08-16 00:00:00-04:00,88.17971518657357,89.5143902980262,87.76521996748133,89.2988510131836,11830600,0.0,0.0
2019-08-19 00:00:00-04:00,90.88221296398511,90.98169408634546,89.87913536445664,90.10296630859375,8265400,0.0,0.0
2019-08-20 00:00:00-04:00,89.40660941254508,89.89571701570905,88.90092478498153,88.95895385742188,8374000,0.0,0.0
2019-08-21 00:00:00-04:00,89.70504983212504,89.88742873087077,89.07501536137475,89.20765686035156,8189300,0.0,0.0
2019-08-22 00:00:00-04:00,89.83769275701711,90.5837790641719,89.47293495373617,90.12783813476562,9343400,0.0,0.0
2019-08-23 00:00:00-04:00,89.53098392782572,90.17759557757527,87.13520162314016,87.88957977294922,14762300,0.0,0.0
2019-08-26 00:00:00-04:00,88.38696016030615,88.69368256548267,87.88127550211817,88.59420776367188,8209500,0.0,0.0
2019-08-27 00:00:00-04:00,88.99210744520501,89.16619464925179,86.9113400211704,87.65743255615234,14331800,0.0,0.0
2019-08-28 00:00:00-04:00,87.11032908039985,88.87607668653239,87.07716869921994,88.53619384765625,10585500,0.0,0.0
2019-08-29 00:00:00-04:00,89.64700922265499,91.09774222640108,89.54752811122256,90.54232025146484,10002200,0.0,0.0
2019-08-30 00:00:00-04:00,91.05630025653655,91.65317434178084,90.7495778638988,91.07288360595703,10170300,0.0,0.0
2019-09-03 00:00:00-04:00,90.34338190615455,90.35166725686321,88.96725472509385,89.99520111083984,9868800,0.0,0.0
2019-09-04 00:00:00-04:00,90.7329807855183,91.37130682303297,89.99517996531104,91.08116149902344,6929200,0.0,0.0
2019-09-05 00:00:00-04:00,92.22516934953795,94.2727763686203,92.18371730534597,93.15364074707031,13224700,0.0,0.0
2019-09-06 00:00:00-04:00,93.3940750417282,93.65935175520478,92.81377788276987,93.35262298583984,7836600,0.0,0.0
2019-09-09 00:00:00-04:00,94.26450097645937,96.2126272207829,94.1733115232417,95.66549682617188,13985100,0.0,0.0
2019-09-10 00:00:00-04:00,96.41160041046427,97.21571590549429,95.93907606506919,96.88412475585938,14333100,0.0,0.0
2019-09-11 00:00:00-04:00,96.9006762940251,97.15766126480175,95.64889916193357,97.14937591552734,9919200,0.0,0.0
2019-09-12 00:00:00-04:00,96.61884168236897,98.21050186476626,96.09657363914508,97.74626922607422,12283500,0.0,0.0
2019-09-13 00:00:00-04:00,98.64986410438824,99.8104520058495,98.44261649072355,99.66952514648438,16257200,0.0,0.0
2019-09-16 00:00:00-04:00,98.56696194116097,99.37108365837653,98.13588338207666,98.78250122070312,11993900,0.0,0.0
2019-09-17 00:00:00-04:00,98.16903092594987,98.32654110864557,97.19082210782298,98.29338073730469,10735400,0.0,0.0
2019-09-18 00:00:00-04:00,98.0861362315012,99.54516099271903,97.61361199331117,99.2798843383789,10665600,0.0,0.0
2019-09-19 00:00:00-04:00,99.23015094953948,99.76070431346218,98.72446628631705,98.96487426757812,9382600,0.0,0.0
2019-09-20 00:00:00-04:00,99.26330443646735,99.76069739003879,98.54208686743186,98.56695556640625,21862800,0.0,0.0
2019-09-23 00:00:00-04:00,97.63847359557124,98.74932385311709,97.5555758329947,98.55036163330078,9135100,0.0,0.0
2019-09-24 00:00:00-04:00,98.44262987039588,98.86541683064891,97.0250567592257,97.26546478271484,11696500,0.0,0.0
2019-09-25 00:00:00-04:00,97.21568849265044,98.1192911972866,97.09134500894757,97.82085418701172,9389400,0.0,0.0
2019-09-26 00:00:00-04:00,97.72140247308725,97.86233567150438,96.95044101872955,97.01676177978516,9899200,0.0,0.0
2019-09-27 00:00:00-04:00,97.78770103048353,98.35141472206764,97.22398733889942,97.5887451171875,10207800,0.0,0.0
2019-09-30 00:00:00-04:00,98.11931063602734,98.45919343330715,97.17426202449485,97.56388854980469,9755000,0.0,0.0
2019-10-01 00:00:00-04:00,98.15247764550956,98.64987068655306,95.67379779161097,95.78985595703125,11250300,0.0,0.0
2019-10-02 00:00:00-04:00,95.17638646122933,95.25099888658892,93.61788677529353,93.88316345214844,12548700,0.0,0.0
2019-10-03 00:00:00-04:00,93.8163039579711,94.35111374535055,92.3539494836193,93.74945831298828,12735200,0.9,0.0
2019-10-04 00:00:00-04:00,93.87478522613154,96.047430966835,93.81629131005774,95.780029296875,9453100,0.0,0.0
2019-10-07 00:00:00-04:00,95.42073784807108,96.51541278412189,95.32045979939929,95.57115173339844,6771600,0.0,0.0
2019-10-08 00:00:00-04:00,94.47646567847805,94.47646567847805,93.30658704618162,93.4402847290039,10806300,0.0,0.0
2019-10-09 00:00:00-04:00,94.15056773737311,94.56003162417154,93.64919028198918,94.11714172363281,7273700,0.0,0.0
2019-10-10 00:00:00-04:00,94.54330627440085,96.43183442800792,94.42631842531861,95.43743133544922,10994100,0.0,0.0
2019-10-11 00:00:00-04:00,96.95828147933052,98.59611777107267,96.82458381029022,97.05020141601562,15076500,0.0,0.0
2019-10-14 00:00:00-04:00,96.80787243718508,97.66021982427495,96.64910684575466,97.30924987792969,8779000,0.0,0.0
2019-10-15 00:00:00-04:00,99.3147509473646,101.60437828375733,98.49583607265203,100.24230194091797,23379000,0.0,0.0
2019-10-16 00:00:00-04:00,100.24231463634436,100.7938342700826,99.75764702645802,100.00833892822266,11087700,0.0,0.0
2019-10-17 00:00:00-04:00,100.90246817414038,101.58768550838307,100.17546672943307,100.5682144165039,10818500,0.0,0.0
2019-10-18 00:00:00-04:00,100.27573148783321,101.1280724003217,100.15874364445949,100.74368286132812,10417400,0.0,0.0
2019-10-21 00:00:00-04:00,101.9887865253406,103.42606677788214,101.93864432005483,103.24223327636719,12714600,0.0,0.0
2019-10-22 00:00:00-04:00,103.15866281021034,104.53745548135021,102.88290937627015,104.27841186523438,12549100,0.0,0.0
2019-10-23 00:00:00-04:00,103.78539836715146,104.5792518773229,103.76033044978949,104.55418395996094,8828300,0.0,0.0
2019-10-24 00:00:00-04:00,104.69623929715334,105.0054251524785,103.67676815969465,104.47897338867188,8020500,0.0,0.0
2019-10-25 00:00:00-04:00,104.45389140894936,105.8326840506194,104.24498362613146,105.31459045410156,9055700,0.0,0.0
2019-10-28 00:00:00-04:00,105.76585696995451,106.30066051004793,105.62380117422744,105.7157211303711,9522200,0.0,0.0
2019-10-29 00:00:00-04:00,105.33965605101083,106.47611487457227,105.23938439769387,105.64884185791016,9797300,0.0,0.0
2019-10-30 00:00:00-04:00,105.33131316151922,105.50679494489641,104.38704584455061,105.06391143798828,8513700,0.0,0.0
2019-10-31 00:00:00-04:00,104.86335633765768,105.06391241368839,103.50127979192271,104.38704681396484,11589100,0.0,0.0
2019-11-01 00:00:00-04:00,105.4566480908148,106.95242860742148,105.30623422949793,106.79366302490234,11682600,0.0,0.0
2019-11-04 00:00:00-05:00,107.86327850706016,108.14739005931499,107.42874670608661,107.6460189819336,9159900,0.0,0.0
2019-11-05 00:00:00-05:00,108.12233234714202,108.88275988293177,107.66273258646022,107.8800048828125,13747600,0.0,0.0
2019-11-06 00:00:00-05:00,107.5373911805311,108.49836204971551,107.44547122994395,108.04712677001953,11231100,0.0,0.0
2019-11-07 00:00:00-05:00,108.991357180272,109.71000042922991,108.56518991372387,108.63204193115234,13528900,0.0,0.0
2019-11-08 00:00:00-05:00,108.53176181823068,108.96628077155881,108.00531019122757,108.94957733154297,9293400,0.0,0.0
2019-11-11 00:00:00-05:00,108.29781307044534,108.71562868761416,108.08890526186093,108.5652084350586,8679000,0.0,0.0
2019-11-12 00:00:00-05:00,108.32287769313503,109.15014442950942,107.8047776731119,107.93013000488281,9099000,0.0,0.0
2019-11-13 00:00:00-05:00,107.06942182284855,107.64600934834884,106.47611810438207,107.36188507080078,8023300,0.0,0.0
2019-11-14 00:00:00-05:00,106.72683668433123,107.66273971296307,106.61820052896417,107.46219635009766,8483400,0.0,0.0
2019-11-15 00:00:00-05:00,107.98859646622313,108.23928833007812,107.29502116820204,108.23928833007812,10163600,0.0,0.0
2019-11-18 00:00:00-05:00,108.26437185887357,109.17520676991032,107.7880687244869,109.15013885498047,8749300,0.0,0.0
2019-11-19 00:00:00-05:00,109.45934160768631,109.67660114159298,108.78246958717834,109.11672973632812,8824500,0.0,0.0
2019-11-20 00:00:00-05:00,108.88274734758342,109.15014269982736,107.7462884114263,108.3228759765625,11782800,0.0,0.0
2019-11-21 00:00:00-05:00,108.63203239612679,109.23368774945503,108.12229696485473,108.57353210449219,7705500,0.0,0.0
2019-11-22 00:00:00-05:00,108.75737954324975,109.65151091575426,108.71560818998519,109.29218292236328,8167900,0.0,0.0
2019-11-25 00:00:00-05:00,109.67659541024835,110.36181911715715,109.3590514728301,109.87715148925781,10068500,0.0,0.0
2019-11-26 00:00:00-05:00,110.15289442593777,110.15289442593777,108.93286744613177,110.02754211425781,10490700,0.0,0.0
2019-11-27 00:00:00-05:00,110.54563855358363,110.66262640384623,110.01083513085183,110.35344696044922,6607900,0.0,0.0
2019-11-29 00:00:00-05:00,110.19468025529483,110.64592823547342,109.84371668777813,110.1027603149414,5712000,0.0,0.0
2019-12-02 00:00:00-05:00,110.56238567193414,110.92171379513888,109.76018668881417,109.86045837402344,8615600,0.0,0.0
2019-12-03 00:00:00-05:00,108.43985994852353,108.59863191012964,107.4538085425739,108.44821166992188,10361300,0.0,0.0
2019-12-04 00:00:00-05:00,108.94961783938393,110.6960842741993,108.6237221278599,110.58744812011719,10318200,0.0,0.0
2019-12-05 00:00:00-05:00,110.87155818881071,111.39801000430536,110.45374252590312,111.18910217285156,9587400,0.0,0.0
2019-12-06 00:00:00-05:00,112.55117227935085,113.46200725883018,112.51773988978573,112.84363555908203,10170600,0.0,0.0
2019-12-09 00:00:00-05:00,112.50102431887167,113.1945996942976,112.31718444824219,112.31718444824219,8498200,0.0,0.0
2019-12-10 00:00:00-05:00,111.34786359085027,112.61802665567195,111.03868410989061,112.39240264892578,7532900,0.0,0.0
2019-12-11 00:00:00-05:00,112.21691995162402,112.82693997182048,111.98294421125772,112.125,9011900,0.0,0.0
2019-12-12 00:00:00-05:00,112.38401724426254,115.70982503819988,112.15004158543582,115.33379364013672,13717400,0.0,0.0
2019-12-13 00:00:00-05:00,115.2753195423657,116.01067906617281,113.82968116099033,114.32270050048828,10592100,0.0,0.0
2019-12-16 00:00:00-05:00,115.6346658226217,116.01904908835625,114.74889866598238,114.7656021118164,11372000,0.0,0.0
2019-12-17 00:00:00-05:00,115.0914901497095,115.87698557613663,114.67367451869261,115.46752166748047,11546800,0.0,0.0
2019-12-18 00:00:00-05:00,115.44244484410534,116.16945265648157,115.08312954949561,115.35052490234375,10381500,0.0,0.0
2019-12-19 00:00:00-05:00,115.11654776565994,115.50094372211295,114.56504087262044,114.7739486694336,9350400,0.0,0.0
2019-12-20 00:00:00-05:00,115.33382103577736,116.05246437308044,114.3979054274421,114.6820297241211,29992600,0.0,0.0
2019-12-23 00:00:00-05:00,114.9828731499074,115.24191681542695,114.38121758772955,114.64861297607422,9738400,0.0,0.0
2019-12-24 00:00:00-05:00,114.75720248727056,115.00789432807986,114.53157855547053,114.96611022949219,3324300,0.0,0.0
2019-12-26 00:00:00-05:00,115.22519400661793,116.23631344219552,115.13327405792906,116.18616485595703,6770900,0.0,0.0
2019-12-27 00:00:00-05:00,116.40343367213013,116.7961813729296,115.87698191345834,116.26972961425781,7868200,0.0,0.0
2019-12-30 00:00:00-05:00,116.90478632771409,117.05520655678005,115.70983996955985,115.84354400634766,6963000,0.0,0.0
2019-12-31 00:00:00-05:00,115.74328057517569,116.55384391283118,115.5594406789618,116.48699188232422,7201600,0.0,0.0
2020-01-02 00:00:00-05:00,116.81288491151854,117.90757254167191,116.37000137633925,117.89920806884766,10803700,0.0,0.0
2020-01-03 00:00:00-05:00,115.63691231214669,117.09183132484358,115.28369564717512,116.34334564208984,10386800,0.9,0.0
2020-01-06 00:00:00-05:00,114.84640801602077,116.28451677614038,114.7959503108552,116.25086975097656,10259000,0.0,0.0
2020-01-07 00:00:00-05:00,115.45188681388682,115.93966585195649,114.22404029786294,114.27449798583984,10531300,0.0,0.0
2020-01-08 00:00:00-05:00,114.12311528963275,115.70419133098385,114.0390234181717,115.16595458984375,9695300,0.0,0.0
2020-01-09 00:00:00-05:00,116.09948720214562,116.25086030534295,115.25007312560803,115.58647918701172,9469000,0.0,0.0
2020-01-10 00:00:00-05:00,115.39302258418257,115.42665676495747,114.21562093585072,114.43428802490234,10190900,0.0,0.0
2020-01-13 00:00:00-05:00,114.53523467857302,115.38463592529298,114.17359976546075,115.38463592529297,12355200,0.0,0.0
2020-01-14 00:00:00-05:00,116.0069600949513,118.37856152464782,115.7967111496821,116.73021697998047,24906000,0.0,0.0
2020-01-15 00:00:00-05:00,115.93127109131107,116.56201791371738,114.5015680277952,114.98094177246094,16293400,0.0,0.0
2020-01-16 00:00:00-05:00,115.59487812365074,115.97332369326148,115.08187013693181,115.42668151855469,10783800,0.0,0.0
2020-01-17 00:00:00-05:00,115.67054096391335,116.30128772818327,115.48553371903054,116.22560119628906,14697700,0.0,0.0
2020-01-21 00:00:00-05:00,115.37620942054033,116.11628978968994,114.95571154399201,115.08185577392578,8474200,0.0,0.0
2020-01-22 00:00:00-05:00,115.4182645550219,115.55281412600017,114.69500767663318,114.94729614257812,7549100,0.0,0.0
2020-01-23 00:00:00-05:00,114.1315441143198,114.99776874994944,113.29895366389925,114.82955932617188,9345700,0.0,0.0
2020-01-24 00:00:00-05:00,114.68658394567385,114.73704163641648,111.28056149478117,111.97857666015625,15166400,0.0,0.0
2020-01-27 00:00:00-05:00,109.55652651054487,111.80198375768954,109.08557091553622,111.03667449951172,12860500,0.0,0.0
2020-01-28 00:00:00-05:00,111.71787353408547,113.50919860699318,111.41511454757398,113.0550537109375,13062800,0.0,0.0
2020-01-29 00:00:00-05:00,113.37463515465771,113.98855845985048,112.432724019833,112.88685607910156,9326000,0.0,0.0
2020-01-30 00:00:00-05:00,111.59174424446631,114.48477209568864,111.59174424446631,114.28292846679688,9048900,0.0,0.0
2020-01-31 00:00:00-05:00,113.1055419675051,113.39147749054321,110.56573078429983,111.31421661376953,12785200,0.0,0.0
2020-02-03 00:00:00-05:00,111.56651249869195,112.89528748109961,111.56651249869195,112.16361236572266,10021100,0.0,0.0
2020-02-04 00:00:00-05:00,113.99700272949141,114.8800510368493,113.60173360936533,113.77833557128906,9157100,0.0,0.0
2020-02-05 00:00:00-05:00,114.85477914757509,115.83032432390954,114.38381081623702,115.71258544921875,10150700,0.0,0.0
2020-02-06 00:00:00-05:00,116.25924727771714,116.30128679560409,115.3089180540799,115.72941589355469,8992300,0.0,0.0
2020-02-07 00:00:00-05:00,114.98935766519374,115.77989580838515,114.6277356134579,115.3593978881836,6379800,0.0,0.0
2020-02-10 00:00:00-05:00,115.17439688317498,115.93130096464881,115.00620025370753,115.83879089355469,5960700,0.0,0.0
2020-02-11 00:00:00-05:00,116.27605782100675,116.74702618005213,115.87238348868635,116.05740356445312,6578600,0.0,0.0
2020-02-12 00:00:00-05:00,116.56200610428536,117.14228234274408,115.8892069953676,116.05740356445312,7958000,0.0,0.0
2020-02-13 00:00:00-05:00,115.84714839492773,116.34333273836205,114.71179915784582,115.95648193359375,7447500,0.0,0.0
2020-02-14 00:00:00-05:00,115.92285641666807,116.2172100756985,115.16596533998602,115.60328674316406,6627600,0.0,0.0
2020-02-18 00:00:00-05:00,115.50238345374814,115.8135606888397,113.57650832855383,114.07269287109375,8996400,0.0,0.0
2020-02-19 00:00:00-05:00,115.1407532414352,116.38542359644823,114.66137941258295,115.62853240966797,7071200,0.0,0.0
2020-02-20 00:00:00-05:00,115.35940755854125,116.36019474572751,114.82117068886703,115.62853240966797,7422800,0.0,0.0
2020-02-21 00:00:00-05:00,114.83797871691877,115.1491430555738,113.46715146054775,114.21563720703125,9772800,0.0,0.0
2020-02-24 00:00:00-05:00,110.54050091954095,112.02064905395697,110.00226406770068,111.1460189819336,13618400,0.0,0.0
2020-02-25 00:00:00-05:00,110.17045388008121,111.20487515926854,105.62066335376448,106.18413543701172,20797200,0.0,0.0
2020-02-26 00:00:00-05:00,106.74760508521973,108.44641390432542,106.25141418986762,106.50371551513672,24825600,0.0,0.0
2020-02-27 00:00:00-05:00,103.36680493538914,105.64590296153398,102.01280107827777,102.07167053222656,23005500,0.0,0.0
2020-02-28 00:00:00-05:00,98.83384173063014,99.64960883294437,94.74660729553437,97.64804077148438,45931400,0.0,0.0
2020-03-02 00:00:00-05:00,98.08532369765189,102.24825615702076,96.2603646147683,102.19779205322266,27355400,0.0,0.0
2020-03-03 00:00:00-05:00,101.73525636964482,103.40042435277543,97.7573436698757,98.36286163330078,32547700,0.0,0.0
2020-03-04 00:00:00-05:00,99.51503936509202,101.07929214202095,96.46222035707476,100.79335021972656,25795900,0.0,0.0
2020-03-05 00:00:00-05:00,97.27799522691956,97.91715391414192,94.6793209486552,95.84830474853516,25025600,0.0,0.0
2020-03-06 00:00:00-05:00,89.3642016751171,92.77864204150731,88.32136242477246,90.89481353759766,38159400,0.0,0.0
2020-03-09 00:00:00-04:00,81.21494799263765,83.4519994554225,78.21259384057048,78.58263397216797,40352000,0.0,0.0
2020-03-10 00:00:00-04:00,83.25859534281136,85.17606499682735,79.54139494923373,84.68828582763672,31102700,0.0,0.0
2020-03-11 00:00:00-04:00,82.16527308988836,84.14161801608684,79.51614190441623,80.70194244384766,38127000,0.0,0.0
2020-03-12 00:00:00-04:00,75.34479497475148,81.542935041755,72.59474210377304,74.04966735839844,49725200,0.0,0.0
2020-03-13 00:00:00-04:00,80.7271866714309,87.45515320694433,77.37161515840447,87.38787841796875,38543300,0.0,0.0
2020-03-16 00:00:00-04:00,71.65282959146893,79.03677707442655,71.10618753080568,74.31037902832031,38589700,0.0,0.0
2020-03-17 00:00:00-04:00,76.43810822281725,81.94663331350031,73.58713295643669,78.85176849365234,35239800,0.0,0.0
2020-03-18 00:00:00-04:00,73.73009507665574,76.35400409854968,67.58241826289995,70.55113220214844,41525600,0.0,0.0
2020-03-19 00:00:00-04:00,68.59160982045073,74.10013442929673,64.68098480129234,71.7369384765625,32175100,0.0,0.0
2020-03-20 00:00:00-04:00,72.57794306308594,75.23548656287478,69.3653392328673,70.22315216064453,30150800,0.0,0.0
2020-03-23 00:00:00-04:00,69.53354167046926,70.43340703201778,65.67336713069169,66.46390533447266,32536600,0.0,0.0
2020-03-24 00:00:00-04:00,71.40054839444535,75.77372421400952,69.71855670749157,74.3692626953125,34363200,0.0,0.0
2020-03-25 00:00:00-04:00,75.05045495322425,80.02074265194915,71.09777770436531,77.14453887939453,38111700,0.0,0.0
2020-03-26 00:00:00-04:00,79.1208778472263,82.89694678429504,78.66673939438535,82.51850128173828,29826300,0.0,0.0
2020-03-27 00:00:00-04:00,78.37240952032474,79.76004761425672,76.15218087048619,76.63995361328125,30041500,0.0,0.0
2020-03-30 00:00:00-04:00,76.23627321593112,79.12929450589814,75.10093012953521,78.63311004638672,21656900,0.0,0.0
2020-03-31 00:00:00-04:00,77.41365869987739,79.19656552232561,75.134554649183,75.71484375,23379300,0.0,0.0
2020-04-01 00:00:00-04:00,71.56873857519153,72.79659162654521,70.01289768761337,70.94640350341797,28029600,0.0,0.0
2020-04-02 00:00:00-04:00,70.23156704993998,73.93195016908417,69.76901675393847,73.59555053710938,24018000,0.0,0.0
2020-04-03 00:00:00-04:00,73.0772232672107,74.33483414803463,70.33257586641446,71.42024230957031,21199400,0.9,0.0
2020-04-06 00:00:00-04:00,75.61791933165934,77.31738941024994,74.52176035301272,76.01729583740234,26820800,0.0,0.0
2020-04-07 00:00:00-04:00,80.2574617728116,80.29995111261724,76.79904085722691,77.01997375488281,22563800,0.0,0.0
2020-04-08 00:00:00-04:00,78.26060653878689,80.60587738361146,76.943520937308,80.1300277709961,22903300,0.0,0.0
2020-04-09 00:00:00-04:00,82.35629394992593,88.70381384222048,82.33080294360538,87.3187484741211,42055900,0.0,0.0
2020-04-13 00:00:00-04:00,87.61618069013726,87.61618069013726,82.67922217117957,83.43548583984375,26911900,0.0,0.0
2020-04-14 00:00:00-04:00,85.84022284975198,86.6729659634735,79.56918117567332,81.14968872070312,46151300,0.0,0.0
2020-04-15 00:00:00-04:00,77.4533431545565,78.20110758794159,76.58660986205513,77.1474380493164,30118600,0.0,0.0
2020-04-16 00:00:00-04:00,76.67158423471965,76.9604909940041,73.9694269456389,74.20735168457031,32449600,0.0,0.0
2020-04-17 00:00:00-04:00,78.17560480666282,81.31962110244152,77.2918798004581,80.87776184082031,30191900,0.0,0.0
2020-04-20 00:00:00-04:00,78.57499196743716,80.4783964427186,76.86702290045416,77.92919158935547,23679400,0.0,0.0
2020-04-21 00:00:00-04:00,75.30352084258041,77.64878486232163,75.05709690543353,75.66890716552734,23035000,0.0,0.0
2020-04-22 00:00:00-04:00,77.06246103516733,78.06514848793088,75.77935950629195,75.91531372070312,16662400,0.0,0.0
2020-04-23 00:00:00-04:00,76.25522305432611,77.56381583472347,75.84735385285612,75.95781707763672,16638800,0.0,0.0
2020-04-24 00:00:00-04:00,77.01997133057061,77.41084860921961,75.19303998680465,77.07945251464844,15809200,0.0,0.0
2020-04-27 00:00:00-04:00,78.12463418446119,81.26015177393153,77.78473890435794,80.40192413330078,22870200,0.0,0.0
2020-04-28 00:00:00-04:00,83.11258188181742,83.57993874528208,80.75031951658987,80.97125244140625,20238900,0.0,0.0
2020-04-29 00:00:00-04:00,84.19175290345144,84.5061507325396,82.65372800715686,83.15507507324219,20462600,0.0,0.0
2020-04-30 00:00:00-04:00,81.2346447902557,82.2883141167386,80.34242714874429,81.37060546875,19127600,0.0,0.0
2020-05-01 00:00:00-04:00,79.45021908021165,79.65415365620386,78.03965592910423,79.23778533935547,18547700,0.0,0.0
2020-05-04 00:00:00-04:00,78.1926004039082,78.74492936966685,77.15592930131574,78.29457092285156,15725900,0.0,0.0
2020-05-05 00:00:00-04:00,79.57768509782909,80.05353462956681,78.09064882818505,78.17562103271484,18064100,0.0,0.0
2020-05-06 00:00:00-04:00,78.3115869064033,78.82142665013978,76.41667485400855,76.70558166503906,20978000,0.0,0.0
2020-05-07 00:00:00-04:00,77.61479671924488,78.94888697764809,76.9690027459497,77.50433349609375,16771900,0.0,0.0
2020-05-08 00:00:00-04:00,78.85541020450668,79.94306996187143,78.26909098284831,78.77043151855469,20487800,0.0,0.0
2020-05-11 00:00:00-04:00,77.4193581087016,77.4193581087016,75.90683081198047,76.4506607055664,31907600,0.0,0.0
2020-05-12 00:00:00-04:00,76.60360606940445,77.14743591188332,73.84196751686271,73.95243072509766,27962900,0.0,0.0
2020-05-13 00:00:00-04:00,73.40010465016621,73.80798028980062,70.8678980605236,71.40322875976562,35451600,0.0,0.0
2020-05-14 00:00:00-04:00,70.2900591564903,74.87012891423848,70.01814429735919,74.36878204345703,35152500,0.0,0.0
2020-05-15 00:00:00-04:00,73.79945574187937,74.16484191399624,72.48237087621989,72.9922103881836,26099000,0.0,0.0
2020-05-18 00:00:00-04:00,75.36297676250167,77.45332346151513,74.67468720923218,76.85850524902344,30504400,0.0,0.0
2020-05-19 00:00:00-04:00,76.5186313688837,77.49582133067612,75.27801269316544,75.34599304199219,19597300,0.0,0.0
2020-05-20 00:00:00-04:00,77.07946231166422,78.50701739394123,76.79055551884042,77.6063003540039,20552400,0.0,0.0
2020-05-21 00:00:00-04:00,76.7055853123136,77.97169529040112,76.19574554433474,76.62061309814453,14621400,0.0,0.0
2020-05-22 00:00:00-04:00,76.48466803284818,76.78207405962105,75.38850883448654,76.02581024169922,13557900,0.0,0.0
2020-05-26 00:00:00-04:00,78.93189154175245,82.84917080297109,78.69396675518229,81.42161560058594,41233900,0.0,0.0
2020-05-27 00:00:00-04:00,86.73243078542987,87.16579734870295,83.95380084165289,86.13761901855469,39402000,0.0,0.0
2020-05-28 00:00:00-04:00,87.47169973629806,87.48019241630809,84.46363785748198,84.8545150756836,24713900,0.0,0.0
2020-05-29 00:00:00-04:00,83.83485336368409,84.27671268562756,82.23734750697058,82.68770599365234,26526400,0.0,0.0
2020-06-01 00:00:00-04:00,83.06158588961256,84.55712111830216,82.74718164496176,83.78385925292969,15176800,0.0,0.0
2020-06-02 00:00:00-04:00,85.21142625177359,85.33038863521534,83.21455026347141,84.06428527832031,21195000,0.0,0.0
2020-06-03 00:00:00-04:00,86.3160923131488,89.15420441228453,85.8742264342761,88.60187530517578,25941100,0.0,0.0
2020-06-04 00:00:00-04:00,88.21948517516128,90.59024654223458,87.34425918491169,90.44579315185547,26784700,0.0,0.0
2020-06-05 00:00:00-04:00,97.66004634640228,98.37382065312272,93.07147593060435,94.51602935791016,42231000,0.0,0.0
2020-06-08 00:00:00-04:00,96.36843635357579,97.03122852614716,95.11932503620848,96.40242004394531,24881800,0.0,0.0
2020-06-09 00:00:00-04:00,94.02317412253099,94.85591074846037,92.62960931415007,93.92970275878906,17031100,0.0,0.0
2020-06-10 00:00:00-04:00,93.86171378571446,93.90420312277226,89.94443548201029,90.12287902832031,24913300,0.0,0.0
2020-06-11 00:00:00-04:00,84.9989741327785,86.3160657144027,82.03340138694143,82.60272216796875,36259200,0.0,0.0
2020-06-12 00:00:00-04:00,85.57680370672573,85.93369082009835,82.70470198778511,84.86302947998047,24856800,0.0,0.0
2020-06-15 00:00:00-04:00,81.93144587699531,86.18861997638668,81.46409552400115,86.0356674194336,22153600,0.0,0.0
2020-06-16 00:00:00-04:00,89.5365726682743,89.79998842426295,84.38717454033288,86.72394561767578,22193600,0.0,0.0
2020-06-17 00:00:00-04:00,87.12330332179604,87.13180248456838,84.30218419681614,84.5316162109375,15639800,0.0,0.0
2020-06-18 00:00:00-04:00,83.84332951369105,85.41533756622975,83.38447195274601,84.07276153564453,16591900,0.0,0.0
2020-06-19 00:00:00-04:00,85.42385961273996,85.48334080418736,82.19487046093798,83.11257934570312,40371200,0.0,0.0
2020-06-22 00:00:00-04:00,82.6367204848494,83.23153233217215,82.03340947314693,82.21185302734375,16216900,0.0,0.0
2020-06-23 00:00:00-04:00,84.09827906431421,84.94801411561299,83.14657347299256,83.21455383300781,15381400,0.0,0.0
2020-06-24 00:00:00-04:00,82.2118482130969,82.28832123914754,80.13849306733486,80.43590545654297,22919800,0.0,0.0
2020-06-25 00:00:00-04:00,80.17249228255838,83.45246975101551,80.09601924788235,83.24003601074219,25743600,0.0,0.0
2020-06-26 00:00:00-04:00,80.81829188851349,81.03922479149597,78.1756156663719,78.67695617675781,41896300,0.0,0.0
2020-06-29 00:00:00-04:00,79.36524776377283,80.29145577239181,78.32857005958263,79.02535247802734,18499700,0.0,0.0
2020-06-30 00:00:00-04:00,78.88087816979625,80.43589431370026,78.6599453202073,79.9260482788086,19137000,0.0,0.0
2020-07-01 00:00:00-04:00,80.6313423782995,81.32812472173669,79.05083498024102,79.24627685546875,18755700,0.0,0.0
2020-07-02 00:00:00-04:00,81.28836709217849,81.47713150417434,78.87734621164661,79.50370025634766,27845600,0.9,0.0
2020-07-06 00:00:00-04:00,81.02238327270975,81.68305215899171,80.20727137395266,81.5114517211914,18625300,0.0,0.0
2020-07-07 00:00:00-04:00,80.49897483411495,80.73921800999982,78.93738764472772,79.21195220947266,25757200,0.0,0.0
2020-07-08 00:00:00-04:00,79.18620604666184,80.08711787934686,78.76578052474215,80.05280303955078,18762200,0.0,0.0
2020-07-09 00:00:00-04:00,80.24157023935705,80.75638454247391,77.89061066992413,78.31961822509766,25600800,0.0,0.0
2020-07-10 00:00:00-04:00,78.93739069942934,83.09018072016717,78.82585109091949,82.60111236572266,28954200,0.0,0.0
2020-07-13 00:00:00-04:00,84.71182162635813,85.17514395370516,82.56678418216542,83.78516387939453,32079200,0.0,0.0
2020-07-14 00:00:00-04:00,84.40295634850862,85.75861536965522,82.91858719387714,84.26567077636719,42731700,0.0,0.0
2020-07-15 00:00:00-04:00,86.56514891734678,86.90835629037036,84.64319679300526,85.56985473632812,22508400,0.0,0.0
2020-07-16 00:00:00-04:00,84.75472769335784,86.848286562037,84.55738789280001,85.81008911132812,16886900,0.0,0.0
2020-07-17 00:00:00-04:00,85.80151543273496,85.87015821615381,84.2056067219952,84.22277069091797,16137700,0.0,0.0
2020-07-20 00:00:00-04:00,83.59642579495822,84.4201196467182,83.45056477400983,83.4848861694336,14458100,0.0,0.0
2020-07-21 00:00:00-04:00,83.83666592129441,85.84442492956325,83.77660511805465,85.29529571533203,17798100,0.0,0.0
2020-07-22 00:00:00-04:00,85.50122224810751,85.91306590841896,83.68222753434391,84.67752838134766,14271200,0.0,0.0
2020-07-23 00:00:00-04:00,84.51449565641734,85.24380725386982,84.05974865610473,84.92634582519531,12870200,0.0,0.0
2020-07-24 00:00:00-04:00,85.45830139422418,85.62990833938235,84.03399975315718,84.32572174072266,12744200,0.0,0.0
2020-07-27 00:00:00-04:00,83.66506767522193,83.76802531423586,82.51532385251801,83.14167785644531,11959100,0.0,0.0
2020-07-28 00:00:00-04:00,82.79844973242635,83.99109009089173,82.79844973242635,83.50202178955078,11754300,0.0,0.0
2020-07-29 00:00:00-04:00,83.2875121858623,85.55267116420046,83.2274514003054,85.52693176269531,12743500,0.0,0.0
2020-07-30 00:00:00-04:00,83.69080046044958,83.86240087598095,82.41235969017293,83.24462890625,14834800,0.0,0.0
2020-07-31 00:00:00-04:00,82.78130770571838,83.16741191947195,81.72594615071623,82.91858673095703,14535000,0.0,0.0
2020-08-03 00:00:00-04:00,83.24462595838324,83.71653690358755,82.2407498161879,82.45525360107422,12962800,0.0,0.0
2020-08-04 00:00:00-04:00,82.29223098995328,82.3265458331899,81.53717351603409,81.98334503173828,13366200,0.0,0.0
2020-08-05 00:00:00-04:00,82.25790157561006,84.48873929808644,82.12919801455402,83.40763854980469,15260900,0.0,0.0
2020-08-06 00:00:00-04:00,83.72510864269124,84.17127358035897,82.83277222122057,83.43338012695312,10482100,0.0,0.0
2020-08-07 00:00:00-04:00,83.16741937072327,85.36393634042584,82.84995136807781,85.2695541381836,14743700,0.0,0.0
2020-08-10 00:00:00-04:00,85.8958999757906,87.55186953083906,85.82725719049186,86.35064697265625,14989900,0.0,0.0
2020-08-11 00:00:00-04:00,89.11344583907577,91.08688312174512,88.8131418733136,89.0791244506836,31518600,0.0,0.0
2020-08-12 00:00:00-04:00,91.08689911260396,91.3185603422513,87.2687274468988,88.32408905029297,19240800,0.0,0.0
2020-08-13 00:00:00-04:00,87.51756918270235,88.6844706288294,87.20868312071941,87.83503723144531,13598600,0.0,0.0
2020-08-14 00:00:00-04:00,87.08853446048613,88.64153972900817,87.01989167998654,87.86933135986328,12134400,0.0,0.0
2020-08-17 00:00:00-04:00,87.08852871436781,87.51753624498046,85.39823799637232,85.55268096923828,14988000,0.0,0.0
2020-08-18 00:00:00-04:00,85.72429383232064,85.72429383232064,84.18844598107106,84.36004638671875,13246500,0.0,0.0
2020-08-19 00:00:00-04:00,84.87485735209813,86.30774108633982,84.37720699235342,84.5573959350586,13533000,0.0,0.0
2020-08-20 00:00:00-04:00,83.4505473232501,84.11121604512566,83.05586117761678,83.54492950439453,13672600,0.0,0.0
2020-08-21 00:00:00-04:00,83.45911841994003,84.57454056846822,83.17597843736851,83.50202178955078,12228300,0.0,0.0
2020-08-24 00:00:00-04:00,84.47159936915277,85.98170805324621,83.5878447024947,85.8530044555664,17898300,0.0,0.0
2020-08-25 00:00:00-04:00,86.89120631344647,87.50040293538385,85.62992932464562,86.23053741455078,13648900,0.0,0.0
2020-08-26 00:00:00-04:00,85.75005496849502,86.03319505495072,84.98642184141936,85.02073669433594,12052400,0.0,0.0
2020-08-27 00:00:00-04:00,84.94352093692991,88.07527832110488,84.94352093692991,87.81787109375,22163900,0.0,0.0
2020-08-28 00:00:00-04:00,88.4956829923547,88.59006518355349,87.35452125959557,88.17821502685547,13756700,0.0,0.0
2020-08-31 00:00:00-04:00,87.62050804861383,87.67198686201249,85.81867102602926,85.96453857421875,14219400,0.0,0.0
2020-09-01 00:00:00-04:00,85.41542785015953,86.54800781238085,84.97783820339707,85.9216537475586,11595600,0.0,0.0
2020-09-02 00:00:00-04:00,85.75862473302547,87.46607985574339,85.42399929706583,87.21725463867188,14475700,0.0,0.0
2020-09-03 00:00:00-04:00,88.65012874592067,90.08301253531029,86.35064778584821,86.94268035888672,23281200,0.0,0.0
2020-09-04 00:00:00-04:00,89.27647745851311,90.27177161160523,86.97699663375218,88.82172393798828,26325500,0.0,0.0
2020-09-08 00:00:00-04:00,88.35840281329071,88.86462860841927,85.35534979556427,85.73287200927734,22108600,0.0,0.0
2020-09-09 00:00:00-04:00,86.48792046998888,87.25155334796338,85.42397708478823,86.54798126220703,13434000,0.0,0.0
2020-09-10 00:00:00-04:00,87.0027539439784,87.87792668189736,85.49264516197552,85.65567016601562,15922800,0.0,0.0
2020-09-11 00:00:00-04:00,85.77578144265348,86.96842205879878,85.4497314738903,86.71959686279297,13784300,0.0,0.0
2020-09-14 00:00:00-04:00,87.09712074589434,88.7702476898505,86.97699914715575,87.92081451416016,19017400,0.0,0.0
2020-09-15 00:00:00-04:00,88.14388685847854,88.24684447248929,85.06360949866558,85.18373107910156,23683000,0.0,0.0
2020-09-16 00:00:00-04:00,85.31245193456539,86.77107516186784,84.7375833193692,85.54411315917969,19270600,0.0,0.0
2020-09-17 00:00:00-04:00,84.68609297222605,85.2352221463876,83.83665980377867,84.56597137451172,18290100,0.0,0.0
2020-09-18 00:00:00-04:00,83.99110178381507,85.36392470272158,83.60499758810688,84.38578796386719,20121600,0.0,0.0
2020-09-21 00:00:00-04:00,81.68303023525168,82.4123482654966,80.49897182150205,81.77741241455078,28378800,0.0,0.0
2020-09-22 00:00:00-04:00,81.4771339837935,82.0777486353442,80.37029343569976,80.88510131835938,19257000,0.0,0.0
2020-09-23 00:00:00-04:00,81.32266283385123,81.8117311351236,79.50367517458879,79.57231140136719,19952700,0.0,0.0
2020-09-24 00:00:00-04:00,79.21197165249846,80.91084481432397,78.40543518165697,79.50370025634766,18366500,0.0,0.0
2020-09-25 00:00:00-04:00,78.9803046353835,80.41318850014198,78.82586163195143,80.19868469238281,13293100,0.0,0.0
2020-09-28 00:00:00-04:00,81.56290734807196,83.16739782437455,80.95371745714688,82.50672912597656,20894100,0.0,0.0
2020-09-29 00:00:00-04:00,82.39518758029944,82.39518758029944,80.93656455398582,81.81173706054688,12848200,0.0,0.0
2020-09-30 00:00:00-04:00,81.81174002980097,83.39906668572537,81.73452181147934,82.60111236572266,16400600,0.0,0.0
2020-10-01 00:00:00-04:00,83.33044004167922,83.88814469454854,82.39520005329028,83.20173645019531,15778700,0.0,0.0
2020-10-02 00:00:00-04:00,81.72595203371804,84.5917198080303,81.58866645246061,83.9911117553711,15149600,0.0,0.0
2020-10-05 00:00:00-04:00,85.1428529644015,85.94821178749147,84.45873038505584,85.766357421875,13871900,0.9,0.0
2020-10-06 00:00:00-04:00,86.65831979700901,87.34244243302857,84.44142074845577,84.88306427001953,19220400,0.0,0.0
2020-10-07 00:00:00-04:00,85.69707802203796,86.90078545178042,85.44594391417286,86.36388397216797,16358500,0.0,0.0
2020-10-08 00:00:00-04:00,87.03934939426283,88.26037351850523,86.51110290011651,88.1391372680664,15659000,0.0,0.0
2020-10-09 00:00:00-04:00,88.32966328284414,88.42492129140551,86.69296710938896,87.63687896728516,13689100,0.0,0.0
2020-10-12 00:00:00-04:00,87.55028817704991,89.19564607653705,87.33379389045636,88.71070098876953,16058000,0.0,0.0
2020-10-13 00:00:00-04:00,89.19562508194899,89.38614106640925,86.82285010930697,87.27315521240234,21697300,0.0,0.0
2020-10-14 00:00:00-04:00,87.48964719903985,88.26902774867001,86.68428839890196,86.7882080078125,15204100,0.0,0.0
2020-10-15 00:00:00-04:00,85.81831155039954,88.139129962973,85.7663550493406,88.08717346191406,17171200,0.0,0.0
2020-10-16 00:00:00-04:00,87.8187304649103,88.6154277167516,87.22120422258924,87.90532684326172,13275000,0.0,0.0
2020-10-19 00:00:00-04:00,87.98325400815352,88.21707147709047,86.2166602933571,86.42449951171875,11725700,0.0,0.0
2020-10-20 00:00:00-04:00,86.86615822074658,88.13048395657232,86.70162706928593,86.91812133789062,11257100,0.0,0.0
2020-10-21 00:00:00-04:00,86.90947009715615,87.45503334072166,86.017514661076,86.05215454101562,10730500,0.0,0.0
2020-10-22 00:00:00-04:00,86.00885898770439,89.40348817397941,86.00019736540007,89.09173583984375,14837200,0.0,0.0
2020-10-23 00:00:00-04:00,89.62860586463141,90.45128124672418,89.13499931399991,89.89705657958984,15087600,0.0,0.0
2020-10-26 00:00:00-04:00,88.89254725430362,88.93584214352782,86.81420097200176,87.67151641845703,12410700,0.0,0.0
2020-10-27 00:00:00-04:00,87.03933957271522,87.3943866641138,85.87027208575596,86.01748657226562,10391700,0.0,0.0
2020-10-28 00:00:00-04:00,84.43275464052346,85.12553885981308,83.19440730818725,83.6014175415039,16389500,0.0,0.0
2020-10-29 00:00:00-04:00,83.23772352845947,84.84844150747779,82.47565943101701,84.1469955444336,14208800,0.0,0.0
2020-10-30 00:00:00-04:00,84.78780836789743,85.22945186597667,83.33296679292587,84.90038299560547,15194500,0.0,0.0
2020-11-02 00:00:00-05:00,86.06945298153424,87.35975685381352,84.74450923663859,86.81419372558594,15011600,0.0,0.0
2020-11-03 00:00:00-05:00,89.21294496962408,90.70242642225817,88.92717758938427,89.5506820678711,17482600,0.0,0.0
2020-11-04 00:00:00-05:00,87.46367647166265,88.3902715917902,85.67110435676615,86.81419372558594,18886500,0.0,0.0
2020-11-05 00:00:00-05:00,87.5156277524621,91.01417539529085,87.46367125007941,90.36469268798828,17837400,0.0,0.0
2020-11-06 00:00:00-05:00,90.95355991392195,91.01417803742142,88.6673812463998,89.1609878540039,12552800,0.0,0.0
2020-11-09 00:00:00-05:00,97.99396707375949,102.96467353772564,95.56056704762446,101.23271942138672,47792400,0.0,0.0
2020-11-10 00:00:00-05:00,101.6224032684657,101.70899965019132,99.31890780153839,100.90364074707031,20539300,0.0,0.0
2020-11-11 00:00:00-05:00,101.22404725812753,101.28466538161064,98.68673447768357,99.39683532714844,14443400,0.0,0.0
2020-11-12 00:00:00-05:00,97.44839524784152,98.68674267923721,97.04138498196677,98.17581939697266,22063000,0.0,0.0
2020-11-13 00:00:00-05:00,99.32755088037916,99.46611035999612,98.34899933138296,98.7906494140625,11847900,0.0,0.0
2020-11-16 00:00:00-05:00,102.00341310675898,102.71351385358346,100.21950292478314,101.57908630371094,19858600,0.0,0.0
2020-11-17 00:00:00-05:00,99.92509468873713,100.83437326508987,99.22365536844724,100.54859924316406,14553200,0.0,0.0
2020-11-18 00:00:00-05:00,101.61376031071407,102.71355504194807,99.76056965252934,99.80387115478516,12571200,0.0,0.0
2020-11-19 00:00:00-05:00,98.87725784547453,100.29745965037274,98.34034970679137,100.07230377197266,10202500,0.0,0.0
2020-11-20 00:00:00-05:00,99.09374483198579,100.15023779132032,98.79930922693323,99.21498107910156,12718900,0.0,0.0
2020-11-23 00:00:00-05:00,100.49663781575535,102.33250490632442,100.08096593084737,102.07271575927734,13209200,0.0,0.0
2020-11-24 00:00:00-05:00,103.9778568879945,106.94815822691189,103.66610464315512,106.79228210449219,20121600,0.0,0.0
2020-11-25 00:00:00-05:00,105.10360675694731,105.9782385693467,104.3242263143668,105.6751480102539,11715600,0.0,0.0
2020-11-27 00:00:00-05:00,105.64920066956401,105.95229131732188,104.85250336492028,104.97373962402344,5983600,0.0,0.0
2020-11-30 00:00:00-05:00,103.91722559792663,104.54073000861487,101.98609424853828,102.08135223388672,14411800,0.0,0.0
2020-12-01 00:00:00-05:00,104.21164714755704,105.28546315924957,103.59680439936216,103.69206237792969,12668900,0.0,0.0
2020-12-02 00:00:00-05:00,103.65744819800972,105.91764878248655,103.28507780957806,105.683837890625,10811300,0.0,0.0
2020-12-03 00:00:00-05:00,105.51931255981148,105.55395243803113,104.2290084788152,104.9910659790039,12904400,0.0,0.0
2020-12-04 00:00:00-05:00,106.06487690414944,106.76631623293964,105.38075421013394,105.94363403320312,13583700,0.0,0.0
2020-12-07 00:00:00-05:00,104.91312091000977,105.79641459382347,104.09910036895437,105.54528045654297,9724300,0.0,0.0
2020-12-08 00:00:00-05:00,104.81785569224768,105.93496680249112,104.5753831920795,105.6491928100586,9592100,0.0,0.0
2020-12-09 00:00:00-05:00,106.6623976776661,106.77497892891826,104.29828389770408,104.82653045654297,13073900,0.0,0.0
2020-12-10 00:00:00-05:00,103.90856664801295,104.59268919359599,103.53619631578117,104.15103912353516,13668400,0.0,0.0
2020-12-11 00:00:00-05:00,102.99931517897231,103.93456539660248,102.50570851162723,103.53621673583984,9981600,0.0,0.0
2020-12-14 00:00:00-05:00,105.07764010685302,105.14691984861307,102.28053825380938,102.44507598876953,12112400,0.0,0.0
2020-12-15 00:00:00-05:00,103.30238838940332,104.69661177008287,102.72218543410625,104.19434356689453,12590200,0.0,0.0
2020-12-16 00:00:00-05:00,104.17701406970944,104.85247493208537,103.79598215477787,104.49742126464844,11169400,0.0,0.0
2020-12-17 00:00:00-05:00,105.00836891083263,105.17290004195084,103.5535273414088,103.63146209716797,11618000,0.0,0.0
2020-12-18 00:00:00-05:00,103.172493307004,103.81331440015563,102.4190909819356,103.12053680419922,28954800,0.0,0.0
2020-12-21 00:00:00-05:00,106.66237200198472,108.2471112970242,104.8611384843512,106.99144744873047,28323600,0.0,0.0
2020-12-22 00:00:00-05:00,106.85290005605422,106.96547468605456,105.31146207400603,105.36341857910156,11788200,0.0,0.0
2020-12-23 00:00:00-05:00,106.3246512058074,109.56340322021785,105.95228084483037,108.3077392578125,14973200,0.0,0.0
2020-12-24 00:00:00-05:00,108.32506569819958,108.7234209540961,107.00878349305464,107.83145904541016,4164900,0.0,0.0
2020-12-28 00:00:00-05:00,108.95724450891369,109.67600712748325,108.06528910347787,108.54157257080078,8072600,0.0,0.0
2020-12-29 00:00:00-05:00,109.28629118468895,109.35557092807544,108.15186346597494,108.25578308105469,8389200,0.0,0.0
2020-12-30 00:00:00-05:00,108.67144303055889,108.98319525372217,108.16051981346773,108.55886840820312,7398000,0.0,0.0
2020-12-31 00:00:00-05:00,108.32505088380172,110.26484396183136,108.09124001998475,110.03968811035156,8580200,0.0,0.0
2021-01-04 00:00:00-05:00,110.4120510911816,110.72380329340115,108.05659294413572,109.0005111694336,16819900,0.0,0.0
2021-01-05 00:00:00-05:00,109.01797900248445,110.1605833749792,107.95387731647128,109.59364318847656,13731200,0.9,0.0
2021-01-06 00:00:00-05:00,113.28308262291291,115.80377886043698,111.53864913808526,114.73967742919922,24909100,0.0,0.0
2021-01-07 00:00:00-05:00,118.3506602300065,120.53119413266289,117.67905206148995,118.50765228271484,21940400,0.0,0.0
2021-01-08 00:00:00-05:00,118.5948830575821,118.92632848108627,116.98128259032814,118.63849639892578,12035100,0.0,0.0
2021-01-11 00:00:00-05:00,117.38249849087647,120.53990721133162,116.97255706697047,120.4090805053711,15937900,0.0,0.0
2021-01-12 00:00:00-05:00,121.62145522056741,123.55777029748951,121.08940444161274,122.3017807006836,18033500,0.0,0.0
2021-01-13 00:00:00-05:00,120.88007956806983,122.79894682530433,120.45270342199923,122.4151840209961,14816800,0.0,0.0
2021-01-14 00:00:00-05:00,122.53728752154211,124.50848537087764,122.10989808702536,123.13038635253906,18565600,0.0,0.0
2021-01-15 00:00:00-05:00,119.86828381453873,123.54902550834284,119.50195577553858,120.92366790771484,27881000,0.0,0.0
2021-01-19 00:00:00-05:00,121.98779525587096,122.7204514894982,120.20848535864434,120.40036010742188,19843800,0.0,0.0
2021-01-20 00:00:00-05:00,120.20848729768336,120.51375407882382,118.1326146266643,118.59488677978516,16028800,0.0,0.0
2021-01-21 00:00:00-05:00,118.35065193281059,118.7605933424841,117.15572369678286,117.60054779052734,13411700,0.0,0.0
2021-01-22 00:00:00-05:00,115.73402395933972,117.22550175262464,115.30663450691206,116.69345092773438,12933200,0.0,0.0
2021-01-25 00:00:00-05:00,115.25428729031597,116.15266609889841,113.44008167726872,115.2368392944336,14212800,0.0,0.0
2021-01-26 00:00:00-05:00,115.78632668489418,116.15265470897371,114.55650261974998,114.76583862304688,11307800,0.0,0.0
2021-01-27 00:00:00-05:00,113.03015068977889,113.25693473036779,111.07639420207519,111.52122497558594,17603900,0.0,0.0
2021-01-28 00:00:00-05:00,113.30052529785736,115.28045361643109,112.506821148854,113.48369598388672,13761800,0.0,0.0
2021-01-29 00:00:00-05:00,114.42569638477269,114.8879684960276,111.80905576608197,112.22771453857422,14808100,0.0,0.0
2021-02-01 00:00:00-05:00,112.86443213775995,113.44882694929609,112.06199723974244,113.05632019042969,11080700,0.0,0.0
2021-02-02 00:00:00-05:00,115.0798506778668,117.21677107916928,114.45185589665407,116.53644561767578,12253600,0.0,0.0
2021-02-03 00:00:00-05:00,116.57133815330978,118.41170931594141,116.44922878602762,117.87094116210938,10600800,0.0,0.0
2021-02-04 00:00:00-05:00,118.15874403628906,120.94110676274377,118.15874403628906,120.58349609375,12419500,0.0,0.0
2021-02-05 00:00:00-05:00,121.5778621810026,121.66508887103575,119.82471750630064,120.34803771972656,10051300,0.0,0.0
2021-02-08 00:00:00-05:00,120.53993599383217,122.37159016817513,120.52248799256378,122.2320327758789,10136400,0.0,0.0
2021-02-09 00:00:00-05:00,121.61273602427363,122.09245616670742,120.83646645158018,121.74357604980469,8614800,0.0,0.0
2021-02-10 00:00:00-05:00,122.10990392185612,122.86872549451505,121.27257301046569,121.8133544921875,10323200,0.0,0.0
2021-02-11 00:00:00-05:00,121.81332247204848,122.58959183914277,120.55733308957686,121.47315979003906,9201000,0.0,0.0
2021-02-12 00:00:00-05:00,121.28126008052593,123.5141239632671,121.23764675444205,123.20012664794922,8324600,0.0,0.0
2021-02-16 00:00:00-05:00,125.20623790537935,126.75005937051286,124.20318449661967,126.16566467285156,12130600,0.0,0.0
2021-02-17 00:00:00-05:00,125.55513584037668,126.80240811744625,124.83119700845505,126.55818939208984,10810100,0.0,0.0
2021-02-18 00:00:00-05:00,125.59875640708802,127.16001287038884,125.07542293182257,126.9855728149414,10587800,0.0,0.0
2021-02-19 00:00:00-05:00,127.22110232369265,129.8202956583354,127.22110232369265,129.10508728027344,11969800,0.0,0.0
2021-02-22 00:00:00-05:00,128.101998737754,130.99775408735456,128.03222005727807,130.3174285888672,11488400,0.0,0.0
2021-02-23 00:00:00-05:00,132.14910757703748,132.8468812763424,130.47445868406152,131.36412048339844,16234400,0.0,0.0
2021-02-24 00:00:00-05:00,130.92797816328596,134.1115523371047,130.92797816328596,133.67544555664062,15061400,0.0,0.0
2021-02-25 00:00:00-05:00,134.55638652530632,135.1058720053697,131.346633777872,131.86123657226562,18127700,0.0,0.0
2021-02-26 00:00:00-05:00,131.09371089179527,131.59086573889348,127.78801379015033,128.36367797851562,19829200,0.0,0.0
2021-03-01 00:00:00-05:00,130.4133619659602,132.035679555068,129.5062525027379,131.26812744140625,14845500,0.0,0.0
2021-03-02 00:00:00-05:00,130.90179008670864,132.38455022098256,130.69245407723028,130.84072875976562,14221700,0.0,0.0
2021-03-03 00:00:00-05:00,131.90483743481056,135.17563790002848,131.54724003206013,133.3701629638672,14324100,0.0,0.0
2021-03-04 00:00:00-05:00,133.10853639395768,134.6523584054645,129.6283988585746,131.32049560546875,20093900,0.0,0.0
2021-03-05 00:00:00-05:00,133.64052783114255,133.87602915734584,129.06140783686143,131.62571716308594,18465100,0.0,0.0
2021-03-08 00:00:00-05:00,132.98638691318757,135.5943099419996,131.48617870176056,133.3701629638672,17133300,0.0,0.0
2021-03-09 00:00:00-05:00,132.1403448287298,134.538931946083,130.67503254168378,132.4281768798828,16238800,0.0,0.0
2021-03-10 00:00:00-05:00,132.4979146030675,136.20482082048534,132.14902132666583,135.3064422607422,14342200,0.0,0.0
2021-03-11 00:00:00-05:00,134.41686587177017,136.19617612311933,133.76270553821257,134.60003662109375,11771500,0.0,0.0
2021-03-12 00:00:00-05:00,136.81541393269143,137.48702207279578,135.254157580364,136.19613647460938,12849500,0.0,0.0
2021-03-15 00:00:00-04:00,136.3705869233758,136.86774170092568,134.2859971773602,135.51580810546875,12101100,0.0,0.0
2021-03-16 00:00:00-04:00,134.39937909474867,134.84421651094246,132.74217871808463,133.89349365234375,12805600,0.0,0.0
2021-03-17 00:00:00-04:00,135.48965984920613,136.8328762701881,133.49229652546683,135.2716064453125,13952400,0.0,0.0
2021-03-18 00:00:00-04:00,137.46080977586217,141.02815867696233,137.03342050380394,137.50440979003906,21898500,0.0,0.0
2021-03-19 00:00:00-04:00,135.63788494894038,136.01294358707707,131.86993042865822,135.31517028808594,54418800,0.0,0.0
2021-03-22 00:00:00-04:00,133.27423777670813,134.29472606893358,131.3640879057773,131.67808532714844,19944800,0.0,0.0
2021-03-23 00:00:00-04:00,131.11989040475078,132.68114711095865,129.9249618646544,130.36106872558594,17076300,0.0,0.0
2021-03-24 00:00:00-04:00,130.83204977959753,133.60568284664132,130.70994039882686,131.37281799316406,13079800,0.0,0.0
2021-03-25 00:00:00-04:00,130.8320205907127,133.4224956631225,130.24763916247807,133.05616760253906,15608300,0.0,0.0
2021-03-26 00:00:00-04:00,134.582563544935,135.58560387927628,133.05618971767956,135.2716064453125,16754400,0.0,0.0
2021-03-29 00:00:00-04:00,132.68107260715,134.08533644317663,131.73908071941932,133.1695098876953,17570300,0.0,0.0
2021-03-30 00:00:00-04:00,134.72206727018113,135.95187786363903,134.21618197752457,134.739501953125,13184300,0.0,0.0
2021-03-31 00:00:00-04:00,133.69291137340966,134.748295778724,132.68114031373918,132.77708435058594,16736700,0.0,0.0
2021-04-01 00:00:00-04:00,132.48921464172892,134.13769749142878,132.18394792670048,134.06793212890625,16561500,0.0,0.0
2021-04-05 00:00:00-04:00,135.4629580406679,135.93673496912683,133.88373731196688,134.77862548828125,13508000,0.9,0.0
2021-04-06 00:00:00-04:00,134.05039233758836,135.3576495515458,133.23446270516737,133.8310546875,13071600,0.0,0.0
2021-04-07 00:00:00-04:00,134.32237771706198,136.19112532911663,133.9275592504365,135.92791748046875,16903500,0.0,0.0
2021-04-08 00:00:00-04:00,135.111991370403,136.43678594687682,133.62926672573258,136.09461975097656,12335500,0.0,0.0
2021-04-09 00:00:00-04:00,136.69999461158375,137.7791320993026,135.96302332179076,137.1123504638672,12122400,0.0,0.0
2021-04-12 00:00:00-04:00,136.49818430080802,137.96335794243225,136.48941561575833,136.8227996826172,12273400,0.0,0.0
2021-04-13 00:00:00-04:00,135.7700030856245,136.1648081715784,133.73454330166422,135.19094848632812,16113600,0.0,0.0
2021-04-14 00:00:00-04:00,132.89227561232016,134.96282323910145,132.4184988657273,132.66416931152344,19939600,0.0,0.0
2021-04-15 00:00:00-04:00,132.6992782633799,133.53275865600241,131.0059980311169,133.50643920898438,17694100,0.0,0.0
2021-04-16 00:00:00-04:00,134.9979313870785,135.55943523079884,133.96266411381282,134.4978485107422,13773400,0.0,0.0
2021-04-19 00:00:00-04:00,134.6031302528563,135.00671742768907,133.55031218835987,133.9275665283203,11900200,0.0,0.0
2021-04-20 00:00:00-04:00,133.12921575902348,133.13798444762764,130.41819160151618,130.962158203125,13716700,0.0,0.0
2021-04-21 00:00:00-04:00,129.66367076230702,132.1378064808659,128.78631994931072,132.07638549804688,12236700,0.0,0.0
2021-04-22 00:00:00-04:00,131.80437395241248,131.86579491895148,129.19864165749425,129.29515075683594,15256100,0.0,0.0
2021-04-23 00:00:00-04:00,129.12842336253323,132.59396809645844,128.6985302413448,131.76925659179688,14041900,0.0,0.0
2021-04-26 00:00:00-04:00,132.28693606961383,133.7608921913555,131.93600114826583,132.0939178466797,10799100,0.0,0.0
2021-04-27 00:00:00-04:00,132.04126682754392,132.980038406312,131.69910062507782,132.69927978515625,12821200,0.0,0.0
2021-04-28 00:00:00-04:00,133.73456475780276,134.13815198223796,132.83089458087557,133.55909729003906,8943700,0.0,0.0
2021-04-29 00:00:00-04:00,134.7083999117592,136.23499471487992,134.4101039324976,136.15603637695312,12976900,0.0,0.0
2021-04-30 00:00:00-04:00,135.19973641888575,135.54190262651443,134.2434140650396,134.94529724121094,11705100,0.0,0.0
2021-05-03 00:00:00-04:00,135.85774857346306,136.41047035952002,134.3487044392825,134.5504913330078,11801100,0.0,0.0
2021-05-04 00:00:00-04:00,134.12056092427528,136.55082545395166,133.480098835068,136.4104461669922,12977700,0.0,0.0
2021-05-05 00:00:00-04:00,136.86669493301082,138.86705324950864,135.66472888324276,138.2002716064453,10506700,0.0,0.0
2021-05-06 00:00:00-04:00,138.6828364578715,141.09555096782216,137.88444407980623,140.9814910888672,13542400,0.0,0.0
2021-05-07 00:00:00-04:00,137.93705163157279,141.6921108353581,137.76158420273646,141.46400451660156,14257800,0.0,0.0
2021-05-10 00:00:00-04:00,141.6921139924855,143.6486019728522,141.3587164991532,141.4464569091797,14014300,0.0,0.0
2021-05-11 00:00:00-04:00,141.32364726184613,142.4729744953953,138.65649373321543,139.0951690673828,15451700,0.0,0.0
2021-05-12 00:00:00-04:00,140.0339355674534,141.06043420524304,137.7703693197731,138.13885498046875,14381700,0.0,0.0
2021-05-13 00:00:00-04:00,138.77931296407323,142.52560381452486,138.34063765938876,141.69212341308594,15395000,0.0,0.0
2021-05-14 00:00:00-04:00,142.4729530073966,144.28029296961097,142.12201814791476,143.89425659179688,10584000,0.0,0.0
2021-05-17 00:00:00-04:00,143.3327388556997,144.63122716167513,143.0344429153967,144.47329711914062,9886800,0.0,0.0
2021-05-18 00:00:00-04:00,144.48211215372226,145.2015461800396,142.34138761248062,142.43789672851562,11098100,0.0,0.0
2021-05-19 00:00:00-04:00,141.25346647086874,141.41138317517598,139.1829182281015,141.3499755859375,13278900,0.0,0.0
2021-05-20 00:00:00-04:00,141.10430908203125,142.00797919614772,139.9549818526584,141.10430908203125,10426000,0.0,0.0
2021-05-21 00:00:00-04:00,141.5517600242279,143.2011836393055,141.20082509593067,142.70986938476562,10249000,0.0,0.0
2021-05-24 00:00:00-04:00,143.32397116106247,144.0872617745552,142.23605177517982,143.4818878173828,9440300,0.0,0.0
2021-05-25 00:00:00-04:00,143.7538923769107,145.3769828553027,141.7447521288418,141.9991912841797,12609100,0.0,0.0
2021-05-26 00:00:00-04:00,143.5082539036067,143.657401909352,141.5254328438321,141.98165893554688,13058300,0.0,0.0
2021-05-27 00:00:00-04:00,143.8416328929051,144.54351607330236,142.63089812871073,144.1925811767578,15707500,0.0,0.0
2021-05-28 00:00:00-04:00,144.48207706021694,144.71019676306028,143.23624092956538,144.09605407714844,10291300,0.0,0.0
2021-06-01 00:00:00-04:00,145.52613670635102,146.43858880823447,145.1839705149716,145.68406677246094,9445400,0.0,0.0
2021-06-02 00:00:00-04:00,146.74564326470306,146.90357331981969,145.22783061242217,145.6928253173828,10498600,0.0,0.0
2021-06-03 00:00:00-04:00,145.1225403803685,146.73686198688225,144.4645275463466,145.78932189941406,13354400,0.0,0.0
2021-06-04 00:00:00-04:00,145.82444297733966,146.22801673945722,144.789162351524,146.02622985839844,8510800,0.0,0.0
2021-06-07 00:00:00-04:00,146.51755027819704,146.60529069316695,144.88567762583378,145.34190368652344,7267200,0.0,0.0
2021-06-08 00:00:00-04:00,144.3154191288462,145.42964486096648,143.14854111023755,144.7628631591797,10370700,0.0,0.0
2021-06-09 00:00:00-04:00,144.0082926452695,144.07848228302703,142.37642038249442,142.95547485351562,12377400,0.0,0.0
2021-06-10 00:00:00-04:00,144.20134990336555,144.9734227407462,140.64807717881288,140.72703552246094,12119400,0.0,0.0
2021-06-11 00:00:00-04:00,140.7533522318061,141.4289159513702,139.55138617752195,140.63052368164062,13683800,0.0,0.0
2021-06-14 00:00:00-04:00,140.50769339474135,140.66562346432084,137.44574836513888,138.244140625,19917900,0.0,0.0
2021-06-15 00:00:00-04:00,137.48082385375696,137.67384203920778,135.22603997798194,136.14724731445312,24485500,0.0,0.0
2021-06-16 00:00:00-04:00,135.75243418357306,138.2879765009441,134.33113070915846,137.1035614013672,25321200,0.0,0.0
2021-06-17 00:00:00-04:00,137.83175952351465,138.14760621750906,132.69925409293202,133.14669799804688,29722400,0.0,0.0
2021-06-18 00:00:00-04:00,130.98842737148848,131.33936220328832,129.46183273981725,129.77767944335938,43595700,0.0,0.0
2021-06-21 00:00:00-04:00,130.79544299458775,132.6554221808849,130.74280409494676,131.9798583984375,18664800,0.0,0.0
2021-06-22 00:00:00-04:00,132.12900090284302,132.4536163290822,130.42693865886216,131.78683471679688,14251200,0.0,0.0
2021-06-23 00:00:00-04:00,131.77805937952664,133.3923812943015,131.68155027661575,132.58522033691406,12733300,0.0,0.0
2021-06-24 00:00:00-04:00,133.28705404343293,134.33987171075836,132.67291151976835,133.8046875,13733200,0.0,0.0
2021-06-25 00:00:00-04:00,133.87491559355055,135.5506583367514,133.06775470378264,135.15585327148438,15484900,0.0,0.0
2021-06-28 00:00:00-04:00,134.8487542201632,135.5330864632982,133.46253897739354,135.4014892578125,14125800,0.0,0.0
2021-06-29 00:00:00-04:00,135.98937022500823,137.1386975991338,134.7698531823538,135.23484802246094,14528700,0.0,0.0
2021-06-30 00:00:00-04:00,134.89262242323983,136.93685043782142,134.85753429806402,136.46307373046875,12531000,0.0,0.0
2021-07-01 00:00:00-04:00,137.0948055545638,137.86687839814098,136.3578342333174,137.81423950195312,10479400,0.0,0.0
2021-07-02 00:00:00-04:00,137.61124487717493,137.9377443286145,136.87884611182145,137.6818389892578,11424000,0.9,0.0
2021-07-06 00:00:00-04:00,137.46124789562833,137.46124789562833,134.4346008473526,135.3699493408203,15083400,0.0,0.0
2021-07-07 00:00:00-04:00,134.13458963201415,136.13765589444844,133.7286902353244,135.52879333496094,12271800,0.0,0.0
2021-07-08 00:00:00-04:00,133.78164038425552,134.5934526901491,132.3962558159308,133.1904296875,17834600,0.0,0.0
2021-07-09 00:00:00-04:00,135.0523070422969,137.78775890144348,134.63757494231,137.45245361328125,13694500,0.0,0.0
2021-07-12 00:00:00-04:00,136.1994338040977,140.44380645180723,135.83764394709274,139.4202117919922,19940400,0.0,0.0
2021-07-13 00:00:00-04:00,137.69954357144834,138.88196510625443,135.44940419646616,137.34657287597656,22671700,0.0,0.0
2021-07-14 00:00:00-04:00,137.61125931583214,138.78486130650447,134.96404042499427,136.8788604736328,14622800,0.0,0.0
2021-07-15 00:00:00-04:00,135.80234396312886,138.12307717875615,135.62586537031598,137.1789093017578,11539300,0.0,0.0
2021-07-16 00:00:00-04:00,137.62007339610787,137.9024363714532,133.2609847240321,134.04632568359375,14002700,0.0,0.0
2021-07-19 00:00:00-04:00,131.08149028413274,132.20215032641758,128.57545901705512,129.68728637695312,22172900,0.0,0.0
2021-07-20 00:00:00-04:00,129.2902232342525,133.3492856547277,129.12256382019197,132.1051025390625,15385200,0.0,0.0
2021-07-21 00:00:00-04:00,134.16991169916005,135.58175402765613,133.5610490567557,134.88465881347656,12356700,0.0,0.0
2021-07-22 00:00:00-04:00,134.9023135995332,135.39645909830062,132.3345073850934,133.18161010742188,9913300,0.0,0.0
2021-07-23 00:00:00-04:00,133.66696916231433,134.86704286690806,132.5816126425105,132.92575073242188,9666100,0.0,0.0
2021-07-26 00:00:00-04:00,132.52861924612907,134.09048234271242,132.51096734809872,133.81692504882812,8208000,0.0,0.0
2021-07-27 00:00:00-04:00,132.71389736117442,134.5581366948297,132.1844616788865,133.6404266357422,11218700,0.0,0.0
2021-07-28 00:00:00-04:00,134.38165471372804,134.8052194485583,133.137472015464,133.8610382080078,9217300,0.0,0.0
2021-07-29 00:00:00-04:00,135.13171506791187,135.77586796753158,134.0463589698904,135.0081787109375,9063500,0.0,0.0
2021-07-30 00:00:00-04:00,134.6375684289838,135.59938816137955,133.4198433037231,133.931640625,9805200,0.0,0.0
2021-08-02 00:00:00-04:00,134.15224161158034,136.28766344718284,133.305139022218,133.39337158203125,10203200,0.0,0.0
2021-08-03 00:00:00-04:00,134.08160786636395,135.29051341222657,131.9373674477003,134.91107177734375,10394800,0.0,0.0
2021-08-04 00:00:00-04:00,133.46397363611462,135.3346709744882,133.1639586789139,133.4551544189453,10155000,0.0,0.0
2021-08-05 00:00:00-04:00,134.37281385121088,135.61700981349708,134.1345604093061,135.1405029296875,9151500,0.0,0.0
2021-08-06 00:00:00-04:00,136.94067740659156,139.26141098845338,136.87008326543526,138.97903442382812,13328800,0.0,0.0
2021-08-09 00:00:00-04:00,138.99665411431266,139.90553159133748,137.56714664996719,138.82899475097656,9516900,0.0,0.0
2021-08-10 00:00:00-04:00,138.3084189783803,141.16740782051954,137.92897712885727,140.53207397460938,8667000,0.0,0.0
2021-08-11 00:00:00-04:00,141.18500836317205,142.5086178165768,140.373196180818,142.20860290527344,9156500,0.0,0.0
2021-08-12 00:00:00-04:00,142.8439226420802,143.27629307093648,141.67032075834828,142.76449584960938,8844200,0.0,0.0
2021-08-13 00:00:00-04:00,142.76455796736118,143.09105756536914,140.80562770159443,141.1674041748047,8980900,0.0,0.0
2021-08-16 00:00:00-04:00,140.24967740794082,140.32909075362585,138.3436763247806,140.2408447265625,8755800,0.0,0.0
2021-08-17 00:00:00-04:00,139.04078977792128,140.17908816578048,137.0112522647953,138.546630859375,9347200,0.0,0.0
2021-08-18 00:00:00-04:00,137.92894294435325,139.42903113923518,137.07300765476205,137.2847900390625,8065500,0.0,0.0
2021-08-19 00:00:00-04:00,135.14932844445096,137.267097807373,135.01695944398756,136.1376190185547,9517700,0.0,0.0
2021-08-20 00:00:00-04:00,136.1994538326342,136.6847666544991,135.1493879034477,136.52593994140625,6974100,0.0,0.0
2021-08-23 00:00:00-04:00,137.06419403286594,138.61722452110422,136.98478068468157,138.27308654785156,7934600,0.0,0.0
2021-08-24 00:00:00-04:00,138.53778720555314,139.90551964474028,138.42307007949734,139.12899780273438,7670900,0.0,0.0
2021-08-25 00:00:00-04:00,139.87020863740662,142.75568082013766,139.24370774538704,141.99681091308594,11335000,0.0,0.0
2021-08-26 00:00:00-04:00,143.17927050417782,144.564655139812,142.19979877343872,142.729248046875,11027500,0.0,0.0
2021-08-27 00:00:00-04:00,142.72925735882112,143.97345380745224,142.29687330849004,143.8763885498047,8780200,0.0,0.0
2021-08-30 00:00:00-04:00,144.01754199136514,144.2646146848037,141.07912731820102,141.57327270507812,7937600,0.0,0.0
2021-08-31 00:00:00-04:00,141.57328363733515,142.39391511867103,140.61146390185988,141.14089965820312,12340800,0.0,0.0
2021-09-01 00:00:00-04:00,141.3791762905091,141.85566989564083,140.2761681203887,140.93797302246094,8729900,0.0,0.0
2021-09-02 00:00:00-04:00,141.20265096348373,142.60567366025933,140.68202104643586,141.59091186523438,8813300,0.0,0.0
2021-09-03 00:00:00-04:00,141.52916097908056,141.97036417603067,140.43497220344116,140.73500061035156,7959700,0.0,0.0
2021-09-07 00:00:00-04:00,141.17617555260935,142.4027196560747,140.2672982259491,140.48789978027344,9285600,0.0,0.0
2021-09-08 00:00:00-04:00,140.20552705547388,140.81438951590906,139.45547636504924,139.86138916015625,7852700,0.0,0.0
2021-09-09 00:00:00-04:00,139.6584787835529,141.9174372410717,139.4908193963308,140.4702911376953,7904300,0.0,0.0
2021-09-10 00:00:00-04:00,141.67919761645615,141.820385900014,138.73196288557895,138.85549926757812,8311600,0.0,0.0
2021-09-13 00:00:00-04:00,139.8878907482811,141.22915229650678,139.48199132918947,141.06149291992188,10052800,0.0,0.0
2021-09-14 00:00:00-04:00,141.582087728084,142.36742879420936,137.88480318758363,138.5995635986328,11685600,0.0,0.0
2021-09-15 00:00:00-04:00,138.29071885960727,140.02906037851577,138.0701172807047,139.56138610839844,11691500,0.0,0.0
2021-09-16 00:00:00-04:00,140.66438600479788,141.93505318133947,138.73191412917842,139.49960327148438,10880900,0.0,0.0
2021-09-17 00:00:00-04:00,138.87312149705937,140.311434752066,138.5378027613687,139.13783264160156,25581600,0.0,0.0
2021-09-20 00:00:00-04:00,135.79350124661838,136.3847118356804,132.7933252946273,134.97286987304688,15819900,0.0,0.0
2021-09-21 00:00:00-04:00,135.47588112135801,136.37593960281373,134.6375975634279,134.9905548095703,8999900,0.0,0.0
2021-09-22 00:00:00-04:00,136.9494742842582,138.75841014598367,136.86124172054812,137.57598876953125,11236200,0.0,0.0
2021-09-23 00:00:00-04:00,139.42022638825827,142.693960413254,139.12903062880142,142.2262725830078,12336100,0.0,0.0
2021-09-24 00:00:00-04:00,142.45569624253298,144.352864681638,141.90860856444667,143.86753845214844,10102400,0.0,0.0
2021-09-27 00:00:00-04:00,145.59706204793278,147.71483211012122,145.2529240762158,147.34422302246094,13220900,0.0,0.0
2021-09-28 00:00:00-04:00,147.97957362765158,149.39142947325993,146.17947021573335,146.55007934570312,13387900,0.0,0.0
2021-09-29 00:00:00-04:00,146.6647675235906,147.2736166039412,145.63234023012714,146.43533325195312,7777100,0.0,0.0
2021-09-30 00:00:00-04:00,147.2912854433882,147.35306035884318,143.64694243625956,144.4411163330078,13161200,0.0,0.0
2021-10-01 00:00:00-04:00,144.7146415713932,148.5089915737775,144.3616844167561,147.47657775878906,11285000,0.0,0.0
2021-10-04 00:00:00-04:00,147.33538566125475,150.39733669652807,146.24119696734735,147.31773376464844,14120000,0.0,0.0
2021-10-05 00:00:00-04:00,148.43628358822832,151.03730748793987,147.9569052119613,149.72348022460938,12292900,1.0,0.0
2021-10-06 00:00:00-04:00,149.12869082946946,150.11406455664857,147.36211600814127,150.0430450439453,8692600,0.0,0.0
2021-10-07 00:00:00-04:00,151.9782784060651,152.25347055621103,150.50465397141386,150.99290466308594,10195400,0.0,0.0
2021-10-08 00:00:00-04:00,150.930795361939,152.10258366508177,150.29163318001045,151.10833740234375,8190100,0.0,0.0
2021-10-11 00:00:00-04:00,151.62323221938186,152.0582082250284,147.77051406473495,147.9302978515625,12154700,0.0,0.0
2021-10-12 00:00:00-04:00,147.1402333784533,147.97469599447038,146.27026776723167,146.7940216064453,13032600,0.0,0.0
2021-10-13 00:00:00-04:00,145.6488413483321,146.83838791572575,142.568438869444,142.92352294921875,22753500,0.0,0.0
2021-10-14 00:00:00-04:00,143.5892796203178,145.59552990274406,142.0890247015042,145.1161651611328,15176800,0.0,0.0
2021-10-15 00:00:00-04:00,146.7851440894991,148.4007944536037,145.7109922703993,147.90367126464844,14267400,0.0,0.0
2021-10-18 00:00:00-04:00,147.7882251588793,149.67908081294712,147.28222973680852,147.85037231445312,12672900,0.0,0.0
2021-10-19 00:00:00-04:00,148.60496689924202,149.71462171045377,147.8770403867944,149.64361572265625,8053900,0.0,0.0
2021-10-20 00:00:00-04:00,149.40389453105317,151.68533729116422,148.6582099083732,151.65870666503906,8185600,0.0,0.0
2021-10-21 00:00:00-04:00,151.58768893451537,152.09369792803645,149.74122207639823,150.4691619873047,8415200,0.0,0.0
2021-10-22 00:00:00-04:00,150.9396628134963,152.76837150680382,150.64671236084186,152.49317932128906,8817900,0.0,0.0
2021-10-25 00:00:00-04:00,153.3187877804457,153.5407187367024,151.3391538978106,151.7475128173828,10159200,0.0,0.0
2021-10-26 00:00:00-04:00,151.80070827847203,153.12342108081776,151.39234953591125,152.15579223632812,8015100,0.0,0.0
2021-10-27 00:00:00-04:00,151.19710061314262,151.5344263937014,148.55167434756933,148.98666381835938,9847000,0.0,0.0
2021-10-28 00:00:00-04:00,149.40386623879314,151.36572756830142,149.10204350280503,151.23257446289062,7212900,0.0,0.0
2021-10-29 00:00:00-04:00,151.9605261878439,152.9015246245037,150.37150683235976,150.81536865234375,8140100,0.0,0.0
2021-11-01 00:00:00-04:00,152.7239658757041,152.98141331145612,150.0341643863311,150.7354736328125,7435500,0.0,0.0
2021-11-02 00:00:00-04:00,150.73547277416088,152.413269867337,149.95427165713926,151.3302459716797,7173800,0.0,0.0
2021-11-03 00:00:00-04:00,151.028445582121,151.91616933012273,150.15846655625495,151.38352966308594,8402700,0.0,0.0
2021-11-04 00:00:00-04:00,150.9130022314699,151.09054423086027,147.7970974735724,149.39498901367188,9574200,0.0,0.0
2021-11-05 00:00:00-04:00,149.93650269353003,150.99289588896477,148.61380326864656,149.18194580078125,7975600,0.0,0.0
2021-11-08 00:00:00-05:00,150.06966462846458,151.72970328582724,149.79447250297517,150.0785369873047,6413700,0.0,0.0
2021-11-09 00:00:00-05:00,148.56057654512898,149.5548228210101,147.89478372561797,148.94229125976562,7990300,0.0,0.0
2021-11-10 00:00:00-05:00,148.6493205405367,149.9809059981329,148.3297394888901,148.80023193359375,6999200,0.0,0.0
2021-11-11 00:00:00-05:00,148.71144419568122,149.7411931588405,148.16104641585653,148.7913360595703,5815300,0.0,0.0
2021-11-12 00:00:00-05:00,148.82687560975654,148.90678103886592,147.1135753392919,148.12557983398438,8113400,0.0,0.0
2021-11-15 00:00:00-05:00,148.4362661266297,148.95113388414381,147.3621146322042,147.85923767089844,6492500,0.0,0.0
2021-11-16 00:00:00-05:00,148.30314949608038,148.31203540407512,146.58096299844368,146.7940216064453,9706100,0.0,0.0
2021-11-17 00:00:00-05:00,146.66082661144287,146.97152175403755,145.04516310583514,146.00390625,9909600,0.0,0.0
2021-11-18 00:00:00-05:00,145.93292440374586,146.34128333828713,144.30838811892588,144.74337768554688,8122500,0.0,0.0
2021-11-19 00:00:00-05:00,143.18980203024702,143.9088558917823,141.5475081511071,142.8524627685547,12193600,0.0,0.0
2021-11-22 00:00:00-05:00,145.7287302269754,147.34438036587372,144.6900950922002,145.89739990234375,14549900,0.0,0.0
2021-11-23 00:00:00-05:00,146.91828319036003,149.63471574549772,146.80287476625622,149.3861541748047,12354400,0.0,0.0
2021-11-24 00:00:00-05:00,149.54592562787454,150.41589097481364,147.75272013898643,148.21434020996094,9629800,0.0,0.0
2021-11-26 00:00:00-05:00,143.93551239964296,144.38824658577076,140.98827691858202,143.74908447265625,13619300,0.0,0.0
2021-11-29 00:00:00-05:00,144.97412152079633,146.27907613956958,141.87597519841248,143.12765502929688,12104400,0.0,0.0
2021-11-30 00:00:00-05:00,141.2900970315363,142.5950518589473,140.51776825790085,140.9971466064453,18922600,0.0,0.0
2021-12-01 00:00:00-05:00,142.9235259138965,144.93866264967122,140.0828125800053,140.16270446777344,12253400,0.0,0.0
2021-12-02 00:00:00-05:00,141.88489169754703,144.92090536361414,140.97053729865502,143.10995483398438,12969900,0.0,0.0
2021-12-03 00:00:00-05:00,143.36740662173057,143.66035712760507,139.541318866179,140.51780700683594,12681800,0.0,0.0
2021-12-06 00:00:00-05:00,142.9323982580036,144.35276169757395,141.55643726130754,142.17784118652344,11186500,0.0,0.0
2021-12-07 00:00:00-05:00,143.7046987815039,145.04515652317295,143.06553671440145,144.31723022460938,9851600,0.0,0.0
2021-12-08 00:00:00-05:00,144.3971505477642,144.93866258504497,142.18671350137106,142.6660919189453,11705700,0.0,0.0
2021-12-09 00:00:00-05:00,141.72507006503054,142.86135521137777,140.83734644784752,142.4441375732422,11189600,0.0,0.0
2021-12-10 00:00:00-05:00,143.20759261923024,143.5449184114819,141.26347556477396,141.87600708007812,10405400,0.0,0.0
2021-12-13 00:00:00-05:00,141.59192077449563,141.84935467039065,139.62117320734154,140.18931579589844,12069000,0.0,0.0
2021-12-14 00:00:00-05:00,139.772075587176,142.82584688333145,139.63892246781506,141.26345825195312,12563600,0.0,0.0
2021-12-15 00:00:00-05:00,141.9026015812583,141.9026015812583,139.6832929143358,140.20704650878906,14014200,0.0,0.0
2021-12-16 00:00:00-05:00,142.38199149061748,143.6514433164565,140.8817363989839,142.39974975585938,19542800,0.0,0.0
2021-12-17 00:00:00-05:00,141.43216069625447,141.48542195634934,137.75697120262674,139.15957641601562,28082000,0.0,0.0
2021-12-20 00:00:00-05:00,137.1621844316911,137.3308541025031,134.7919637708849,136.65618896484375,15148000,0.0,0.0
2021-12-21 00:00:00-05:00,137.96109762844435,139.53235830254724,137.67701963695066,138.5647430419922,11291300,0.0,0.0
2021-12-22 00:00:00-05:00,138.26297313566954,139.42588907307973,137.8102389026166,139.10630798339844,7273000,0.0,0.0
2021-12-23 00:00:00-05:00,139.91413278524888,141.25459069474886,139.5590487237726,139.60342407226562,8055200,0.0,0.0
2021-12-27 00:00:00-05:00,139.90523599130546,140.43786199050092,138.78669565638106,140.40235900878906,6188100,0.0,0.0
2021-12-28 00:00:00-05:00,140.43787538812379,142.1689337554261,140.33135288723983,140.82847595214844,6342300,0.0,0.0
2021-12-29 00:00:00-05:00,141.01489370842265,141.7073170054263,140.3934763764977,140.7574462890625,6398900,0.0,0.0
2021-12-30 00:00:00-05:00,141.24570208556275,142.2488340849387,140.5887817472548,140.68643188476562,6948200,0.0,0.0
2021-12-31 00:00:00-05:00,140.6597938907987,141.40547842240093,140.2248180201573,140.57102966308594,5805900,0.0,0.0
2022-01-03 00:00:00-05:00,141.9114984066782,144.37936898613825,141.60078972150527,143.54490661621094,13120900,0.0,0.0
2022-01-04 00:00:00-05:00,145.8618727353667,149.65245656485683,145.7908532169364,148.98666381835938,20195800,0.0,0.0
2022-01-05 00:00:00-05:00,149.87078709434957,150.35302529770058,146.2182234519516,146.26287841796875,17539400,1.0,0.0
2022-01-06 00:00:00-05:00,149.0581195189452,149.46891251987,146.3432555378449,147.81678771972656,14047500,0.0,0.0
2022-01-07 00:00:00-05:00,147.9507304123867,149.61179428581275,147.40597253919904,149.2813720703125,13913300,0.0,0.0
2022-01-10 00:00:00-05:00,150.98709911515533,151.20142115770875,147.82571271966276,149.4242706298828,12922500,0.0,0.0
2022-01-11 00:00:00-05:00,150.2637456734288,150.4959460928392,148.5223106617765,149.57611083984375,11854100,0.0,0.0
2022-01-12 00:00:00-05:00,150.44231844512177,151.45144970525382,149.29920867510359,150.42445373535156,12568000,0.0,0.0
2022-01-13 00:00:00-05:00,150.33517395982636,151.6479510421781,149.93330648348643,150.2369384765625,13623400,0.0,0.0
2022-01-14 00:00:00-05:00,143.56590333538898,143.80702929088048,140.11874923339806,141.00286865234375,40158400,0.0,0.0
2022-01-18 00:00:00-05:00,139.11849249712148,139.11849249712148,134.43893369240988,135.0908660888672,32324800,0.0,0.0
2022-01-19 00:00:00-05:00,135.35878003660366,135.9481791313774,132.66178145989167,133.00112915039062,22380000,0.0,0.0
2022-01-20 00:00:00-05:00,133.05477106362076,134.5014995118015,131.59910344486124,131.8670196533203,14860800,0.0,0.0
2022-01-21 00:00:00-05:00,131.72412482042682,131.73305036392497,128.8395935635875,129.56295776367188,20705400,0.0,0.0
2022-01-24 00:00:00-05:00,127.0624254247593,129.92016633763484,124.64228141213015,129.4468536376953,28471400,0.0,0.0
2022-01-25 00:00:00-05:00,128.28587582168265,131.14362998848688,125.73176723317908,130.85784912109375,18915900,0.0,0.0
2022-01-26 00:00:00-05:00,132.8135899951292,134.46572790599552,130.34879187913316,132.09915161132812,20709100,0.0,0.0
2022-01-27 00:00:00-05:00,133.4387715228418,134.29610064961153,128.7145698489299,129.7683563232422,17536800,0.0,0.0
2022-01-28 00:00:00-05:00,128.76813912804664,131.06325730708755,126.96418471517951,130.92930603027344,14117000,0.0,0.0
2022-01-31 00:00:00-05:00,130.0630629473018,132.87614902364783,129.19680827581053,132.70648193359375,13985700,0.0,0.0
2022-02-01 00:00:00-05:00,132.7868362494526,135.26949975485968,132.4385493152921,134.9837188720703,14584900,0.0,0.0
2022-02-02 00:00:00-05:00,134.4032401062111,134.79618199179012,132.23314782010237,133.90313720703125,12441100,0.0,0.0
2022-02-03 00:00:00-05:00,133.9567220918846,135.43024058418234,132.42960946425285,132.79576110839844,12474900,0.0,0.0
2022-02-04 00:00:00-05:00,133.15297746399662,137.0823689070362,132.85827106175142,136.24290466308594,16654400,0.0,0.0
2022-02-07 00:00:00-05:00,136.87701631580407,137.18957390195027,134.7158489665417,136.6984100341797,12572300,0.0,0.0
2022-02-08 00:00:00-05:00,138.4219197621527,141.52971130647558,138.2433135587833,139.2703094482422,20411400,0.0,0.0
2022-02-09 00:00:00-05:00,139.84189090841247,140.59204531797832,139.154256179702,139.850830078125,9131100,0.0,0.0
2022-02-10 00:00:00-05:00,139.90437714100034,142.02088858582627,138.61839067389297,139.2703094482422,16455600,0.0,0.0
2022-02-11 00:00:00-05:00,138.96672186428253,141.27077941494915,136.60908379819318,137.4574737548828,16830000,0.0,0.0
2022-02-14 00:00:00-05:00,136.394757256728,137.24314727031302,134.242529191137,136.18043518066406,17026500,0.0,0.0
2022-02-15 00:00:00-05:00,137.98437533426517,139.2614367451113,137.39497600219812,138.1719207763672,9500000,0.0,0.0
2022-02-16 00:00:00-05:00,137.29671969229446,139.40430607642196,137.29671969229446,138.4219512939453,9076500,0.0,0.0
2022-02-17 00:00:00-05:00,136.63585149548837,137.28777037013128,134.55505552050664,135.2337646484375,11367500,0.0,0.0
2022-02-18 00:00:00-05:00,135.85890282723932,137.65391787767504,134.9658580729721,135.86782836914062,11733300,0.0,0.0
2022-02-22 00:00:00-05:00,134.49256703445266,136.8502050191361,134.32288632361673,135.62672424316406,11333500,0.0,0.0
2022-02-23 00:00:00-05:00,136.74303238982537,136.90378755970724,132.14385654962632,132.78684997558594,11799000,0.0,0.0
2022-02-24 00:00:00-05:00,127.65181234765235,129.4825567187557,124.82978780865857,129.08961486816406,25655100,0.0,0.0
2022-02-25 00:00:00-05:00,129.71473161979517,134.07279374494018,129.4110997181002,132.14381408691406,18367700,0.0,0.0
2022-02-28 00:00:00-05:00,128.19656381350782,129.54505634599383,125.81213620382164,126.63373565673828,31315300,0.0,0.0
2022-03-01 00:00:00-05:00,125.06200016878851,125.454942099948,119.2929378210445,121.85597229003906,36840400,0.0,0.0
2022-03-02 00:00:00-05:00,122.60609128513316,125.06196401819835,121.99882747744763,124.38325500488281,19405600,0.0,0.0
2022-03-03 00:00:00-05:00,124.88341380694769,125.90148459674617,122.40074971205689,123.49919128417969,16640800,0.0,0.0
2022-03-04 00:00:00-05:00,120.50744398968655,120.93610159458632,118.23910300908364,120.02519226074219,21016000,0.0,0.0
2022-03-07 00:00:00-05:00,118.03371688755705,118.49810394911636,115.1581118506542,115.39031219482422,27560100,0.0,0.0
2022-03-08 00:00:00-05:00,115.77434417201607,117.69438532066783,113.65782523524322,114.57766723632812,19207800,0.0,0.0
2022-03-09 00:00:00-05:00,118.6856406647685,120.7753757157064,118.27484771477944,119.16789245605469,17536200,0.0,0.0
2022-03-10 00:00:00-05:00,117.75687408447266,119.17681187977902,116.38159124929392,117.75687408447266,15604200,0.0,0.0
2022-03-11 00:00:00-05:00,118.31951237610286,119.73945036069834,114.6848134403135,115.10454559326172,20061800,0.0,0.0
2022-03-14 00:00:00-04:00,115.61358832625403,118.70351577067235,115.40817820648917,116.24764251708984,15786900,0.0,0.0
2022-03-15 00:00:00-04:00,117.70333620880585,119.26616499178033,117.10499768139562,118.31060028076172,15096600,0.0,0.0
2022-03-16 00:00:00-04:00,120.44494231139302,123.67777360587253,120.05200043706434,123.5973892211914,20354900,0.0,0.0
2022-03-17 00:00:00-04:00,122.22209857912071,125.19593907487352,121.38263437814307,125.16020965576172,17050500,0.0,0.0
2022-03-18 00:00:00-04:00,125.19594082231158,125.78535360485641,123.65097728029042,125.11557006835938,23656500,0.0,0.0
2022-03-21 00:00:00-04:00,125.33884926222225,125.70498729177903,123.8921073492365,124.71370697021484,12676100,0.0,0.0
2022-03-22 00:00:00-04:00,127.05349320228457,128.53593728032945,126.56231581492807,127.36605072021484,13548600,0.0,0.0
2022-03-23 00:00:00-04:00,125.90146221704737,126.44622013394346,124.31184343530798,124.8298110961914,12093200,0.0,0.0
2022-03-24 00:00:00-04:00,125.29422243825032,125.66037417683495,124.23149665526789,125.64250946044922,10017600,0.0,0.0
2022-03-25 00:00:00-04:00,125.99969975893404,127.86616030118844,125.74072273764804,126.74092864990234,8383500,0.0,0.0
2022-03-28 00:00:00-04:00,125.02624767440751,125.89250205200828,123.15084850857957,125.80319213867188,10818100,0.0,0.0
2022-03-29 00:00:00-04:00,128.0179898902712,128.24125111182605,125.24061974905737,126.08007049560547,11316500,0.0,0.0
2022-03-30 00:00:00-04:00,126.72307902776137,126.91955001632043,124.94592821322969,125.50853729248047,8771000,0.0,0.0
2022-03-31 00:00:00-04:00,124.87444253863872,125.33882960000575,121.68626640595654,121.73986053466797,17353900,0.0,0.0
2022-04-01 00:00:00-04:00,122.70433550626453,122.71327467434422,119.48938278389681,120.83787536621094,15721300,0.0,0.0
2022-04-04 00:00:00-04:00,119.77516801737328,122.29356097416841,118.6767266940052,121.37372589111328,17416400,0.0,0.0
2022-04-05 00:00:00-04:00,120.61800754372815,121.81454906414928,119.6643517891317,119.96124267578125,12110300,1.0,0.0
2022-04-06 00:00:00-04:00,118.37785676926423,119.25952413706122,117.82006917115869,118.29689025878906,12914700,0.0,0.0
2022-04-07 00:00:00-04:00,117.81105162119827,118.68372719621222,115.813795534856,117.93700408935547,12994200,0.0,0.0
2022-04-08 00:00:00-04:00,118.45881837989072,120.46506629171597,118.2968853656385,120.0962142944336,13126900,0.0,0.0
2022-04-11 00:00:00-04:00,119.65536499023438,121.36472185612202,119.26851588825143,119.65536499023438,10466400,0.0,0.0
2022-04-12 00:00:00-04:00,118.88166974549064,121.07685338221899,117.58615063346794,118.34186553955078,12989900,0.0,0.0
2022-04-13 00:00:00-04:00,114.20340297650245,116.28162557761347,113.36671479643655,114.52728271484375,30838000,0.0,0.0
2022-04-14 00:00:00-04:00,113.80753769886891,115.42693623777015,112.47603147089522,113.46566772460938,18835200,0.0,0.0
2022-04-18 00:00:00-04:00,113.06082102537643,116.2726294523978,112.94386712693903,115.57089233398438,11834400,0.0,0.0
2022-04-19 00:00:00-04:00,115.56189448162948,118.14394075729756,115.36396720676183,117.96399688720703,15015400,0.0,0.0
2022-04-20 00:00:00-04:00,119.22350946180478,120.11416827760463,118.16189851540757,118.37782287597656,13430200,0.0,0.0
2022-04-21 00:00:00-04:00,118.95362839270985,119.48442709549727,116.92039178513346,117.4601821899414,12174200,0.0,0.0
2022-04-22 00:00:00-04:00,117.20827762466395,117.42420202394086,113.9784857042953,114.08644104003906,14318800,0.0,0.0
2022-04-25 00:00:00-04:00,113.36671318273149,114.36534121775318,110.75768504496217,114.05045318603516,17149000,0.0,0.0
2022-04-26 00:00:00-04:00,112.13416311275483,113.72657284294047,110.54176024646341,110.67670440673828,17209500,0.0,0.0
2022-04-27 00:00:00-04:00,110.0559415049335,111.16252481086943,109.05731352802881,109.23724365234375,17215200,0.0,0.0
2022-04-28 00:00:00-04:00,110.48780138344301,111.24352317599842,108.98536322963464,110.9646224975586,13015600,0.0,0.0
2022-04-29 00:00:00-04:00,110.70369756555927,111.20750738942361,106.97008925655122,107.3839340209961,14874800,0.0,0.0
2022-05-02 00:00:00-04:00,107.85176220134701,108.59848527575916,106.35832291641712,108.36457061767578,18545000,0.0,0.0
2022-05-03 00:00:00-04:00,109.33621052814826,111.71132393191763,108.66146224607981,110.68570709228516,15720900,0.0,0.0
2022-05-04 00:00:00-04:00,110.47879065745137,114.61724550938507,110.42480612620243,114.34734344482422,17128500,0.0,0.0
2022-05-05 00:00:00-04:00,112.68297507234442,113.44768850045554,109.90301514966046,111.48641967773438,15055400,0.0,0.0
2022-05-06 00:00:00-04:00,111.3784552068824,111.81928883996807,109.02133201335472,111.30648040771484,14417900,0.0,0.0
2022-05-09 00:00:00-04:00,109.85801851306121,110.95561016010113,108.4095583052652,109.63310241699219,14312300,0.0,0.0
2022-05-10 00:00:00-04:00,110.75769040385855,111.36046393484135,105.76454998716217,106.96110534667969,16382400,0.0,0.0
2022-05-11 00:00:00-04:00,107.32996808715706,110.5597600613588,106.10642392643965,106.2863540649414,14630300,0.0,0.0
2022-05-12 00:00:00-04:00,105.26075155481875,106.44830847729165,103.7943008203994,106.19640350341797,16318800,0.0,0.0
2022-05-13 00:00:00-04:00,107.42892855325138,108.18464334933826,106.12441106396625,107.14102935791016,10443200,0.0,0.0
2022-05-16 00:00:00-04:00,106.64622256963487,107.47391219955917,105.46766436041887,106.39431762695312,10269000,0.0,0.0
2022-05-17 00:00:00-04:00,108.8953731856393,110.63172564673346,108.6884473660938,109.92098999023438,11160200,0.0,0.0
2022-05-18 00:00:00-04:00,109.1292874553332,109.73206091727765,107.53687772584509,108.04068756103516,12664900,0.0,0.0
2022-05-19 00:00:00-04:00,106.33132995101164,107.64483905645565,105.82751325595927,106.43928527832031,12765800,0.0,0.0
2022-05-20 00:00:00-04:00,107.47391091670589,107.66283962146207,103.47939869073286,105.56661987304688,13150100,0.0,0.0
2022-05-23 00:00:00-04:00,108.37357999351177,113.87053039147749,108.364581427024,112.09819030761719,24376700,0.0,0.0
2022-05-24 00:00:00-04:00,111.88226603730769,114.69821315602941,110.7576855302295,113.68159484863281,19324900,0.0,0.0
2022-05-25 00:00:00-04:00,113.60960496922038,115.03107618882731,112.61097706237321,114.47328186035156,12780400,0.0,0.0
2022-05-26 00:00:00-04:00,115.48989780892865,117.12729336770889,115.34596195901909,116.45254516601562,15990900,0.0,0.0
2022-05-27 00:00:00-04:00,117.10031761850692,118.09894561767578,116.18265611791662,118.09894561767578,11177800,0.0,0.0
2022-05-31 00:00:00-04:00,117.11830877128729,119.79031322349003,116.69547911924765,118.9626235961914,17015000,0.0,0.0
2022-06-01 00:00:00-04:00,119.53840326835602,119.53840326835602,115.75981557079469,116.87540435791016,10768000,0.0,0.0
2022-06-02 00:00:00-04:00,116.86639094470901,118.76468322961414,115.75980766288491,118.75569152832031,8374800,0.0,0.0
2022-06-03 00:00:00-04:00,118.04496925254918,118.54877910852959,116.94737761153944,117.1003189086914,8596000,0.0,0.0
2022-06-06 00:00:00-04:00,117.93699929590217,119.10656572570545,116.47055570362924,116.71345520019531,11323500,0.0,0.0
2022-06-07 00:00:00-04:00,115.9037442994894,117.24424894305058,115.71480877112423,117.01933288574219,6722200,0.0,0.0
2022-06-08 00:00:00-04:00,116.05670017004013,116.46154637856398,114.16740642377181,115.15703582763672,8422100,0.0,0.0
2022-06-09 00:00:00-04:00,114.59025172103082,115.24700972232138,112.70095107858411,112.7369384765625,13560100,0.0,0.0
2022-06-10 00:00:00-04:00,110.28986752765447,111.01860043856597,107.34796763897491,107.55489349365234,12945200,0.0,0.0
2022-06-13 00:00:00-04:00,105.13479186882194,106.11542285909559,103.51539305638484,104.35208129882812,16805600,0.0,0.0
2022-06-14 00:00:00-04:00,103.95624305664181,105.54864631390207,101.86002297637884,102.61573791503906,13357900,0.0,0.0
2022-06-15 00:00:00-04:00,104.01921284158428,105.21576142015323,101.81503067958737,103.83028411865234,14083500,0.0,0.0
2022-06-16 00:00:00-04:00,102.43579856810567,102.79566573403068,100.64546816909525,102.04894256591797,16724900,0.0,0.0
2022-06-17 00:00:00-04:00,102.14791011034775,103.1285411394623,100.90637554756806,101.68907928466797,30919900,0.0,0.0
2022-06-21 00:00:00-04:00,104.24410965072114,105.28771671693652,103.49738660044214,104.20812225341797,11680500,0.0,0.0
2022-06-22 00:00:00-04:00,103.353442359593,104.54099907647512,102.91260873163154,103.62334442138672,9842700,0.0,0.0
2022-06-23 00:00:00-04:00,103.47039906563577,103.62334035817103,100.29458500067808,102.48976135253906,11851500,0.0,0.0
2022-06-24 00:00:00-04:00,101.86899084098015,105.99844664811964,101.50912375126818,105.54861450195312,14841100,0.0,0.0
2022-06-27 00:00:00-04:00,106.21438612217534,106.61024068911306,104.03719973180849,104.70294952392578,11280500,0.0,0.0
2022-06-28 00:00:00-04:00,105.86348940867931,107.320947947589,104.00118470757474,104.19911193847656,11590900,0.0,0.0
2022-06-29 00:00:00-04:00,104.36106264162848,105.09878712022906,103.2184919586827,103.7313003540039,9338400,0.0,0.0
2022-06-30 00:00:00-04:00,101.8150128424851,102.63371069565692,99.79976662036917,101.31120300292969,15172600,0.0,0.0
2022-07-01 00:00:00-04:00,101.34719606689474,102.93959903531713,100.006698032334,102.60672760009766,10573600,0.0,0.0
2022-07-05 00:00:00-04:00,100.53734630362622,102.29813625751622,99.20314697860752,102.2164535522461,12514200,1.0,0.0
2022-07-06 00:00:00-04:00,101.40866278810402,102.55226212775857,100.55549544060081,101.55387878417969,10656200,0.0,0.0
2022-07-07 00:00:00-04:00,103.01515125114886,104.28582410524803,102.92439038827249,104.12245178222656,10347400,0.0,0.0
2022-07-08 00:00:00-04:00,104.52182382436187,104.96655696748945,103.11500599915232,103.79572296142578,8807800,0.0,0.0
2022-07-11 00:00:00-04:00,103.0605421638434,103.67772576789007,101.85340252400628,102.43428039550781,7939500,0.0,0.0
2022-07-12 00:00:00-04:00,102.18015402152832,104.53997139779834,101.88971506636604,102.53412628173828,11250900,0.0,0.0
2022-07-13 00:00:00-04:00,101.42681382014564,102.08938128834953,100.18336850908824,101.57203674316406,12979900,0.0,0.0
2022-07-14 00:00:00-04:00,98.01415334231731,98.23198773138412,96.26244161341391,98.02323150634766,26204800,0.0,0.0
2022-07-15 00:00:00-04:00,99.07606269516113,103.36003452811161,97.72370035818459,102.51594543457031,18863900,0.0,0.0
2022-07-18 00:00:00-04:00,104.16782283031158,105.13897854956785,101.00930066424485,101.4631118774414,13977900,0.0,0.0
2022-07-19 00:00:00-04:00,102.67934093765587,104.3221425314724,102.26183537792555,103.97724151611328,11862300,0.0,0.0
2022-07-20 00:00:00-04:00,103.55972743519882,104.140605290037,102.99700590841762,103.9590835571289,11667500,0.0,0.0
2022-07-21 00:00:00-04:00,103.86832499748431,104.85763023564225,102.89716916317614,104.66703033447266,11595900,0.0,0.0
2022-07-22 00:00:00-04:00,104.59442265445784,105.51112338577579,103.16945550163008,104.15876770019531,7645500,0.0,0.0
2022-07-25 00:00:00-04:00,105.13899260496939,105.70172107742037,104.16783675588512,104.5762710571289,9394000,0.0,0.0
2022-07-26 00:00:00-04:00,103.99538846118368,104.903010967723,102.58857080620362,102.94254302978516,10675100,0.0,0.0
2022-07-27 00:00:00-04:00,103.4780419729543,105.04822500210126,102.83363083632409,104.59441375732422,9337400,0.0,0.0
2022-07-28 00:00:00-04:00,104.60349583569682,105.26606332469507,103.04238398730452,104.20413970947266,10384800,0.0,0.0
2022-07-29 00:00:00-04:00,104.91208793316274,105.73802778300616,104.18599404306724,104.70333862304688,12944500,0.0,0.0
2022-08-01 00:00:00-04:00,103.92278015245829,104.47643045221751,102.62487965173575,103.6595687866211,14740400,0.0,0.0
2022-08-02 00:00:00-04:00,103.39635431452609,103.83201616462607,101.89877579335833,102.04399871826172,14942900,0.0,0.0
2022-08-03 00:00:00-04:00,102.96978255144504,103.55973863410931,101.39052114561119,103.11500549316406,14394500,0.0,0.0
2022-08-04 00:00:00-04:00,102.42521717930389,102.8518009432026,100.76426602716644,101.98048400878906,18033900,0.0,0.0
2022-08-05 00:00:00-04:00,102.13475961702619,105.45666131685763,101.69910469139563,105.0663833618164,14174600,0.0,0.0
2022-08-08 00:00:00-04:00,105.5111050559301,105.9195323701738,103.63232694611212,103.78662109375,10332500,0.0,0.0
2022-08-09 00:00:00-04:00,104.14967405464242,105.27512393124417,103.80478002339936,104.72147369384766,10233800,0.0,0.0
2022-08-10 00:00:00-04:00,107.063152213065,108.3429032970684,106.64564668253766,107.45343017578125,12847300,0.0,0.0
2022-08-11 00:00:00-04:00,108.82392823697425,110.00383321404902,108.2884274148036,109.04175567626953,11684900,0.0,0.0
2022-08-12 00:00:00-04:00,109.52281045751785,110.95685573547384,108.40643860888144,110.84793853759766,9906700,0.0,0.0
2022-08-15 00:00:00-04:00,109.94937676071238,111.38342181173202,109.45925983474582,111.1474380493164,8456200,0.0,0.0
2022-08-16 00:00:00-04:00,110.99314748633401,112.76300845005787,110.61194772870266,112.20935821533203,9555000,0.0,0.0
2022-08-17 00:00:00-04:00,111.00223745622554,111.78279338084268,110.44858716261082,111.26544189453125,8149300,0.0,0.0
2022-08-18 00:00:00-04:00,110.9477703468881,111.15652656473851,109.41389305985257,110.4031982421875,9531800,0.0,0.0
2022-08-19 00:00:00-04:00,109.47743081896355,109.81324671950163,107.19929635562796,107.67125701904297,13464500,0.0,0.0
2022-08-22 00:00:00-04:00,105.96491492051162,106.3370434273426,104.830386923504,105.89230346679688,8967600,0.0,0.0
2022-08-23 00:00:00-04:00,105.91048019098439,106.45505234951126,104.72148991238544,104.84855651855469,7607000,0.0,0.0
2022-08-24 00:00:00-04:00,104.63979462581788,105.65633427758321,103.87738815584142,105.1026840209961,9771300,0.0,0.0
2022-08-25 00:00:00-04:00,105.4294383676452,107.77109927585279,104.99377649832141,107.5986557006836,10758900,0.0,0.0
2022-08-26 00:00:00-04:00,108.42457687370283,108.90561566350064,104.01353121974553,104.07706451416016,11276200,0.0,0.0
2022-08-29 00:00:00-04:00,103.46897239478419,104.24952835453824,102.97885537880298,103.82294464111328,8117300,0.0,0.0
2022-08-30 00:00:00-04:00,104.376596597961,104.90301935575293,102.88809612218502,103.84110260009766,10745400,0.0,0.0
2022-08-31 00:00:00-04:00,103.90463968862345,104.4038279705531,102.86994354010181,103.22392272949219,10738300,0.0,0.0
2022-09-01 00:00:00-04:00,102.82456123998635,104.04077215351198,101.57204459290033,103.9318618774414,9979800,0.0,0.0
2022-09-02 00:00:00-04:00,105.16623290567586,106.60027134757371,102.7338040664549,103.20576477050781,10666600,0.0,0.0
2022-09-06 00:00:00-04:00,103.7684796841988,104.14967946346587,101.71725094280313,103.23297882080078,9751900,0.0,0.0
2022-09-07 00:00:00-04:00,102.67932523505219,105.38404318181134,102.34350936043518,105.19344329833984,10647900,0.0,0.0
2022-09-08 00:00:00-04:00,104.63072127029264,107.81647820178921,104.04076525711028,107.64402770996094,11435000,0.0,0.0
2022-09-09 00:00:00-04:00,108.13414938473096,108.96008922393946,107.70756568092969,108.161376953125,9299700,0.0,0.0
2022-09-12 00:00:00-04:00,109.47743732569589,110.32152659616844,108.72410892766551,109.44113159179688,8614600,0.0,0.0
2022-09-13 00:00:00-04:00,107.16298969054854,107.93446744065152,105.08453330758677,105.63818359375,12904600,0.0,0.0
2022-09-14 00:00:00-04:00,105.91954322994398,106.95423232841526,104.26767055303281,105.39312744140625,9345700,0.0,0.0
2022-09-15 00:00:00-04:00,105.39312880144128,108.35197321088188,105.06638414248548,106.9814682006836,10821400,0.0,0.0
2022-09-16 00:00:00-04:00,106.54581084854817,106.55488901296111,104.71241633993696,106.26445007324219,14844100,0.0,0.0
2022-09-19 00:00:00-04:00,105.28420681805444,107.76201921499737,104.8394737453862,107.24467468261719,8201300,0.0,0.0
2022-09-20 00:00:00-04:00,106.56395850778968,106.81809169379223,104.04984036495728,105.12991333007812,9619000,0.0,0.0
2022-09-21 00:00:00-04:00,105.77432348021759,105.82877861254009,102.03491641111837,102.09844970703125,12606300,0.0,0.0
2022-09-22 00:00:00-04:00,102.90623810631774,103.10591616726137,100.80963231563014,100.93669891357422,11684500,0.0,0.0
2022-09-23 00:00:00-04:00,99.88385449632825,100.14705891608078,97.26082614080553,99.05791473388672,18138600,0.0,0.0
2022-09-26 00:00:00-04:00,98.0232331100431,99.48450593537461,96.2624431883022,96.92501068115234,15753600,0.0,0.0
2022-09-27 00:00:00-04:00,97.79632248042036,98.17752226112906,94.98269416984998,96.07183837890625,12793600,0.0,0.0
2022-09-28 00:00:00-04:00,96.16260178285361,98.68579816730814,95.88124102174599,98.01415252685547,12762600,0.0,0.0
2022-09-29 00:00:00-04:00,97.07023383552365,97.36975095399661,94.75580037136835,96.35321807861328,12713900,0.0,0.0
2022-09-30 00:00:00-04:00,96.26243885307524,97.67833464296756,94.75578912392284,94.84654998779297,15973400,0.0,0.0
2022-10-03 00:00:00-04:00,95.86309879751497,98.34998271238987,94.81025328743597,97.77818298339844,12248100,0.0,0.0
2022-10-04 00:00:00-04:00,100.39213135049404,102.5522705382755,99.71141443432558,102.35259246826172,16013600,0.0,0.0
2022-10-05 00:00:00-04:00,100.50278465299489,101.60167335343623,99.66030285021894,101.08885955810547,10943500,1.0,0.0
2022-10-06 00:00:00-04:00,100.23723052388458,100.90572600519454,98.84530420211476,99.02845001220703,11521400,0.0,0.0
2022-10-07 00:00:00-04:00,98.46068361891038,98.63467702343239,96.40026188286828,97.05044555664062,11681100,0.0,0.0
2022-10-10 00:00:00-04:00,97.73726553987227,98.26839123570561,95.71346711164796,96.14386749267578,8931700,0.0,0.0
2022-10-11 00:00:00-04:00,95.57609206806305,95.73176668930427,93.26841597322337,93.36914825439453,12739700,0.0,0.0
2022-10-12 00:00:00-04:00,93.22264945300141,95.9057769889379,92.74645913323253,94.88014221191406,13181000,0.0,0.0
2022-10-13 00:00:00-04:00,93.38746826449699,100.64015068566272,93.18600369948167,100.1548080444336,22398700,0.0,0.0
2022-10-14 00:00:00-04:00,102.52659124378432,105.53022733591538,101.39107181576125,101.82147216796875,33387100,0.0,0.0
2022-10-17 00:00:00-04:00,105.68588755994007,107.15107474880033,104.68772420259666,106.09796905517578,22276300,0.0,0.0
2022-10-18 00:00:00-04:00,109.57779728362365,110.01734995719536,107.10528729516861,108.8268814086914,21539700,0.0,0.0
2022-10-19 00:00:00-04:00,108.04850236094116,108.81773002672348,105.92397912132705,106.69320678710938,17072000,0.0,0.0
2022-10-20 00:00:00-04:00,107.2884512437602,108.70784867549702,105.90567738316727,106.34523010253906,12207400,0.0,0.0
2022-10-21 00:00:00-04:00,106.64742591227989,112.07778202749257,106.52838184082461,111.93126678466797,20593300,0.0,0.0
2022-10-24 00:00:00-04:00,111.7847483080427,112.7279624850652,111.10710044077992,112.0686264038086,12624200,0.0,0.0
2022-10-25 00:00:00-04:00,111.58329881520314,112.88365238095322,110.70418625019326,112.36167907714844,11289100,0.0,0.0
2022-10-26 00:00:00-04:00,112.63637971430619,114.65101135359498,112.52648804820234,113.6528549194336,11667000,0.0,0.0
2022-10-27 00:00:00-04:00,114.6510068357401,115.56674972416157,113.74442333244073,114.1015625,10727600,0.0,0.0
2022-10-28 00:00:00-04:00,114.73343327498077,115.64001682526549,113.59791399072567,115.45687103271484,11859500,0.0,0.0
2022-10-31 00:00:00-04:00,115.10887815899792,116.69311642839043,115.0081458824523,115.27371215820312,13295200,0.0,0.0
2022-11-01 00:00:00-04:00,116.18031980392584,117.47151383290596,115.68581773328512,117.35246276855469,13386900,0.0,0.0
2022-11-02 00:00:00-04:00,116.8946019167632,119.37626474784432,115.96969947854578,116.27189636230469,16546100,0.0,0.0
2022-11-03 00:00:00-04:00,115.66747994228548,117.37991464175667,115.3011883826868,116.48249053955078,12474400,0.0,0.0
2022-11-04 00:00:00-04:00,118.57956620175044,119.80665846924897,117.63635202879402,119.6692886352539,14953200,0.0,0.0
2022-11-07 00:00:00-05:00,119.96232703917457,121.14362930229979,119.48613679035985,120.3011474609375,12011200,0.0,0.0
2022-11-08 00:00:00-05:00,120.18210671759188,120.933008651379,119.17478390907824,120.37440490722656,9884100,0.0,0.0
2022-11-09 00:00:00-05:00,120.25536237365235,120.35608067680693,118.33229672576779,118.80848693847656,9494000,0.0,0.0
2022-11-10 00:00:00-05:00,121.4550101121156,123.85425252888896,121.36343021415439,123.69857788085938,16351600,0.0,0.0
2022-11-11 00:00:00-05:00,123.7993149998187,124.6967393476337,122.50811384319448,123.9000473022461,10704700,0.0,0.0
2022-11-14 00:00:00-05:00,123.44215454020792,124.2937887909948,122.62714385986328,122.62714385986328,11085600,0.0,0.0
2022-11-15 00:00:00-05:00,123.33224475737065,124.2754727820005,120.51176897449375,121.73886108398438,14038300,0.0,0.0
2022-11-16 00:00:00-05:00,121.79383996289839,122.30665389546216,120.90556798216056,121.90372467041016,7893400,0.0,0.0
2022-11-17 00:00:00-05:00,120.8780483761431,121.69305890096629,120.2187124489686,121.37254333496094,8820200,0.0,0.0
2022-11-18 00:00:00-05:00,123.23152880612429,123.32309471228184,121.13446973938957,122.56302642822266,9468500,0.0,0.0
2022-11-21 00:00:00-05:00,122.47145679770185,123.22235868712089,121.56486632360674,121.83959197998047,7800500,0.0,0.0
2022-11-22 00:00:00-05:00,122.70956728607665,123.8725648586524,122.42568917954846,123.66193389892578,9185700,0.0,0.0
2022-11-23 00:00:00-05:00,123.57039057681429,124.99894774390053,123.49712944348519,124.98062896728516,7316200,0.0,0.0
2022-11-25 00:00:00-05:00,124.98060209821874,125.58499583839831,124.59599171077613,125.21870422363281,3220500,0.0,0.0
2022-11-28 00:00:00-05:00,124.60516957237951,125.19124459391857,122.8835680833638,123.03009033203125,9906900,0.0,0.0
2022-11-29 00:00:00-05:00,123.31394986800805,125.12711700928688,123.0850141288976,125.0538558959961,7925300,0.0,0.0
2022-11-30 00:00:00-05:00,124.62343157088023,126.5373306274414,121.96778309825355,126.5373306274414,14761200,0.0,0.0
2022-12-01 00:00:00-05:00,126.53734024273736,126.97690687116938,124.01904740649437,124.76081085205078,8858500,0.0,0.0
2022-12-02 00:00:00-05:00,123.15827397065328,123.94581346398753,122.10516119774077,123.77182006835938,8931900,0.0,0.0
2022-12-05 00:00:00-05:00,122.9293392420728,123.23153609383242,119.59603544662698,120.3011474609375,10154500,0.0,0.0
2022-12-06 00:00:00-05:00,122.1509802627047,123.72605962490043,118.92756040831208,120.50263977050781,13966700,0.0,0.0
2022-12-07 00:00:00-05:00,120.24620313901356,121.8670720542558,119.34877897086182,120.42019653320312,11739400,0.0,0.0
2022-12-08 00:00:00-05:00,121.18026042106706,121.77548772068307,120.35608342183585,121.68392181396484,8907300,0.0,0.0
2022-12-09 00:00:00-05:00,121.06123600287597,122.48979301470985,120.87809017602333,121.02461242675781,7957800,0.0,0.0
2022-12-12 00:00:00-05:00,121.24437925964982,123.30480120761078,120.5117959677682,122.90188598632812,8841600,0.0,0.0
2022-12-13 00:00:00-05:00,125.35604942965468,125.53919522146862,121.86707109368093,122.7828140258789,10025400,0.0,0.0
2022-12-14 00:00:00-05:00,122.5080938050597,124.27548500890414,121.57403206016197,122.16927337646484,9966100,0.0,0.0
2022-12-15 00:00:00-05:00,120.09968729391343,120.95133553882994,118.17663540287936,119.13816833496094,12087800,0.0,0.0
2022-12-16 00:00:00-05:00,118.26818175467537,118.95498888210815,117.60884579448975,118.3963851928711,21133700,0.0,0.0
2022-12-19 00:00:00-05:00,118.72607400001165,120.26452950136444,118.21326015727045,119.10153198242188,9017200,0.0,0.0
2022-12-20 00:00:00-05:00,119.93487374450109,120.92387795954342,119.22974765196403,119.678466796875,8549900,0.0,0.0
2022-12-21 00:00:00-05:00,121.04291722825143,121.77551450879291,120.66747317379934,121.02461242675781,8051700,0.0,0.0
2022-12-22 00:00:00-05:00,120.05389956998245,120.23704535503765,117.59054893757593,119.65097045898438,8648200,0.0,0.0
2022-12-23 00:00:00-05:00,119.57770987474812,120.36524932975423,118.7169093107731,120.2187271118164,5091900,0.0,0.0
2022-12-27 00:00:00-05:00,120.484301882885,121.07952918763898,119.550240198278,120.63997650146484,5411000,0.0,0.0
2022-12-28 00:00:00-05:00,120.74069746344479,122.16925403945285,119.97146286833329,121.29930114746094,8827700,0.0,0.0
2022-12-29 00:00:00-05:00,121.729704123271,122.04106734709401,121.16194796340132,121.99527740478516,6585200,0.0,0.0
2022-12-30 00:00:00-05:00,121.61983111238689,123.01176444801733,121.28101065841543,122.8011474609375,9292500,0.0,0.0
2023-01-03 00:00:00-05:00,123.84507473607256,125.21868908507152,122.6088162327224,123.73517608642578,11054800,0.0,0.0
2023-01-04 00:00:00-05:00,124.53189886549863,126.07949283864728,124.14728847218983,124.8890380859375,11687600,0.0,0.0
2023-01-05 00:00:00-05:00,125.14733363036125,125.19346180691988,123.3392132742021,124.86135864257812,8381300,1.0,0.0
2023-01-06 00:00:00-05:00,125.58091267835742,127.65655392856925,124.06800139681229,127.25064849853516,10029100,0.0,0.0
2023-01-09 00:00:00-05:00,127.85948631850927,128.11778717358982,126.27277302224822,126.72479248046875,8482300,0.0,0.0
2023-01-10 00:00:00-05:00,127.11227720647598,127.97021633227186,126.66947763502837,127.8595199584961,9048700,0.0,0.0
2023-01-11 00:00:00-05:00,128.13625195241275,128.92038874886458,127.3982574102741,128.8096923828125,8703700,0.0,0.0
2023-01-12 00:00:00-05:00,129.1510003099014,129.94435701771593,128.4314458628536,128.68052673339844,11001700,0.0,0.0
2023-01-13 00:00:00-05:00,125.09198197829284,132.37056322485412,124.35397340286053,131.92774963378906,20200000,0.0,0.0
2023-01-17 00:00:00-05:00,130.23033070426126,130.57165384016318,128.44066460814747,129.88900756835938,14292900,0.0,0.0
2023-01-18 00:00:00-05:00,128.1547076642737,129.82444356300687,125.83921949480727,125.98682403564453,13392600,0.0,0.0
2023-01-19 00:00:00-05:00,124.83368193365786,125.36872372621798,123.23773433152995,124.30784606933594,13303400,0.0,0.0
2023-01-20 00:00:00-05:00,124.68609170285276,124.99052080505861,123.20085436706671,124.61228942871094,13092500,0.0,0.0
2023-01-23 00:00:00-05:00,124.64916941674768,127.26910058498841,124.3724285154748,126.632568359375,10487100,0.0,0.0
2023-01-24 00:00:00-05:00,125.84843419730726,129.41853266077536,124.5384756243457,127.72112274169922,6945000,0.0,0.0
2023-01-25 00:00:00-05:00,127.35214259398586,128.33921813964844,126.61413389807234,128.33921813964844,8967000,0.0,0.0
2023-01-26 00:00:00-05:00,128.61593612631194,129.206340097772,127.63808086823815,129.13253784179688,7487600,0.0,0.0
2023-01-27 00:00:00-05:00,129.7137336540936,130.31335768367455,128.92037692534547,129.4462127685547,7489900,0.0,0.0
2023-01-30 00:00:00-05:00,128.44067672474193,129.23403349962402,128.14548173306235,128.3484344482422,6729300,0.0,0.0
2023-01-31 00:00:00-05:00,129.04033346454446,129.21561211440354,127.536641969801,129.1141357421875,9188700,0.0,0.0
2023-02-01 00:00:00-05:00,127.49971585355509,129.96280818647722,127.41667951434165,128.77276611328125,8841800,0.0,0.0
2023-02-02 00:00:00-05:00,129.15101214948385,129.5753716687089,127.30599769020552,128.17315673828125,11822100,0.0,0.0
2023-02-03 00:00:00-05:00,127.47204053619367,131.30045393398444,127.42592643640081,130.1565399169922,11501200,0.0,0.0
2023-02-06 00:00:00-05:00,129.36318646266028,131.21743502591008,129.17868782973096,130.92222595214844,8406200,0.0,0.0
2023-02-07 00:00:00-05:00,130.42406166418485,133.15467486781688,130.23954897835594,132.5181427001953,10447900,0.0,0.0
2023-02-08 00:00:00-05:00,131.5956457857201,132.8779302241988,131.25432262787135,131.58642578125,6958000,0.0,0.0
2023-02-09 00:00:00-05:00,132.02924973935913,132.23220248602038,129.03110079936252,129.53848266601562,6443100,0.0,0.0
2023-02-10 00:00:00-05:00,128.94807368610296,130.33183468351544,127.85028770927389,130.1104278564453,6582900,0.0,0.0
2023-02-13 00:00:00-05:00,130.3502776917921,131.6694563072167,129.83367588221756,131.52186584472656,7134600,0.0,0.0
2023-02-14 00:00:00-05:00,131.45727512332502,132.66575729505092,130.62702427939897,132.10302734375,9249400,0.0,0.0
2023-02-15 00:00:00-05:00,130.63624687025177,132.73956218775996,130.35027188671188,132.6565399169922,6728300,0.0,0.0
2023-02-16 00:00:00-05:00,131.8355161088989,132.27831565300778,130.70082204237585,130.82998657226562,8165300,0.0,0.0
2023-02-17 00:00:00-05:00,130.05506958755439,131.76171364927728,129.21559867888436,131.21743774414062,7948800,0.0,0.0
2023-02-21 00:00:00-05:00,129.78754781985546,130.387171904429,127.99788149484765,128.8096923828125,9996300,0.0,0.0
2023-02-22 00:00:00-05:00,128.15468919040865,128.62516276062055,126.78938257533628,127.82258605957031,11107500,0.0,0.0
2023-02-23 00:00:00-05:00,127.97941389653887,129.30782645428664,127.25063943639948,128.84657287597656,8068000,0.0,0.0
2023-02-24 00:00:00-05:00,128.3299857535932,130.40562709266814,128.16392712676847,130.00894165039062,9126900,0.0,0.0
2023-02-27 00:00:00-05:00,131.09748755132986,132.20449328145548,130.7377103371305,131.14361572265625,10014700,0.0,0.0
2023-02-28 00:00:00-05:00,131.86316276615307,132.61961124344361,130.90374753112508,132.24139404296875,11019800,0.0,0.0
2023-03-01 00:00:00-05:00,131.0882772898551,132.34288763092906,130.81152231767038,131.50340270996094,7139200,0.0,0.0
2023-03-02 00:00:00-05:00,131.21745450158852,131.39271907926147,128.7266733201516,130.13812255859375,11106800,0.0,0.0
2023-03-03 00:00:00-05:00,130.54399057368198,132.6011917925285,130.14731922895072,132.5273895263672,9513100,0.0,0.0
2023-03-06 00:00:00-05:00,132.3244371513992,132.87793303450798,131.60488264991764,131.7524871826172,9261300,0.0,0.0
2023-03-07 00:00:00-05:00,131.00526727307,131.2820223008746,127.13073911284208,127.87796783447266,11747600,0.0,0.0
2023-03-08 00:00:00-05:00,127.30599673718818,127.85027262027845,126.28201315690055,127.12149810791016,10002500,0.0,0.0
2023-03-09 00:00:00-05:00,126.16208845622894,126.70637844043762,119.20638987379802,120.23959350585938,25888100,0.0,0.0
2023-03-10 00:00:00-05:00,118.96653619295384,124.77832036454066,117.91487149668787,123.29308319091797,37599700,0.0,0.0
2023-03-13 00:00:00-04:00,121.04216932312453,123.50526172401649,119.38165363815746,121.07906341552734,42901100,0.0,0.0
2023-03-14 00:00:00-04:00,124.7967854376339,125.02741226082236,121.11597627206211,124.18792724609375,29648100,0.0,0.0
2023-03-15 00:00:00-04:00,120.82996763963449,120.8392017188527,116.90931977461871,118.32074737548828,34280600,0.0,0.0
2023-03-16 00:00:00-04:00,118.09015332283113,121.7248343037224,116.25436578335037,120.61782836914062,24558500,0.0,0.0
2023-03-17 00:00:00-04:00,118.43148110430431,118.52372338026191,115.72852763693783,116.06063079833984,38396000,0.0,0.0
2023-03-20 00:00:00-04:00,117.14920488911795,119.43702618429417,116.24515163919907,117.28758239746094,22875500,0.0,0.0
2023-03-21 00:00:00-04:00,120.47020555487761,121.52186314469817,120.1012083247568,120.43331146240234,17807800,0.0,0.0
2023-03-22 00:00:00-04:00,120.44254244300132,120.53479879711034,117.23222120408215,117.32447052001953,17250200,0.0,0.0
2023-03-23 00:00:00-04:00,117.98868097137063,119.49236528429715,116.2543628032985,117.01081848144531,16677600,0.0,0.0
2023-03-24 00:00:00-04:00,115.89457646612907,115.94070464118424,113.56986142967864,115.23037719726562,22311100,0.0,0.0
2023-03-27 00:00:00-04:00,116.96468494288993,119.35398217332511,116.50343135783469,118.53295135498047,18853900,0.0,0.0
2023-03-28 00:00:00-04:00,118.73589856099942,119.31706847934788,117.84105848314509,118.8927230834961,10820500,0.0,0.0
2023-03-29 00:00:00-04:00,120.01818138404417,120.12887773349976,117.86873107711466,119.132568359375,14595300,0.0,0.0
2023-03-30 00:00:00-04:00,119.87980240554847,120.03662693329807,117.75804016436587,118.77279663085938,12134700,0.0,0.0
2023-03-31 00:00:00-04:00,119.61228240632168,120.23958052195135,118.86505385479836,120.21190643310547,13105200,0.0,0.0
2023-04-03 00:00:00-04:00,119.84292816489776,121.25436322479173,119.38167450934169,120.07355499267578,11775400,0.0,0.0
2023-04-04 00:00:00-04:00,120.38719287706124,120.47021514899892,117.53664892978881,118.46837615966797,11579900,0.0,0.0
2023-04-05 00:00:00-04:00,117.89192670388562,119.14707668722164,117.57580902387382,118.64501953125,9614700,1.0,0.0
2023-04-06 00:00:00-04:00,118.0778873969131,119.08201601577716,117.94772336410566,118.5148696899414,8760200,0.0,0.0
2023-04-10 00:00:00-04:00,117.65019263184118,119.22146032380778,117.35267385939126,118.90534973144531,9477300,0.0,0.0
2023-04-11 00:00:00-04:00,119.28654339146377,119.88158090625643,118.57993368261997,119.4910888671875,10516300,0.0,0.0
2023-04-12 00:00:00-04:00,120.10472488738162,121.26690877514532,119.06341266372614,119.47250366210938,11821000,0.0,0.0
2023-04-13 00:00:00-04:00,119.43532049173513,119.97456133339055,117.9198281563234,119.92808532714844,12450200,0.0,0.0
2023-04-14 00:00:00-04:00,125.65531412466714,129.3464112241228,125.42287735108336,128.9838104248047,43931300,0.0,0.0
2023-04-17 00:00:00-04:00,130.11809586712968,130.22036860936103,127.98898138025827,130.00653076171875,16050500,0.0,0.0
2023-04-18 00:00:00-04:00,130.41561260269637,131.8195254325071,129.26272124249093,131.46621704101562,13760100,0.0,0.0
2023-04-19 00:00:00-04:00,131.30818152408432,131.55921721829318,130.53648971360158,131.29888916015625,9158100,0.0,0.0
2023-04-20 00:00:00-04:00,130.0809121691736,131.49411745979074,130.01582306650377,130.9176788330078,10586200,0.0,0.0
2023-04-21 00:00:00-04:00,129.9228397895457,131.19658853096476,129.03027650358848,130.6666259765625,11842500,0.0,0.0
2023-04-24 00:00:00-04:00,130.5923012181402,131.18733887353952,130.20179489998168,130.84332275390625,7567500,0.0,0.0
2023-04-25 00:00:00-04:00,129.79269495570054,130.1274044640123,127.96109211671873,127.99827575683594,10629300,0.0,0.0
2023-04-26 00:00:00-04:00,127.95179321485382,128.128447436302,124.58611320390236,125.72969818115234,14416100,0.0,0.0
2023-04-27 00:00:00-04:00,126.4456223197612,128.2214429204115,126.12951166879782,127.42185974121094,9041100,0.0,0.0
2023-04-28 00:00:00-04:00,126.96626151575278,128.60262548886095,126.13878716546598,128.5282440185547,9887300,0.0,0.0
2023-05-01 00:00:00-04:00,132.26581836000824,133.29783821644935,130.93628680641368,131.28028869628906,20415800,0.0,0.0
2023-05-02 00:00:00-04:00,131.46624572118586,132.40529945357613,128.7048954586178,129.1604766845703,14113400,0.0,0.0
2023-05-03 00:00:00-04:00,128.7142092779594,128.92804716935956,126.22247931498954,126.4270248413086,12930900,0.0,0.0
2023-05-04 00:00:00-04:00,125.47867596517398,126.1852786601543,122.5499640622479,124.69767761230469,17089200,0.0,0.0
2023-05-05 00:00:00-04:00,126.85470186625903,128.19354001579455,126.3619370177238,127.13362884521484,11261400,0.0,0.0
2023-05-08 00:00:00-04:00,127.83090642440395,128.27718096422285,126.8918529755788,127.44041442871094,7484900,0.0,0.0
2023-05-09 00:00:00-04:00,126.38053149804215,127.3288776249441,125.71112655843577,126.82682037353516,7343600,0.0,0.0
2023-05-10 00:00:00-04:00,128.2586209725423,128.3608937300772,125.39499794838092,126.89189147949219,8133400,0.0,0.0
2023-05-11 00:00:00-04:00,125.51587379473234,127.19871398090439,125.42289339867627,126.49211120605469,7057300,0.0,0.0
2023-05-12 00:00:00-04:00,127.20800566679817,127.36606097216954,123.77723658077858,124.67909240722656,9988600,0.0,0.0
2023-05-15 00:00:00-04:00,124.83714889684532,126.13878918096603,124.54892956156252,125.72969818115234,7639500,0.0,0.0
2023-05-16 00:00:00-04:00,125.94353220599379,126.38980678427393,124.54891173540695,124.88362121582031,6477200,0.0,0.0
2023-05-17 00:00:00-04:00,126.35262233626756,128.85364424817092,125.94354553851306,128.72348022460938,12711500,0.0,0.0
2023-05-18 00:00:00-04:00,128.5561373131233,129.9135601537646,128.0819572058346,129.69972229003906,10999600,0.0,0.0
2023-05-19 00:00:00-04:00,129.9693374456531,130.6201717479733,128.42596808225812,129.40219116210938,13492200,0.0,0.0
2023-05-22 00:00:00-04:00,131.09434260740792,131.68938019077746,127.98899066253614,128.33299255371094,11402500,0.0,0.0
2023-05-23 00:00:00-04:00,127.877420494051,129.2627488951612,126.87330602719749,126.9941635131836,9514900,0.0,0.0
2023-05-24 00:00:00-04:00,125.88776803699696,126.77103924631842,125.59025630344925,125.83198547363281,8578000,0.0,0.0
2023-05-25 00:00:00-04:00,125.34847189153754,126.69660193037119,125.1253275496051,126.13874816894531,8472500,0.0,0.0
2023-05-26 00:00:00-04:00,126.54788063934289,127.93320895067457,126.10160599557224,127.31957244873047,8579900,0.0,0.0
2023-05-30 00:00:00-04:00,127.18941066738822,128.04477632756996,126.46420903839032,127.80304718017578,7399900,0.0,0.0
2023-05-31 00:00:00-04:00,127.12433446010517,127.226607222616,124.95802171733372,126.1760025024414,14219900,0.0,0.0
2023-06-01 00:00:00-04:00,126.92909726996506,128.51895710691062,125.93426091276511,127.91462707519531,12248100,0.0,0.0
2023-06-02 00:00:00-04:00,129.7555196432597,131.54063260172768,129.55097412008783,130.60159301757812,12922500,0.0,0.0
2023-06-05 00:00:00-04:00,130.26688865425152,130.26688865425152,128.4259930589933,129.31854248046875,8511900,0.0,0.0
2023-06-06 00:00:00-04:00,128.937358205232,130.25761195240426,128.5003899940754,129.55099487304688,9329500,0.0,0.0
2023-06-07 00:00:00-04:00,129.74621069918032,131.34537684682581,129.076791651942,130.80612182617188,9281400,0.0,0.0
2023-06-08 00:00:00-04:00,130.78754019040267,130.99208571446027,129.68113872485935,130.84332275390625,7368100,0.0,0.0
2023-06-09 00:00:00-04:00,130.49004574622876,131.83817656118904,130.35988168520126,131.10366821289062,7249100,0.0,0.0
2023-06-12 00:00:00-04:00,131.15941893506186,131.39185569008666,129.94143842180847,131.09432983398438,7596600,0.0,0.0
2023-06-13 00:00:00-04:00,130.61087553751943,132.83297065646826,130.29476491165087,132.04269409179688,7701600,0.0,0.0
2023-06-14 00:00:00-04:00,132.95383981928003,133.5209861370307,130.81541857922923,131.5499267578125,9068700,0.0,0.0
2023-06-15 00:00:00-04:00,130.71313840646567,133.32572542805949,130.1924823122168,133.03750610351562,9343100,0.0,0.0
2023-06-16 00:00:00-04:00,133.00034817851713,133.85571395400092,132.48898434892973,133.19558715820312,13813500,0.0,0.0
2023-06-20 00:00:00-04:00,132.59125770413888,132.95385856912745,131.1315476919943,132.51687622070312,8428600,0.0,0.0
2023-06-21 00:00:00-04:00,132.8608349910178,133.90216123389115,131.7358491133408,132.32159423828125,9926500,0.0,0.0
2023-06-22 00:00:00-04:00,132.31229907643169,132.58193366281853,129.18834845257769,129.7740936279297,10075200,0.0,0.0
2023-06-23 00:00:00-04:00,128.80716441468397,129.40220202550213,127.95179873580885,129.09539794921875,9919500,0.0,0.0
2023-06-26 00:00:00-04:00,129.11397314658396,130.1738842559491,128.01687839601942,129.4114990234375,8429700,0.0,0.0
2023-06-27 00:00:00-04:00,129.23482980914127,130.01581386502326,128.8071399575032,129.4207763671875,8154000,0.0,0.0
2023-06-28 00:00:00-04:00,129.3836156345039,129.43010582894865,128.26792190190724,128.85365295410156,7558600,0.0,0.0
2023-06-29 00:00:00-04:00,130.2297155394496,133.47452464698455,130.0251699915638,133.35365295410156,15423200,0.0,0.0
2023-06-30 00:00:00-04:00,134.4414279986358,135.74306818320116,133.5674635089359,135.222412109375,14212800,0.0,0.0
2023-07-03 00:00:00-04:00,135.91971913562398,137.11908654933129,135.7430649319183,136.31021118164062,8021600,0.0,0.0
2023-07-05 00:00:00-04:00,135.68300316098157,136.14169879641477,135.14004477164264,135.40216064453125,8934900,1.0,0.0
2023-07-06 00:00:00-04:00,133.8856396654107,134.2320040302401,132.40654898226205,134.06350708007812,9709500,0.0,0.0
2023-07-07 00:00:00-04:00,134.71880784275996,136.52553639400776,133.86692398915542,135.121337890625,8981500,0.0,0.0
2023-07-10 00:00:00-04:00,135.2710974449543,136.6659395090326,135.2710974449543,135.87957763671875,9100100,0.0,0.0
2023-07-11 00:00:00-04:00,136.99359880427176,138.37908490759793,136.40384516231424,138.00462341308594,11260900,0.0,0.0
2023-07-12 00:00:00-04:00,138.03269855763006,140.29813690742736,137.61144189846328,138.68798828125,11323200,0.0,0.0
2023-07-13 00:00:00-04:00,139.20285874786703,139.83006562336877,138.31353599258082,139.36199951171875,11234900,0.0,0.0
2023-07-14 00:00:00-04:00,141.870827603696,143.1252412336155,138.93137327763844,140.2045135498047,27028400,0.0,0.0
2023-07-17 00:00:00-04:00,140.7474745833013,143.93031818225228,140.7474745833013,143.58395385742188,17262400,0.0,0.0
2023-07-18 00:00:00-04:00,143.58398393912213,144.53882864830726,143.05975211033515,143.84609985351562,13491700,0.0,0.0
2023-07-19 00:00:00-04:00,142.99420853526703,145.2971002736689,142.49805956001194,144.39840698242188,12510000,0.0,0.0
2023-07-20 00:00:00-04:00,144.6605180284174,146.58894821231368,144.5481867273733,146.1770477294922,9935900,0.0,0.0
2023-07-21 00:00:00-04:00,145.84939849751257,146.16768001485138,144.81029119211755,145.05368041992188,10636400,0.0,0.0
2023-07-24 00:00:00-04:00,145.07239533945494,148.64841259921064,144.84771848900857,147.90887451171875,14381400,0.0,0.0
2023-07-25 00:00:00-04:00,147.25359971580744,147.6467735305015,145.99918598070113,146.80426025390625,9944700,0.0,0.0
2023-07-26 00:00:00-04:00,146.70127676307158,148.14291400130324,146.29873250733112,147.6842041015625,8728600,0.0,0.0
2023-07-27 00:00:00-04:00,147.69360576809055,148.6390943050811,145.6153907955602,146.0553741455078,10778400,0.0,0.0
2023-07-28 00:00:00-04:00,147.234883659289,147.53445284492707,146.4485359733566,146.88851928710938,9103800,0.0,0.0
2023-07-31 00:00:00-04:00,147.14127883075832,149.2007814689445,147.1131960024418,147.87147521972656,8892700,0.0,0.0
2023-08-01 00:00:00-04:00,147.37529894065986,147.90890120016138,146.17705075722094,147.14126586914062,6853900,0.0,0.0
2023-08-02 00:00:00-04:00,145.62471438118453,145.74641613115145,144.1081848752588,145.4749298095703,8299400,0.0,0.0
2023-08-03 00:00:00-04:00,145.10050403286803,146.897876304198,144.4920237619121,146.36428833007812,6084000,0.0,0.0
2023-08-04 00:00:00-04:00,146.41109472740982,147.7216885960237,145.75580493522597,146.0553741455078,6209400,0.0,0.0
2023-08-07 00:00:00-04:00,146.59832234097993,147.62805928952613,146.59832234097993,146.7480926513672,7251800,0.0,0.0
2023-08-08 00:00:00-04:00,144.46393710846394,146.01790580284208,142.84441801525406,145.92430114746094,8623400,0.0,0.0
2023-08-09 00:00:00-04:00,145.40006893140463,145.58729252584976,143.66821854323672,143.9677734375,6277800,0.0,0.0
2023-08-10 00:00:00-04:00,144.520091916497,145.51238975141104,143.31247339344608,143.75245666503906,5995100,0.0,0.0
2023-08-11 00:00:00-04:00,143.25634127753443,144.65118370801733,142.8818940279704,144.5856475830078,5180700,0.0,0.0
2023-08-14 00:00:00-04:00,143.7992760288352,145.02560699541831,143.15334248845306,144.88519287109375,5044300,0.0,0.0
2023-08-15 00:00:00-04:00,143.0878141862051,143.48098800077395,140.63513807973655,141.1968231201172,10300300,0.0,0.0
2023-08-16 00:00:00-04:00,140.98153496964974,141.31854318067522,140.12028065372675,140.59771728515625,6978200,0.0,0.0
2023-08-17 00:00:00-04:00,141.2436574651906,141.59937805479146,138.92203888799807,139.13735961914062,9953900,0.0,0.0
2023-08-18 00:00:00-04:00,138.2199108469386,139.9517610959369,138.02333108805377,139.4556121826172,8517500,0.0,0.0
2023-08-21 00:00:00-04:00,140.0922157539315,140.51348678480727,138.56632957017854,139.93307495117188,8327000,0.0,0.0
2023-08-22 00:00:00-04:00,139.7271029659488,140.0828378134794,136.53490265589448,137.0310516357422,9673300,0.0,0.0
2023-08-23 00:00:00-04:00,137.00297996106144,138.1637749740239,136.1698227115898,137.95782470703125,7858000,0.0,0.0
2023-08-24 00:00:00-04:00,138.07952671117278,139.86754299375357,137.60210433741545,137.82676696777344,6534000,0.0,0.0
2023-08-25 00:00:00-04:00,137.87357059987212,139.12798451368934,136.53490820324166,137.65826416015625,6695500,0.0,0.0
2023-08-28 00:00:00-04:00,138.14505161734553,139.11862293308627,137.73315111613948,138.13568115234375,5094100,0.0,0.0
2023-08-29 00:00:00-04:00,138.27609058280225,139.34328069655484,137.77992738593437,139.25901794433594,6337000,0.0,0.0
2023-08-30 00:00:00-04:00,139.12793939995714,139.62408823908154,137.78927743740223,138.69732666015625,6277300,0.0,0.0
2023-08-31 00:00:00-04:00,138.79096610726893,138.87522886814105,136.63787329971225,136.98423767089844,10933900,0.0,0.0
2023-09-01 00:00:00-04:00,136.75954535978775,138.62245352140573,136.3944543846634,137.44293212890625,7903500,0.0,0.0
2023-09-05 00:00:00-04:00,137.7612015206172,138.74414307002488,135.74850896054588,135.92637634277344,7854700,0.0,0.0
2023-09-06 00:00:00-04:00,135.45833292470454,136.24468058187983,134.9060183286584,135.7017364501953,8629200,0.0,0.0
2023-09-07 00:00:00-04:00,134.92474171145767,135.9919318730385,134.2319987249338,134.54092407226562,8373700,0.0,0.0
2023-09-08 00:00:00-04:00,134.21327851187928,134.91537771193597,133.53926213708527,134.64390563964844,7107900,0.0,0.0
2023-09-11 00:00:00-04:00,135.50516045652148,135.78600302416146,134.51286243054037,135.2336883544922,6854200,0.0,0.0
2023-09-12 00:00:00-04:00,135.2710963138877,137.91099584579266,134.8498397012467,136.9935760498047,8363200,0.0,0.0
2023-09-13 00:00:00-04:00,137.92970859849189,138.26671674641662,136.5067980043591,137.05911254882812,8325900,0.0,0.0
2023-09-14 00:00:00-04:00,138.39779297567569,140.3262231887897,138.09823807360453,139.71774291992188,10034900,0.0,0.0
2023-09-15 00:00:00-04:00,139.40879175359922,140.16705647529773,138.83775059657748,139.30581665039062,19863400,0.0,0.0
2023-09-18 00:00:00-04:00,138.6973598429271,139.61476546325227,138.31354218596897,139.59603881835938,6512400,0.0,0.0
2023-09-19 00:00:00-04:00,139.95176934545702,140.15771958020997,137.80803280911252,139.4181671142578,7943400,0.0,0.0
2023-09-20 00:00:00-04:00,140.09220027603982,140.65388539898544,138.67864557176296,138.82843017578125,7332000,0.0,0.0
2023-09-21 00:00:00-04:00,138.15442374210164,139.34331591065376,137.26510080327012,137.74252319335938,8052400,0.0,0.0
2023-09-22 00:00:00-04:00,137.88291038548203,138.08886061958907,135.91704126570235,136.42254638671875,7071700,0.0,0.0
2023-09-25 00:00:00-04:00,136.06683591353567,137.16210899360448,134.52220904350628,137.09657287597656,7044700,0.0,0.0
2023-09-26 00:00:00-04:00,135.36473393604743,136.52552882591283,135.0183552777935,135.67364501953125,7468400,0.0,0.0
2023-09-27 00:00:00-04:00,135.91706094085959,136.75957435926273,135.2804835021302,136.46937561035156,6717800,0.0,0.0
2023-09-28 00:00:00-04:00,136.9374565913749,139.36203626085407,136.68469682484394,138.16378784179688,8868100,0.0,0.0
2023-09-29 00:00:00-04:00,139.10924361496248,139.25901390338058,135.60810422128415,135.7578887939453,11917800,0.0,0.0
2023-10-02 00:00:00-04:00,135.58005131127518,136.3195895900525,133.52056297766828,134.58775329589844,9170600,0.0,0.0
2023-10-03 00:00:00-04:00,134.05410877769174,134.419199711472,133.25840509342282,133.5954132080078,9431100,0.0,0.0
2023-10-04 00:00:00-04:00,134.044780229925,134.3068961192718,132.86524444361987,134.19456481933594,8128700,0.0,0.0
2023-10-05 00:00:00-04:00,133.9493763741643,134.94901072046437,132.80830619332247,134.76039123535156,8576200,1.05,0.0
2023-10-06 00:00:00-04:00,134.7698235091785,137.57065291285397,134.04367882202118,136.8350830078125,10270600,0.0,0.0
2023-10-09 00:00:00-04:00,135.47712036142732,137.11800063708546,135.32623051848367,136.52389526367188,6964900,0.0,0.0
2023-10-10 00:00:00-04:00,137.13684937657925,138.40995889388373,137.004824376904,137.35374450683594,11288800,0.0,0.0
2023-10-11 00:00:00-04:00,138.16476653612236,138.8437563954765,136.75964633550754,137.8252716064453,8698200,0.0,0.0
2023-10-12 00:00:00-04:00,137.96673338014548,138.5891431366781,136.86337847882652,137.504638671875,10484400,0.0,0.0
2023-10-13 00:00:00-04:00,140.04137451584273,144.38878745855322,139.41896495336943,139.56985473632812,29427000,0.0,0.0
2023-10-16 00:00:00-04:00,140.93726043540326,141.00328011213313,138.36276644613298,139.42840576171875,12663500,0.0,0.0
2023-10-17 00:00:00-04:00,139.1643775960049,140.80525749010098,138.42879338011554,139.12664794921875,11482700,0.0,0.0
2023-10-18 00:00:00-04:00,138.24021346264712,139.07951838576773,137.08970365032715,137.5989532470703,9620300,0.0,0.0
2023-10-19 00:00:00-04:00,137.1934163017745,138.64570554852048,136.62760109586821,137.0142364501953,11143600,0.0,0.0
2023-10-20 00:00:00-04:00,136.33529063565342,136.87281591727077,134.02483127766632,134.80755615234375,13332900,0.0,0.0
2023-10-23 00:00:00-04:00,134.7981121972243,135.49595244442185,132.71398789413,132.96861267089844,10133400,0.0,0.0
2023-10-24 00:00:00-04:00,133.1478015940857,133.6570367926189,132.36507677495513,133.12893676757812,8881400,0.0,0.0
2023-10-25 00:00:00-04:00,132.5631156887243,133.13835617043748,131.5634813825373,132.4027862548828,8242600,0.0,0.0
2023-10-26 00:00:00-04:00,131.79925438901847,133.6004640945183,131.4880494878342,132.74229431152344,9109400,0.0,0.0
2023-10-27 00:00:00-04:00,131.03537944643568,131.17684405250557,127.48955492149321,127.96107482910156,17434700,0.0,0.0
2023-10-30 00:00:00-04:00,128.6683543097979,130.17720937589277,128.29112975104002,129.592529296875,9855500,0.0,0.0
2023-10-31 00:00:00-04:00,129.86601926333935,131.30886902920932,129.63968452745254,131.1391143798828,9672500,0.0,0.0
2023-11-01 00:00:00-04:00,131.3182952427371,132.52538506399418,130.58272533258497,131.0259552001953,9432000,0.0,0.0
2023-11-02 00:00:00-04:00,132.1104404141124,133.42126514351625,131.29942562105097,133.36468505859375,10186200,0.0,0.0
2023-11-03 00:00:00-04:00,134.0908306209058,135.58083522229103,133.77020054443747,134.8546905517578,9538700,0.0,0.0
2023-11-06 00:00:00-05:00,135.01501448146942,135.9769191638664,134.65665473143704,135.87318420410156,7625100,0.0,0.0
2023-11-07 00:00:00-05:00,135.33563951339102,136.04291937904668,134.68495412429016,135.80715942382812,6297900,0.0,0.0
2023-11-08 00:00:00-05:00,135.90146025925483,136.58987525429612,135.4393655970245,136.47671508789062,7618200,0.0,0.0
2023-11-09 00:00:00-05:00,137.15570184261244,137.3537321294573,135.5148075176755,136.07119750976562,7992500,0.0,0.0
2023-11-10 00:00:00-05:00,136.68417450960825,138.13644929586334,135.87315980335984,138.08929443359375,7983300,0.0,0.0
2023-11-13 00:00:00-05:00,137.40090396181412,137.91957875986594,136.89166877168356,137.47634887695312,6676300,0.0,0.0
2023-11-14 00:00:00-05:00,138.32505839820212,140.7486773711874,138.17418298003085,139.9848175048828,9927700,0.0,0.0
2023-11-15 00:00:00-05:00,140.00367999024377,141.6068445999882,140.00367999024377,141.2107696533203,8365300,0.0,0.0
2023-11-16 00:00:00-05:00,141.5408145274149,142.89879389613486,141.5408145274149,142.82334899902344,8126200,0.0,0.0
2023-11-17 00:00:00-05:00,143.53063156096295,144.1530411822149,142.90822193971096,144.11532592773438,7812400,0.0,0.0
2023-11-20 00:00:00-05:00,143.41747800515745,144.99235256315117,143.26658820100812,144.5585479736328,7019000,0.0,0.0
2023-11-21 00:00:00-05:00,144.47368527220556,144.87919984297054,143.87958002103724,144.2567901611328,7083500,0.0,0.0
2023-11-22 00:00:00-05:00,144.67175839734603,145.11498831341973,144.19079882605695,144.5963134765625,5174500,0.0,0.0
2023-11-24 00:00:00-05:00,144.84148165087916,145.6430712490366,144.54914161073685,144.79432678222656,3496900,0.0,0.0
2023-11-27 00:00:00-05:00,144.69059953295755,144.7849092752855,144.0116240688526,144.4642791748047,6259100,0.0,0.0
2023-11-28 00:00:00-05:00,144.492561524212,145.10553164775902,144.02104161697716,144.79432678222656,6582700,0.0,0.0
2023-11-29 00:00:00-05:00,145.3884578683031,146.76530243681577,145.22814281403222,145.52992248535156,9126100,0.0,0.0
2023-11-30 00:00:00-05:00,146.08628152226098,147.23679109279772,145.5864716387902,147.18963623046875,9869800,0.0,0.0
2023-12-01 00:00:00-05:00,146.94448174841548,148.86827678185622,146.94448174841548,147.9063720703125,8916000,0.0,0.0
2023-12-04 00:00:00-05:00,147.1330704680428,149.04744006979425,147.0010454744615,148.99085998535156,9607500,0.0,0.0
2023-12-05 00:00:00-05:00,148.3024355246939,149.47181007082003,148.02896031089793,148.9720001220703,9135600,0.0,0.0
2023-12-06 00:00:00-05:00,149.79246032699388,150.15082010818946,147.1142303560781,147.4065704345703,9366000,0.0,0.0
2023-12-07 00:00:00-05:00,147.7649118050395,148.34959188917585,147.25566224366952,147.8592071533203,8130900,0.0,0.0
2023-12-08 00:00:00-05:00,148.3024223551613,149.73584676995327,148.0383723826528,149.49066162109375,7369400,0.0,0.0
2023-12-11 00:00:00-05:00,149.4906786018212,150.22624852159782,149.14174407807883,150.0376434326172,8093900,0.0,0.0
2023-12-12 00:00:00-05:00,150.16024048034427,151.49935542257748,149.83018514642347,151.37677001953125,10223000,0.0,0.0
2023-12-13 00:00:00-05:00,151.37673596516078,152.80072072522947,150.66945619346848,151.88597106933594,12379100,0.0,0.0
2023-12-14 00:00:00-05:00,152.6121243164545,155.45066878084032,152.49896415125406,154.6490936279297,13643000,0.0,0.0
2023-12-15 00:00:00-05:00,153.79092125929148,155.8656057922749,153.14022154170772,155.81845092773438,20309300,0.0,0.0
2023-12-18 00:00:00-05:00,156.46918031565835,157.61026493948086,156.19570507289683,156.7615203857422,8469600,0.0,0.0
2023-12-19 00:00:00-05:00,156.54462708995365,158.87393684903017,156.12026200288022,158.85507202148438,10345700,0.0,0.0
2023-12-20 00:00:00-05:00,158.42127317416848,159.760388064777,156.9689837140342,157.06329345703125,10734700,0.0,0.0
2023-12-21 00:00:00-05:00,157.33674255642595,158.51554219987133,156.24281303379408,157.9591522216797,7601700,0.0,0.0
2023-12-22 00:00:00-05:00,157.95914737092147,158.64756231245275,157.7045226266562,157.86483764648438,6576300,0.0,0.0
2023-12-26 00:00:00-05:00,157.9214570337028,159.15683691468658,157.65739264154033,158.79847717285156,4683600,0.0,0.0
2023-12-27 00:00:00-05:00,158.2797759335722,159.81693521176237,158.0345907978248,159.75091552734375,6428600,0.0,0.0
2023-12-28 00:00:00-05:00,159.7038007098136,160.93918058278578,159.3737310139855,160.5996856689453,6320100,0.0,0.0
2023-12-29 00:00:00-05:00,160.31677729363093,160.96747710381322,159.96785714773753,160.4110870361328,6435100,0.0,0.0
2024-01-02 00:00:00-05:00,159.458610618745,162.36317518980186,159.28887034656313,162.27830505371094,9977400,0.0,0.0
2024-01-03 00:00:00-05:00,162.07082435870566,162.24056461960868,160.6656898438769,161.57101440429688,9852300,0.0,0.0
2024-01-04 00:00:00-05:00,161.91258148993217,164.48398435248927,161.81769021916986,162.64320373535156,11972500,1.05,0.0
2024-01-05 00:00:00-05:00,162.70015693042274,164.5124733318374,162.70015693042274,163.45924377441406,10066000,0.0,0.0
2024-01-08 00:00:00-05:00,163.22203063964844,163.5446378440562,160.82142880255864,163.22203063964844,11229900,0.0,0.0
2024-01-09 00:00:00-05:00,162.84245683503605,163.0037604143166,161.40020795733633,161.9315643310547,9923600,0.0,0.0
2024-01-10 00:00:00-05:00,161.3053268268902,162.33009181707794,160.309026324343,162.27316284179688,9670200,0.0,0.0
2024-01-11 00:00:00-05:00,161.61844556584327,161.64691005258496,160.0148785803073,161.58998107910156,11919500,0.0,0.0
2024-01-12 00:00:00-05:00,164.91099163359718,167.29261232317756,160.26159373589286,160.4039306640625,19436500,0.0,0.0
2024-01-16 00:00:00-05:00,156.43771030633505,159.49302439057672,155.8968705158976,159.3981475830078,17206400,0.0,0.0
2024-01-17 00:00:00-05:00,158.78138793793093,160.42291746804034,157.9748698967347,158.54417419433594,11107500,0.0,0.0
2024-01-18 00:00:00-05:00,158.57262518214884,158.9616591633274,156.788787827513,158.85728454589844,9382300,0.0,0.0
2024-01-19 00:00:00-05:00,158.98065280488078,161.84619886256158,158.53468981159222,161.5994873046875,13115700,0.0,0.0
2024-01-22 00:00:00-05:00,161.74181876407434,163.18406784238965,161.030177562061,161.4097137451172,12837500,0.0,0.0
2024-01-23 00:00:00-05:00,160.99221452601276,161.0681246579549,159.82512701395376,160.3470001220703,8360800,0.0,0.0
2024-01-24 00:00:00-05:00,160.69807582742826,162.26368071250425,160.2236483497231,161.77976989746094,9967100,0.0,0.0
2024-01-25 00:00:00-05:00,163.49717227262667,164.1424010811721,162.16878131146788,164.09495544433594,8873500,0.0,0.0
2024-01-26 00:00:00-05:00,163.7818586219111,164.20884046709205,162.99430725137032,163.46873474121094,7443000,0.0,0.0
2024-01-29 00:00:00-05:00,163.43077653240536,164.00008079702863,162.5388505916141,163.8957061767578,6971200,0.0,0.0
2024-01-30 00:00:00-05:00,163.99062074543966,167.71961415861102,163.99062074543966,167.2546844482422,10822100,0.0,0.0
2024-01-31 00:00:00-05:00,167.18824195590526,169.1808431739778,165.42337114167398,165.44235229492188,11521800,0.0,0.0
2024-02-01 00:00:00-05:00,164.7591499982318,165.89777288401743,162.6621744802231,164.84454345703125,9354800,0.0,0.0
2024-02-02 00:00:00-05:00,164.43658597652265,166.82770479886892,164.39862366595722,165.79344177246094,8607600,0.0,0.0
2024-02-05 00:00:00-05:00,164.96792869965805,166.13501628029312,164.07600269490123,165.5751953125,7820200,0.0,0.0
2024-02-06 00:00:00-05:00,165.6795566137463,166.8751085895703,164.87302414792433,166.14450073242188,6764800,0.0,0.0
2024-02-07 00:00:00-05:00,166.70430734707855,166.87509426680478,165.0627925456374,166.4575958251953,7225500,0.0,0.0
2024-02-08 00:00:00-05:00,166.04964666912772,166.34378944097222,164.69279079168248,165.85987854003906,6060300,0.0,0.0
2024-02-09 00:00:00-05:00,166.04961395288615,166.14450523792445,164.78763514943896,166.05909729003906,6296700,0.0,0.0
2024-02-12 00:00:00-05:00,165.84085611158963,167.76703037532326,164.81609109548293,166.7991943359375,8539300,0.0,0.0
2024-02-13 00:00:00-05:00,166.35327164321185,167.21671872127277,163.791351466665,165.34747314453125,8397600,0.0,0.0
2024-02-14 00:00:00-05:00,166.11603914000582,167.09335855725456,165.49927474998213,167.0269317626953,7056700,0.0,0.0
2024-02-15 00:00:00-05:00,167.1407907162721,170.9931539074644,167.1407907162721,170.6705322265625,8723400,0.0,0.0
2024-02-16 00:00:00-05:00,170.42382695213206,170.77489862748652,169.04799026069725,169.8734893798828,8152600,0.0,0.0
2024-02-20 00:00:00-05:00,170.02531392720303,171.2303637188881,169.28520825442058,170.53768920898438,9668000,0.0,0.0
2024-02-21 00:00:00-05:00,170.7464483434242,171.73326561657646,169.38959269081207,171.64785766601562,7024000,0.0,0.0
2024-02-22 00:00:00-05:00,172.52081000181218,174.0389691999663,171.970472406029,173.70687866210938,9296500,0.0,0.0
2024-02-23 00:00:00-05:00,174.40901731437765,175.72792504973566,173.82073190790015,174.57981872558594,7105800,0.0,0.0
2024-02-26 00:00:00-05:00,174.3520932485434,175.02578661879247,173.1470434344582,173.98204040527344,7145400,0.0,0.0
2024-02-27 00:00:00-05:00,173.9346047290859,174.15283732137044,172.91933742537933,174.06744384765625,5717100,0.0,0.0
2024-02-28 00:00:00-05:00,174.04845112073724,175.7279283839972,173.60250262820136,174.9498748779297,6131600,0.0,0.0
2024-02-29 00:00:00-05:00,176.1644091332413,176.89501700223315,174.44698403277337,176.5439453125,9643000,0.0,0.0
2024-03-01 00:00:00-05:00,176.20234267897524,176.90450047991027,175.63303845622815,175.8133087158203,6311800,0.0,0.0
2024-03-04 00:00:00-05:00,175.26298666271404,177.99567880021087,174.84548820991387,177.13221740722656,7063600,0.0,0.0
2024-03-05 00:00:00-05:00,176.82860632723535,179.61824215364595,176.82860632723535,178.90660095214844,6617800,0.0,0.0
2024-03-06 00:00:00-05:00,179.57079333868876,180.3488613215342,178.03365300369188,179.8364715576172,7572900,0.0,0.0
2024-03-07 00:00:00-05:00,180.19703992745502,180.75686085108097,177.08479697238374,178.26136779785156,7618300,0.0,0.0
2024-03-08 00:00:00-05:00,178.80219403055222,180.71888470762545,178.30878549936634,178.59344482421875,6172200,0.0,0.0
2024-03-11 00:00:00-04:00,177.70152818428755,178.80220324195417,176.69574439925185,178.6598663330078,5762600,0.0,0.0
2024-03-12 00:00:00-04:00,179.28611974419184,180.43424047505954,178.2993170776544,180.13059997558594,5708400,0.0,0.0
2024-03-13 00:00:00-04:00,180.62402184480607,181.92394844272968,180.1306132360268,181.59185791015625,7795500,0.0,0.0
2024-03-14 00:00:00-04:00,181.25974046676782,181.82905916695464,177.53074786350967,178.3562469482422,10310900,0.0,0.0
2024-03-15 00:00:00-04:00,176.9424601771041,181.17435946088082,176.9424601771041,180.5670928955078,17214200,0.0,0.0
2024-03-18 00:00:00-04:00,180.88020701359716,182.84432904958828,180.17804920335632,182.80638122558594,9013800,0.0,0.0
2024-03-19 00:00:00-04:00,182.8538656056923,184.01145546272497,182.54074169742066,183.8786163330078,8478700,0.0,0.0
2024-03-20 00:00:00-04:00,184.25814725101966,186.5069288762153,183.70780963606143,186.2886962890625,9367000,0.0,0.0
2024-03-21 00:00:00-04:00,186.4689435734579,189.23009995235682,186.28865885050274,188.8790283203125,11203800,0.0,0.0
2024-03-22 00:00:00-04:00,188.8316362569857,190.2264543237517,186.4879631504267,186.56387329101562,8108800,0.0,0.0
2024-03-25 00:00:00-04:00,186.54488715000187,186.86749435505874,184.41944687042397,184.85592651367188,8620000,0.0,0.0
2024-03-26 00:00:00-04:00,184.63766637481814,186.60180291274617,184.13477445009167,185.7193603515625,5961500,0.0,0.0
2024-03-27 00:00:00-04:00,186.4499906047404,189.3914466295502,186.33613264813874,189.31553649902344,8725800,0.0,0.0
2024-03-28 00:00:00-04:00,189.28707861308453,190.4541661440958,188.38565483061902,190.05564880371094,8628300,0.0,0.0
2024-04-01 00:00:00-04:00,189.76149830319193,190.66290757030683,188.41412607095276,188.76519775390625,7309000,0.0,0.0
2024-04-02 00:00:00-04:00,188.24333754146488,189.56224537498986,187.94919481633295,188.68930053710938,7014700,0.0,0.0
2024-04-03 00:00:00-04:00,188.86005650680525,189.35346506585586,187.5885945261513,188.1579132080078,9353400,0.0,0.0
2024-04-04 00:00:00-04:00,190.06671300400296,190.5725384067868,186.6309186395937,186.72634887695312,9243800,1.15,0.0
2024-04-05 00:00:00-04:00,187.21310323176615,189.08369905029488,186.21099104756672,188.4442596435547,6532300,0.0,0.0
2024-04-08 00:00:00-04:00,188.60648563767035,189.90445619693176,188.60648563767035,189.42726135253906,8001000,0.0,0.0
2024-04-09 00:00:00-04:00,189.03594916913636,189.8090023909844,186.02007463207437,188.15789794921875,7351500,0.0,0.0
2024-04-10 00:00:00-04:00,186.63091835715863,188.0815948534464,185.3233944981093,186.5545654296875,7681400,0.0,0.0
2024-04-11 00:00:00-04:00,187.06035119498426,187.6043602268826,184.42624128812224,186.51634216308594,10137700,0.0,0.0
2024-04-12 00:00:00-04:00,179.730669116781,180.31283283345405,174.21428344257563,174.452880859375,31532300,0.0,0.0
2024-04-15 00:00:00-04:00,176.0848925222756,178.90989232756837,173.88979338856458,174.54832458496094,14766600,0.0,0.0
2024-04-16 00:00:00-04:00,174.55785940954902,174.8060100362722,171.45609307815093,172.55364990234375,16451800,0.0,0.0
2024-04-17 00:00:00-04:00,173.09765717367875,174.0997692825039,171.02663324895016,171.8665008544922,9017100,0.0,0.0
2024-04-18 00:00:00-04:00,172.83995591100177,174.99687108359075,171.76149104329275,172.9831085205078,9557700,0.0,0.0
2024-04-19 00:00:00-04:00,174.08068859594022,177.40197548789726,173.13585204182792,177.32562255859375,13402300,0.0,0.0
2024-04-22 00:00:00-04:00,177.5069394038577,181.45811204263342,177.49738618697634,180.7709503173828,11529700,0.0,0.0
2024-04-23 00:00:00-04:00,182.4125059825634,183.46232590313252,181.83032768955627,183.37643432617188,9144400,0.0,0.0
2024-04-24 00:00:00-04:00,181.8398780520335,184.41672746658654,181.49629715923766,184.27357482910156,6964900,0.0,0.0
2024-04-25 00:00:00-04:00,183.48141172959566,185.0943325814848,182.46020780549338,184.55032348632812,9802300,0.0,0.0
2024-04-26 00:00:00-04:00,184.74122414056745,185.9819191199223,184.25447606565834,184.6648712158203,6413700,0.0,0.0
2024-04-29 00:00:00-04:00,184.6553220561309,185.39974488523453,183.65320992069704,184.46444702148438,5387800,0.0,0.0
2024-04-30 00:00:00-04:00,184.0158640239999,186.09644101035263,182.89922989355478,182.9946746826172,8153700,0.0,0.0
2024-05-01 00:00:00-04:00,183.50051042268325,185.59062618122607,182.08800319125083,183.1092071533203,7445300,0.0,0.0
2024-05-02 00:00:00-04:00,184.26402794452196,184.67440852887157,180.87594156798932,182.9183349609375,6501700,0.0,0.0
2024-05-03 00:00:00-04:00,183.2428161104816,183.74864146909349,179.86428309609008,181.82077026367188,8922800,0.0,0.0
2024-05-06 00:00:00-04:00,182.98510858949157,183.43367285342538,181.16223557444755,183.2427978515625,7911100,0.0,0.0
2024-05-07 00:00:00-04:00,182.9564890317483,184.13038419824304,182.90876663771533,183.00421142578125,7688800,0.0,0.0
2024-05-08 00:00:00-04:00,182.28844236186254,187.6807386275388,182.28844236186254,186.72634887695312,9227600,0.0,0.0
2024-05-09 00:00:00-04:00,186.26821387498816,188.57783492709262,186.20141417659536,188.491943359375,7977300,0.0,0.0
2024-05-10 00:00:00-04:00,189.48452041598773,190.24803507157247,189.22684568795714,189.70404052734375,7529800,0.0,0.0
2024-05-13 00:00:00-04:00,189.73267730698475,190.73478941529618,189.00733180699527,189.66586303710938,7049200,0.0,0.0
2024-05-14 00:00:00-04:00,189.92353333016814,192.38586028369684,189.12184954887874,192.3190460205078,8596200,0.0,0.0
2024-05-15 00:00:00-04:00,192.79626357615743,193.44525616341704,190.65843990714103,192.89170837402344,8370000,0.0,0.0
2024-05-16 00:00:00-04:00,192.99666261404684,195.15357782872618,192.77715708757773,193.23526000976562,8497900,0.0,0.0
2024-05-17 00:00:00-04:00,194.51418023537707,195.697628814345,193.55979044799946,195.44947814941406,9260500,0.0,0.0
2024-05-20 00:00:00-04:00,195.06771712380632,196.48976306989658,186.4877481736679,186.6595458984375,17373300,0.0,0.0
2024-05-21 00:00:00-04:00,188.01474921922218,190.78247320493176,187.63299920837585,190.41981506347656,14420800,0.0,0.0
2024-05-22 00:00:00-04:00,189.92351523232048,191.7750332385072,188.67326728622055,189.26498413085938,9425300,0.0,0.0
2024-05-23 00:00:00-04:00,188.78782176676148,189.25547795628643,187.12719303061385,187.93841552734375,8069400,0.0,0.0
2024-05-24 00:00:00-04:00,188.73055741751145,191.6032650842563,188.54922104999036,191.55555725097656,7356200,0.0,0.0
2024-05-28 00:00:00-04:00,190.7443377315382,191.26925501132146,189.59907293381323,190.4007568359375,6910200,0.0,0.0
2024-05-29 00:00:00-04:00,188.9691437571096,189.91399471851386,187.90977070201868,189.07412719726562,6120000,0.0,0.0
2024-05-30 00:00:00-04:00,189.5036107487647,190.7347815795727,189.35090490632123,190.23849487304688,6829100,0.0,0.0
2024-05-31 00:00:00-04:00,190.20986585230213,194.02742456659686,189.3031985702233,193.3879852294922,14417900,0.0,0.0
2024-06-03 00:00:00-04:00,193.0826014065732,193.18758486888004,190.1049098398087,192.61495971679688,6444300,0.0,0.0
2024-06-04 00:00:00-04:00,191.03065316429118,192.76763491215212,189.23639579945825,190.07626342773438,6848300,0.0,0.0
2024-06-05 00:00:00-04:00,190.6488677581653,190.70614336889636,187.93840469676562,188.2628936767578,8351600,0.0,0.0
2024-06-06 00:00:00-04:00,188.26290644052494,188.98825193066074,186.42094131495605,187.9288787841797,7640300,0.0,0.0
2024-06-07 00:00:00-04:00,188.42516442606455,191.7559899505188,188.02432247206556,190.83023071289062,6964500,0.0,0.0
2024-06-10 00:00:00-04:00,190.15260252915212,191.6796172589224,189.38908788285167,190.50572204589844,6070800,0.0,0.0
2024-06-11 00:00:00-04:00,188.88329556389334,188.91192609389,184.7698777089303,185.49520874023438,9235300,0.0,0.0
2024-06-12 00:00:00-04:00,187.06037343522323,187.747535155726,182.58428359797037,182.79425048828125,12751300,0.0,0.0
2024-06-13 00:00:00-04:00,183.54820887513762,185.7051240581642,182.1738855659129,184.82708740234375,8587800,0.0,0.0
2024-06-14 00:00:00-04:00,182.71790538052034,185.97237775666235,182.68927485451107,184.94163513183594,6874000,0.0,0.0
2024-06-17 00:00:00-04:00,184.6552991186537,186.65952314056108,183.85361533502265,186.08688354492188,8725400,0.0,0.0
2024-06-18 00:00:00-04:00,185.72424105772285,188.930991025547,185.27567673463204,188.0147705078125,9023000,0.0,0.0
2024-06-20 00:00:00-04:00,187.43258948693125,190.35301959036525,187.16536154039684,189.6085968017578,8731100,0.0,0.0
2024-06-21 00:00:00-04:00,187.73801349633672,188.17702462466875,185.36157778424015,187.34671020507812,20972100,0.0,0.0
2024-06-24 00:00:00-04:00,188.78778671228358,190.1430180694412,188.11017831511887,189.80899047851562,9785900,0.0,0.0
2024-06-25 00:00:00-04:00,189.0550270132535,190.94472885295818,188.7209994004138,189.03594970703125,6862500,0.0,0.0
2024-06-26 00:00:00-04:00,188.44421699099226,188.9118731211911,187.32758294573782,188.4251251220703,7758600,0.0,0.0
2024-06-27 00:00:00-04:00,188.4347251471029,190.7443467242047,187.91934649798827,190.0858154296875,7913500,0.0,0.0
2024-06-28 00:00:00-04:00,190.88747429822308,193.35935463256504,190.20986578187188,193.03485107421875,15307600,0.0,0.0
2024-07-01 00:00:00-04:00,193.5883881973363,197.64454410688455,193.416605054855,196.079345703125,10205800,0.0,0.0
2024-07-02 00:00:00-04:00,195.92664354617938,199.33382156432344,195.43037141669657,199.30519104003906,7802900,0.0,0.0
2024-07-03 00:00:00-04:00,199.99237611377828,200.78452135813035,198.1790268412077,199.17160034179688,5560900,0.0,0.0
2024-07-05 00:00:00-04:00,198.64377422771068,199.0084419463454,196.27336816071954,196.532470703125,8093100,1.15,0.0
2024-07-08 00:00:00-04:00,196.77239292168676,198.55739478921961,195.74554496023563,196.89715576171875,8707000,0.0,0.0
2024-07-09 00:00:00-04:00,197.33860892161442,201.30206944737745,197.16585925201633,199.25796508789062,9058900,0.0,0.0
2024-07-10 00:00:00-04:00,197.82804290048543,199.58425558028438,197.2906255075793,199.42111206054688,8328500,0.0,0.0
2024-07-11 00:00:00-04:00,197.89521368869632,199.70900458588088,197.09867916383936,199.085205078125,10658100,0.0,0.0
2024-07-12 00:00:00-04:00,195.77433759701847,199.085224201204,193.9509550160253,196.6764373779297,15443400,0.0,0.0
2024-07-15 00:00:00-04:00,198.83570341075963,203.07747876015205,198.38465354242032,201.58038330078125,10719700,0.0,0.0
2024-07-16 00:00:00-04:00,201.5323940342005,205.12159527581198,199.68981390311083,205.0064239501953,11557000,0.0,0.0
2024-07-17 00:00:00-04:00,205.17916232258048,208.78754638356358,204.67053414664076,208.1253662109375,11572500,0.0,0.0
2024-07-18 00:00:00-04:00,206.93538878296755,207.90465837072435,200.80304644620205,201.51319885253906,12415100,0.0,0.0
2024-07-19 00:00:00-04:00,202.68399960778325,203.787638142558,200.49593484279177,201.32125854492188,8095900,0.0,0.0
2024-07-22 00:00:00-04:00,201.97383607849395,203.61487723988253,201.25407758649305,201.80108642578125,7663200,0.0,0.0
2024-07-23 00:00:00-04:00,202.5112860974499,202.95272984342498,200.90862535379435,201.84910583496094,5557300,0.0,0.0
2024-07-24 00:00:00-04:00,201.10054238495405,203.4805398970385,199.6802229423339,200.1792449951172,7119000,0.0,0.0
2024-07-25 00:00:00-04:00,200.23681430218042,201.71472666285024,199.66101627259542,200.25601196289062,6403800,0.0,0.0
2024-07-26 00:00:00-04:00,200.8030338162583,204.56496989068702,200.20802348732903,203.68206787109375,8027800,0.0,0.0
2024-07-29 00:00:00-04:00,204.0755534928002,204.99685096334994,202.0602381564828,202.34814453125,6533600,0.0,0.0
2024-07-30 00:00:00-04:00,204.63213201184072,207.08890530291896,204.37302950002504,206.5131072998047,8850700,0.0,0.0
2024-07-31 00:00:00-04:00,206.11964077185962,207.6647229458713,204.09471959527943,204.219482421875,9071600,0.0,0.0
2024-08-01 00:00:00-04:00,204.6033650548551,205.20796693510616,198.05836812142135,199.5746612548828,10918600,0.0,0.0
2024-08-02 00:00:00-04:00,195.65916985684163,196.4173090899953,188.951014866982,191.11029052734375,18041700,0.0,0.0
2024-08-05 00:00:00-04:00,186.22555734183078,188.26007043665874,183.2025622305336,187.04127502441406,13927000,0.0,0.0
2024-08-06 00:00:00-04:00,187.5210898263343,194.4307836748442,186.17754637997143,192.26190185546875,10605800,0.0,0.0
2024-08-07 00:00:00-04:00,195.30407255531497,197.4537566355557,192.12754058739833,192.31947326660156,9204400,0.0,0.0
2024-08-08 00:00:00-04:00,194.30599424752398,196.64761077088747,193.65340563179683,195.83187866210938,7761200,0.0,0.0
2024-08-09 00:00:00-04:00,195.26570304351597,198.14473732678184,194.71867950080318,197.5017547607422,5540200,0.0,0.0
2024-08-12 00:00:00-04:00,198.08713740933766,198.78769824177664,195.44802293711754,197.87600708007812,6936000,0.0,0.0
2024-08-13 00:00:00-04:00,199.35392685485715,199.69941155528463,197.11787513313567,199.5554656982422,6387800,0.0,0.0
2024-08-14 00:00:00-04:00,199.36351554061437,202.26173259433187,198.76850521541047,201.76271057128906,6999800,0.0,0.0
2024-08-15 00:00:00-04:00,204.41144308904532,205.26555604485006,202.58806048697608,203.01991271972656,7001000,0.0,0.0
2024-08-16 00:00:00-04:00,203.15422067607378,205.45744182040994,203.05824702692524,205.34228515625,7931200,0.0,0.0
2024-08-19 00:00:00-04:00,205.37107371238164,206.8393797501519,205.19833871665472,206.76260375976562,6090800,0.0,0.0
2024-08-20 00:00:00-04:00,206.33078908750494,207.29046717628404,205.06400698142428,205.87014770507812,5640000,0.0,0.0
2024-08-21 00:00:00-04:00,205.7837412719152,206.33076474687974,204.25785680520957,205.9468994140625,5202300,0.0,0.0
2024-08-22 00:00:00-04:00,205.92772233240674,208.05820882254338,205.6973943235858,207.8950653076172,5247100,0.0,0.0
2024-08-23 00:00:00-04:00,208.82594575716917,210.3518303146011,207.770294063869,209.50730895996094,7214000,0.0,0.0
2024-08-26 00:00:00-04:00,210.17908959536388,210.82207214735465,209.25780684522277,210.3326416015625,5105200,0.0,0.0
2024-08-27 00:00:00-04:00,210.65891263842738,211.53222313341251,210.3518232928703,211.30189514160156,5185200,0.0,0.0
2024-08-28 00:00:00-04:00,210.40940501408693,213.25005838467985,210.35182667608916,212.3671417236328,6506400,0.0,0.0
2024-08-29 00:00:00-04:00,213.19248330758634,213.98901788500726,210.11192481779804,213.2500762939453,6416100,0.0,0.0
2024-08-30 00:00:00-04:00,213.52837890369267,216.38821556365377,212.98135535356386,215.7356414794922,8574100,0.0,0.0
2024-09-03 00:00:00-04:00,213.336424500989,215.06384784728323,210.39981213405102,211.4170684814453,8956100,0.0,0.0
2024-09-04 00:00:00-04:00,212.12721670145393,213.11569850429112,208.4516628819831,210.48617553710938,7389500,0.0,0.0
2024-09-05 00:00:00-04:00,211.27309900776237,211.89689847369655,207.31923046160043,208.85472106933594,8067900,0.0,0.0
2024-09-06 00:00:00-04:00,208.82594829731795,209.91998068208017,202.57843485706223,203.89320373535156,7777000,0.0,0.0
2024-09-09 00:00:00-04:00,206.51312105129102,209.35375986693387,205.54383685302398,208.0677947998047,8935100,0.0,0.0
2024-09-10 00:00:00-04:00,209.78561744862617,209.82399812562028,192.52100489184315,197.2714080810547,28406900,0.0,0.0
2024-09-11 00:00:00-04:00,196.97392597392317,199.32513434186177,193.69182869664772,198.87408447265625,13658700,0.0,0.0
2024-09-12 00:00:00-04:00,199.27713568329062,200.36157653556083,196.6284296106188,198.2694854736328,9054400,0.0,0.0
2024-09-13 00:00:00-04:00,198.5190120847975,199.4690986741892,194.833851700199,196.08143615722656,10226700,0.0,0.0
2024-09-16 00:00:00-04:00,197.5305381683303,199.81457665233654,197.30021016072058,199.4786834716797,8634900,0.0,0.0
2024-09-17 00:00:00-04:00,199.35392255393126,201.46521139164926,199.28675270326914,200.81263732910156,7573300,0.0,0.0
2024-09-18 00:00:00-04:00,200.58229137057424,202.81834284396587,198.3654375571648,199.16197204589844,8259900,0.0,0.0
2024-09-19 00:00:00-04:00,201.32125504416572,203.3653739246752,198.9796383186764,201.99302673339844,11635200,0.0,0.0
2024-09-20 00:00:00-04:00,201.46521533060852,202.8951409629487,201.05256077890448,202.5784454345703,20885000,0.0,0.0
2024-09-23 00:00:00-04:00,202.49207645675105,203.25982185543435,201.52280686007273,202.91433715820312,7223500,0.0,0.0
2024-09-24 00:00:00-04:00,202.63602786120398,204.36345139466172,201.88748010395994,203.05828857421875,7323200,0.0,0.0
2024-09-25 00:00:00-04:00,203.1446478984502,203.68207992104146,200.19844382266885,201.71473693847656,8976500,0.0,0.0
2024-09-26 00:00:00-04:00,202.61682975945425,203.16383862893971,200.582302352154,201.32125854492188,7807500,0.0,0.0
2024-09-27 00:00:00-04:00,202.1561834046356,203.87401538274102,200.88941594295318,202.01223754882812,7032500,0.0,0.0
2024-09-30 00:00:00-04:00,197.99118871746668,202.4537007192819,196.9835237723132,202.35772705078125,8663800,0.0,0.0
2024-10-01 00:00:00-04:00,200.47674374625123,200.6590849232253,197.87602436679808,198.69174194335938,8540100,0.0,0.0
2024-10-02 00:00:00-04:00,198.73011645099774,200.5247095749859,197.39616465396708,198.931640625,5810900,0.0,0.0
2024-10-03 00:00:00-04:00,197.85681157736644,198.16391556637382,196.10059907948147,196.9547119140625,7251300,0.0,0.0
2024-10-04 00:00:00-04:00,202.09150201972523,204.37987213930614,199.78381659479555,203.94537353515625,10211700,1.25,0.0
2024-10-07 00:00:00-04:00,203.7619212935509,205.9827100132501,202.4680757269759,203.6653594970703,6718900,0.0,0.0
2024-10-08 00:00:00-04:00,203.32740337902976,204.05157258412177,201.20317665741186,203.49154663085938,6021800,0.0,0.0
2024-10-09 00:00:00-04:00,202.47771475974207,206.86136077091666,202.16874354804747,206.06959533691406,7024000,0.0,0.0
2024-10-10 00:00:00-04:00,207.4117504068459,207.4117504068459,204.18678651006365,205.5095977783203,7927100,0.0,0.0
2024-10-11 00:00:00-04:00,208.24209865254014,216.89351339672228,207.74966888805528,214.63409423828125,18320700,0.0,0.0
2024-10-14 00:00:00-04:00,215.51278305488955,215.99556259342347,211.34157550325287,213.85202026367188,9048900,0.0,0.0
2024-10-15 00:00:00-04:00,215.95693117924253,217.68527532023913,214.1803061412129,214.7306671142578,9235800,0.0,0.0
2024-10-16 00:00:00-04:00,214.67274209136121,215.97623794909032,213.42716268516796,215.9376220703125,6382500,0.0,0.0
2024-10-17 00:00:00-04:00,216.54590691604216,218.0714918044211,215.61896385393163,216.69073486328125,6470200,0.0,0.0
2024-10-18 00:00:00-04:00,217.2507648690765,218.13907733966104,215.4162087479307,217.60801696777344,7000500,0.0,0.0
2024-10-21 00:00:00-04:00,217.46319852448005,217.92666271781536,215.22309457904748,215.3196563720703,5870000,0.0,0.0
2024-10-22 00:00:00-04:00,215.3389560319398,217.521113903058,213.48508466002997,216.40106201171875,9586800,0.0,0.0
2024-10-23 00:00:00-04:00,215.95693541093075,217.05767211185088,214.86584899630188,215.71554565429688,6180500,0.0,0.0
2024-10-24 00:00:00-04:00,214.18997064746745,217.30872232380713,214.02582737326665,217.23147583007812,6002200,0.0,0.0
2024-10-25 00:00:00-04:00,217.25076784703845,217.84940969268465,213.2726696126605,214.65341186523438,6369700,0.0,0.0
2024-10-28 00:00:00-04:00,215.65760510182318,217.868728693903,215.27137266803004,217.73355102539062,6843000,0.0,0.0
2024-10-29 00:00:00-04:00,217.45356787451635,218.94052238181695,215.1362172320612,215.22311401367188,6580000,0.0,0.0
2024-10-30 00:00:00-04:00,214.87548602178538,218.5156474524891,213.94855766414204,216.68109130859375,7110900,0.0,0.0
2024-10-31 00:00:00-04:00,216.96110835965536,217.91701709128074,214.18030840692387,214.27685546875,7829900,0.0,0.0
2024-11-01 00:00:00-04:00,215.86034529447858,218.36113930912322,215.02996405127206,215.26170349121094,6923500,0.0,0.0
2024-11-04 00:00:00-05:00,214.9817211061429,216.0534922634922,211.6215796668568,212.2105712890625,8229600,0.0,0.0
2024-11-05 00:00:00-05:00,212.45194122469928,214.3154777176928,212.42297563395553,213.86166381835938,5600700,0.0,0.0
2024-11-06 00:00:00-05:00,226.90635614480942,239.45862265494782,226.68428170878914,238.55099487304688,23987800,0.0,0.0
2024-11-07 00:00:00-05:00,236.07916456872846,236.14676076756385,227.11877864228583,228.23883056640625,16451100,0.0,0.0
2024-11-08 00:00:00-05:00,231.09688077350958,231.09688077350958,227.65949319123993,228.8181610107422,9502100,0.0,0.0
2024-11-11 00:00:00-05:00,231.734152593889,233.76183232238978,230.7685936247478,231.04859924316406,9017100,0.0,0.0
2024-11-12 00:00:00-05:00,232.26523494572703,233.14389722674903,230.53687597683657,231.309326171875,6861000,0.0,0.0
2024-11-13 00:00:00-05:00,232.29416108376773,235.68326750644812,232.03345605640476,232.85418701171875,11472600,0.0,0.0
2024-11-14 00:00:00-05:00,234.07080953881766,235.87640014281013,232.7479984317867,233.5397491455078,10172200,0.0,0.0
2024-11-15 00:00:00-05:00,233.14385889927163,237.93302280132795,233.14385889927163,236.8612518310547,11518800,0.0,0.0
2024-11-18 00:00:00-05:00,239.22689914149407,239.39104240803502,234.32185751806605,236.59092712402344,9051400,0.0,0.0
2024-11-19 00:00:00-05:00,233.9066768643009,236.7067921801045,233.23078848461677,234.71774291992188,6792700,0.0,0.0
2024-11-20 00:00:00-05:00,235.9826082126915,236.1853820806055,230.42099380614764,232.48728942871094,9015300,0.0,0.0
2024-11-21 00:00:00-05:00,234.85292652668068,237.0350994361045,233.77150509187655,236.33023071289062,8783500,0.0,0.0
2024-11-22 00:00:00-05:00,235.21983634263424,240.56902689654652,234.65981033615955,239.9897003173828,7997300,0.0,0.0
2024-11-25 00:00:00-05:00,240.99386567944467,245.55130530795057,240.4821205914916,241.6697540283203,10295400,0.0,0.0
2024-11-26 00:00:00-05:00,241.86288889278865,242.3553186985206,239.78692811975665,241.3607940673828,6212100,0.0,0.0
2024-11-27 00:00:00-05:00,240.76211714435047,242.5387419809446,240.20209121543851,241.18695068359375,5472300,0.0,0.0
2024-11-29 00:00:00-05:00,241.25456243074825,243.09878358106323,240.8586797210085,241.119384765625,5494800,0.0,0.0
2024-12-02 00:00:00-05:00,240.95526877489638,241.6311571769908,236.59093765481776,237.7689208984375,8899700,0.0,0.0
2024-12-03 00:00:00-05:00,239.68069795223073,240.4627983571973,236.20469451535047,236.38815307617188,6657700,0.0,0.0
2024-12-04 00:00:00-05:00,236.2722889974968,236.89991119978995,233.88735704195787,235.01705932617188,7346300,0.0,0.0
2024-12-05 00:00:00-05:00,236.93853962104166,238.66688387387458,236.19505501175584,237.0254364013672,6572500,0.0,0.0
2024-12-06 00:00:00-05:00,237.2378514526948,239.20760013056864,236.40747009501496,238.84068298339844,5519700,0.0,0.0
2024-12-09 00:00:00-05:00,238.61859624597477,239.3331004642951,235.36465245379455,235.41293334960938,7076500,0.0,0.0
2024-12-10 00:00:00-05:00,235.49017580217017,239.42000786865495,233.87769409575165,234.4956512451172,9108300,0.0,0.0
2024-12-11 00:00:00-05:00,235.59637673776825,235.85708177176627,233.8390524294808,235.14256286621094,7884400,0.0,0.0
2024-12-12 00:00:00-05:00,234.63082916006218,235.692949917877,232.73832710066324,233.21145629882812,6113800,0.0,0.0
2024-12-13 00:00:00-05:00,233.7328537003409,234.36046110198654,230.90375841719614,231.67620849609375,10392700,0.0,0.0
2024-12-16 00:00:00-05:00,232.32313781366128,232.38106899290696,229.33956421642742,231.32861328125,9032000,0.0,0.0
2024-12-17 00:00:00-05:00,230.43064038196303,230.78790721651086,228.4802218867217,230.150634765625,8083600,0.0,0.0
2024-12-18 00:00:00-05:00,230.7685845656322,230.8361807627836,221.62474030815744,222.43580627441406,11322400,0.0,0.0
2024-12-19 00:00:00-05:00,224.27037697069503,228.21950946148152,224.27037697069503,224.93661499023438,11790800,0.0,0.0
2024-12-20 00:00:00-05:00,223.93242666437249,230.97135955828864,223.61379044750802,229.41680908203125,32348400,0.0,0.0
2024-12-23 00:00:00-05:00,227.93950685968346,230.40167037895355,226.79048935961865,230.17959594726562,8611500,0.0,0.0
2024-12-24 00:00:00-05:00,231.18378496668848,234.13840789117347,230.8361978696138,233.964599609375,3729100,0.0,0.0
2024-12-26 00:00:00-05:00,233.11489415476902,234.88186883103566,232.4969370056862,234.76600646972656,4451800,0.0,0.0
2024-12-27 00:00:00-05:00,234.3604651162079,235.0073878325532,231.77275951756664,232.8638458251953,5730200,0.0,0.0
2024-12-30 00:00:00-05:00,230.54651531283838,232.54521468407714,228.94368391501692,231.07757568359375,5723800,0.0,0.0
