Date,Open,High,Low,Close,Volume,Dividends,Stock Splits
2019-01-02 00:00:00-05:00,92.73070067123591,94.77999501810811,92.16248588194682,94.19315338134766,35329300,0.0,0.0
2019-01-03 00:00:00-05:00,93.24301756134673,93.32685613906989,90.5416699356985,90.72797393798828,42579100,0.0,0.0
2019-01-04 00:00:00-05:00,92.88904362449493,95.48792562993353,92.15315886108223,94.9476547241211,44060600,0.0,0.0
2019-01-07 00:00:00-05:00,94.67750555680239,96.19584553067855,94.06272025150858,95.06873321533203,35656100,0.0,0.0
2019-01-08 00:00:00-05:00,95.98159901498917,96.84789283857305,94.74270439830389,95.75804138183594,31514400,0.0,0.0
2019-01-09 00:00:00-05:00,96.74544674618706,97.69557220674126,96.16791504630794,97.12735748291016,32280800,0.0,0.0
2019-01-10 00:00:00-05:00,96.14928322503938,96.64297632847756,95.3668207332209,96.50325012207031,30067600,0.0,0.0
2019-01-11 00:00:00-05:00,96.12132520074832,96.35419980809056,94.67749979251883,95.75804138183594,28314200,0.0,0.0
2019-01-14 00:00:00-05:00,94.91971439314864,95.82326922584178,94.32355582231888,95.05944061279297,28437100,0.0,0.0
2019-01-15 00:00:00-05:00,95.48791180465614,97.85391881227768,94.9010632100521,97.81665802001953,31587600,0.0,0.0
2019-01-16 00:00:00-05:00,98.0495253974329,98.98102381475704,97.77007302952809,98.16130065917969,29853900,0.0,0.0
2019-01-17 00:00:00-05:00,97.80736584520311,99.32570620417194,97.58380814173859,98.85064697265625,28393000,0.0,0.0
2019-01-18 00:00:00-05:00,100.09884378300629,100.50870546197247,98.65502514379754,100.33171844482422,37427600,0.0,0.0
2019-01-22 00:00:00-05:00,99.43747623484761,99.76349932573893,97.67694443726407,98.4407730102539,32371300,0.0,0.0
2019-01-23 00:00:00-05:00,98.85063438398751,99.70761139377449,98.12405950340775,99.40021514892578,25874300,0.0,0.0
2019-01-24 00:00:00-05:00,99.53994049460114,99.67034972944384,98.12405864949432,98.9251480102539,23164800,0.0,0.0
2019-01-25 00:00:00-05:00,99.893909452744,100.49006799762356,98.9251500406221,99.82870483398438,31225600,0.0,0.0
2019-01-28 00:00:00-05:00,98.98105042609507,99.18598127008563,97.4906539790329,97.88188171386719,29476700,0.0,0.0
2019-01-29 00:00:00-05:00,97.69554497030366,97.7793835178216,95.17118527961009,95.88844299316406,31490500,0.0,0.0
2019-01-30 00:00:00-05:00,97.45337927991883,99.09281158447266,97.18324385198478,99.09281158447266,49471900,0.0,0.0
2019-01-31 00:00:00-05:00,96.68954098708664,98.01226706725222,96.11200939541745,97.27638244628906,55636400,0.0,0.0
2019-02-01 00:00:00-05:00,96.67095508037566,96.96903444526247,95.33891136393125,95.73945617675781,35535700,0.0,0.0
2019-02-04 00:00:00-05:00,95.8232842032355,98.55257597403556,95.7301286377317,98.4966812133789,31315100,0.0,0.0
2019-02-05 00:00:00-05:00,98.79475558043772,99.92186822002634,98.70160712638696,99.87529754638672,27325400,0.0,0.0
2019-02-06 00:00:00-05:00,99.67034704787112,99.67034704787112,98.30104301209285,98.76679229736328,20609800,0.0,0.0
2019-02-07 00:00:00-05:00,97.98431579279107,98.35690945529379,97.1459658386228,98.05883026123047,29760700,0.0,0.0
2019-02-08 00:00:00-05:00,97.23912534845508,98.53390766165148,97.1180331050029,98.43144226074219,21461100,0.0,0.0
2019-02-11 00:00:00-05:00,98.92515834229567,99.27913239392764,97.77941892983175,98.04023742675781,18914100,0.0,0.0
2019-02-12 00:00:00-05:00,98.86924723981868,99.8007457117271,98.25446194387918,99.56787109375,25056600,0.0,0.0
2019-02-13 00:00:00-05:00,100.13608337261961,100.39690180153033,99.4001987443248,99.49334716796875,18394900,0.0,0.0
2019-02-14 00:00:00-05:00,99.02762914786162,99.94050104347606,98.42216065000044,99.57721710205078,21784700,0.0,0.0
2019-02-15 00:00:00-05:00,100.51800805952604,100.88129191145363,100.00568103410524,100.80677032470703,26606900,0.0,0.0
2019-02-19 00:00:00-05:00,100.40623359568878,101.2166399252208,100.39691661991846,100.76020050048828,18038500,0.0,0.0
2019-02-20 00:00:00-05:00,100.90050803428319,100.97534787622101,99.4318100375744,100.23632049560547,21607700,0.46,0.0
2019-02-21 00:00:00-05:00,100.00246111736158,102.41599272737103,99.97439795817183,102.35050964355469,29063200,0.0,0.0
2019-02-22 00:00:00-05:00,102.94920816579223,104.02500060337063,102.73404539600429,103.80984497070312,27763200,0.0,0.0
2019-02-25 00:00:00-05:00,104.54886799096977,104.94176645448258,104.08112968570592,104.38983154296875,23750600,0.0,0.0
2019-02-26 00:00:00-05:00,104.0811379022455,105.93337774052556,103.99694128934875,105.11016082763672,21536700,0.0,0.0
2019-02-27 00:00:00-05:00,104.48340160464026,105.11016932090934,103.7256605758242,104.93242645263672,21487100,0.0,0.0
2019-02-28 00:00:00-05:00,104.81081703210592,105.59661408457713,104.52082152042553,104.80146026611328,29083900,0.0,0.0
2019-03-01 00:00:00-05:00,105.60594478987308,105.7275541692824,104.46466228253199,105.26917266845703,23501200,0.0,0.0
2019-03-04 00:00:00-05:00,105.72756629677257,105.94272906345955,103.65081415931894,105.01660919189453,26608000,0.0,0.0
2019-03-05 00:00:00-05:00,105.00726715217029,105.13823332865095,104.053083989651,104.49275207519531,19538300,0.0,0.0
2019-03-06 00:00:00-05:00,104.6517876735904,105.39081517018386,104.24017561545702,104.5395278930664,17687000,0.0,0.0
2019-03-07 00:00:00-05:00,104.21210642016798,104.35242935341722,102.78082820269172,103.26727294921875,25339000,0.0,0.0
2019-03-08 00:00:00-05:00,102.11663220969807,103.56661670183973,101.77986005241297,103.37952423095703,22818400,0.0,0.0
2019-03-11 00:00:00-04:00,103.82856191264341,105.66209547609726,103.81921228392213,105.54984283447266,26491600,0.0,0.0
2019-03-12 00:00:00-04:00,105.5404723528762,106.63497828920401,105.38144303982757,106.28885650634766,26132700,0.0,0.0
2019-03-13 00:00:00-04:00,106.76593927306166,107.57980646524888,106.4385238982001,107.11206817626953,35513800,0.0,0.0
2019-03-14 00:00:00-04:00,107.14951187609965,107.76692284327532,106.95306260758369,107.19628143310547,30763400,0.0,0.0
2019-03-15 00:00:00-04:00,107.89788559430455,109.6846496238026,107.19627802741456,108.43111419677734,54681100,0.0,0.0
2019-03-18 00:00:00-04:00,108.6743172057768,110.02140582212414,108.56206457916133,109.9839859008789,31207600,0.0,0.0
2019-03-19 00:00:00-04:00,110.47045045343856,110.79787303888932,109.44142741420875,110.05884552001953,37588700,0.0,0.0
2019-03-20 00:00:00-04:00,109.81561593275109,111.0878648932349,109.17949145250918,109.93722534179688,28113300,0.0,0.0
2019-03-21 00:00:00-04:00,109.58173524382708,113.02428963378905,109.53495855603762,112.46300506591797,29854400,0.0,0.0
2019-03-22 00:00:00-04:00,111.78949718869366,111.87368668962769,109.48822471389998,109.4975814819336,33624500,0.0,0.0
2019-03-25 00:00:00-04:00,109.03917656867985,110.39562224882705,108.81466412880512,110.06820678710938,27067100,0.0,0.0
2019-03-26 00:00:00-04:00,110.96625827539488,111.05044775982397,109.31046037707532,110.30207061767578,26097700,0.0,0.0
2019-03-27 00:00:00-04:00,110.27399066839367,110.58269969185966,108.06626508859208,109.23561096191406,22733400,0.0,0.0
2019-03-28 00:00:00-04:00,109.86240249935247,109.99336868613277,108.63692298430551,109.38530731201172,18334800,0.0,0.0
2019-03-29 00:00:00-04:00,110.45175621599596,110.68562543870597,109.41337629619376,110.33014678955078,25399800,0.0,0.0
2019-04-01 00:00:00-04:00,111.27497100604475,111.42465073129794,110.47981709272298,111.3404541015625,22789100,0.0,0.0
2019-04-02 00:00:00-04:00,111.37785702929526,111.77076267954062,110.87269873936926,111.49947357177734,18142300,0.0,0.0
2019-04-03 00:00:00-04:00,112.12624584941939,112.65946732105715,111.46205820138789,112.2291488647461,22860700,0.0,0.0
2019-04-04 00:00:00-04:00,112.35074376166614,112.47236029340806,110.74172278854256,111.65849304199219,20112800,0.0,0.0
2019-04-05 00:00:00-04:00,111.68658893247492,112.47239325675201,111.66788253440468,112.15432739257812,15826200,0.0,0.0
2019-04-08 00:00:00-04:00,112.07947452719574,112.2759238012004,110.98496837040327,112.19173431396484,15116200,0.0,0.0
2019-04-09 00:00:00-04:00,110.9756102223576,111.8268975362352,110.92884066462729,111.58367156982422,17612000,0.0,0.0
2019-04-10 00:00:00-04:00,112.03268129392232,112.58460907037887,111.82687529689778,112.4349365234375,16477200,0.0,0.0
2019-04-11 00:00:00-04:00,112.76236722792521,113.05236273378559,112.18236907908332,112.56591796875,14209100,0.0,0.0
2019-04-12 00:00:00-04:00,112.85592426621412,113.17399009990342,112.60334866230004,113.14591979980469,19745100,0.0,0.0
2019-04-15 00:00:00-04:00,113.13656079235206,113.73526534330581,112.79043182437641,113.23946380615234,15792600,0.0,0.0
2019-04-16 00:00:00-04:00,113.79142188188972,113.8007786502984,112.35078644324649,112.97755432128906,14071800,0.0,0.0
2019-04-17 00:00:00-04:00,113.41720806909882,113.9878495023349,112.76237714757632,113.91300964355469,19300900,0.0,0.0
2019-04-18 00:00:00-04:00,114.30588920731172,115.55006767382933,113.47331559576348,115.40975189208984,27991000,0.0,0.0
2019-04-22 00:00:00-04:00,114.708184548668,115.99914015196279,114.66140784698348,115.77462768554688,15648700,0.0,0.0
2019-04-23 00:00:00-04:00,116.09266409953676,117.47717284003048,115.84008851551653,117.34620666503906,24025500,0.0,0.0
2019-04-24 00:00:00-04:00,117.67362521549177,117.72975153850965,116.48556570605587,116.94395446777344,31257000,0.0,0.0
2019-04-25 00:00:00-04:00,121.66810551749202,122.89357779319953,120.51747309573709,120.81681823730469,38033900,0.0,0.0
2019-04-26 00:00:00-04:00,121.33134372477541,122.0984415879413,120.6952263229495,121.50908660888672,23654900,0.0,0.0
2019-04-29 00:00:00-04:00,121.51842997463245,121.7803623353228,121.00392915671837,121.3968276977539,16324200,0.0,0.0
2019-04-30 00:00:00-04:00,121.43422137502469,122.26679502065181,121.04132289583175,122.17325592041016,24166500,0.0,0.0
2019-05-01 00:00:00-04:00,122.10777604572901,122.22002868522291,119.46037519514202,119.6287612915039,26821700,0.0,0.0
2019-05-02 00:00:00-04:00,119.72232628463793,119.74103268066072,117.42104703213937,118.0665283203125,27350200,0.0,0.0
2019-05-03 00:00:00-04:00,119.14230379354552,121.07873298895814,119.03940079359911,120.58293151855469,24911100,0.0,0.0
2019-05-06 00:00:00-04:00,118.23489103327869,120.26487361328238,117.97295871806793,119.8813247680664,24239800,0.0,0.0
2019-05-07 00:00:00-04:00,118.30038617486301,118.97393056101042,116.20492030238745,117.42103576660156,36017700,0.0,0.0
2019-05-08 00:00:00-04:00,117.3461990456624,118.21619265854247,116.70071784145824,117.41168212890625,28419000,0.0,0.0
2019-05-09 00:00:00-04:00,116.27041762687296,117.67363289081717,115.59687315824021,117.40234375,27235800,0.0,0.0
2019-05-10 00:00:00-04:00,116.85040218816742,119.6755387825415,115.83072883751645,118.92715454101562,30915100,0.0,0.0
2019-05-13 00:00:00-04:00,116.10201655329892,117.44910531703063,115.10105674611523,115.39105224609375,33944900,0.0,0.0
2019-05-14 00:00:00-04:00,115.87751906847197,117.75782238347155,115.71848258100876,116.6820297241211,25266300,0.0,0.0
2019-05-15 00:00:00-04:00,116.67263626288769,118.97303540881771,116.14682521765808,118.32516479492188,24722700,0.46,0.0
2019-05-16 00:00:00-04:00,119.01056083597764,121.47997587428041,118.73826756891764,121.05744171142578,30112200,0.0,0.0
2019-05-17 00:00:00-04:00,120.47532104457021,122.49404950033257,120.1091352245321,120.24998474121094,25770500,0.0,0.0
2019-05-20 00:00:00-04:00,118.79463228726247,119.79929734944015,118.08104336554746,118.51295471191406,23706900,0.0,0.0
2019-05-21 00:00:00-04:00,119.64906502919804,119.74295754983119,118.85096785850611,119.15142822265625,15293300,0.0,0.0
2019-05-22 00:00:00-04:00,118.88850759161402,120.40959197526328,118.79460792221643,119.8743896484375,15396500,0.0,0.0
2019-05-23 00:00:00-04:00,118.49413268905666,118.57864094816861,117.12328221817783,118.47535705566406,23603800,0.0,0.0
2019-05-24 00:00:00-04:00,119.1608256151626,119.63967964353034,118.2782201170455,118.53173065185547,14123400,0.0,0.0
2019-05-28 00:00:00-04:00,119.22655710041143,120.18427236889306,118.35334295993955,118.45662689208984,23128400,0.0,0.0
2019-05-29 00:00:00-04:00,117.7242399872595,117.73363138869334,116.46606440965887,117.31111145019531,22763100,0.0,0.0
2019-05-30 00:00:00-04:00,117.61156897343257,118.08103874417998,117.16087484155737,118.05287170410156,16829600,0.0,0.0
2019-05-31 00:00:00-04:00,116.64447141098105,117.01065728739485,115.79003292365503,116.1280517578125,26646800,0.0,0.0
2019-06-03 00:00:00-04:00,116.28767189983233,116.77592451967459,111.7432075229949,112.52252197265625,37983600,0.0,0.0
2019-06-04 00:00:00-04:00,113.87458253396697,115.75246155243883,113.28305322202273,115.6397933959961,29382600,0.0,0.0
2019-06-05 00:00:00-04:00,117.3204952643727,118.184325104657,116.62568199512563,118.14676666259766,24926100,0.0,0.0
2019-06-06 00:00:00-04:00,118.71951717935161,120.15609352272283,117.9308042443685,120.01525115966797,21459000,0.0,0.0
2019-06-07 00:00:00-04:00,121.301599620535,124.17475227691568,120.42837841153057,123.37664794921875,33885600,0.0,0.0
2019-06-10 00:00:00-04:00,124.31557284767094,125.89299851536416,123.94000281240413,124.50337219238281,26477100,0.0,0.0
2019-06-11 00:00:00-04:00,125.70523154094987,126.04325035203922,123.2639829800733,124.03392028808594,23913700,0.0,0.0
2019-06-12 00:00:00-04:00,123.3766356855517,123.91183803901326,122.72877951194697,123.46115112304688,17092500,0.0,0.0
2019-06-13 00:00:00-04:00,123.92122820475676,124.87895048320266,123.52687534353302,124.240478515625,17200800,0.0,0.0
2019-06-14 00:00:00-04:00,124.18411753559128,125.6206936442323,123.6019797032755,124.36251831054688,17821700,0.0,0.0
2019-06-17 00:00:00-04:00,124.5315531920327,125.56437806836328,124.43765350914808,124.73812103271484,14517800,0.0,0.0
2019-06-18 00:00:00-04:00,125.99626358486316,126.98215268887412,125.41412581911868,126.90703582763672,25934500,0.0,0.0
2019-06-19 00:00:00-04:00,126.75680792300997,127.63001461170487,125.63946784231928,127.40467834472656,23744400,0.0,0.0
2019-06-20 00:00:00-04:00,129.0572383298613,129.25442193934973,127.4328769193425,128.5877685546875,33042600,0.0,0.0
2019-06-21 00:00:00-04:00,128.24032062426136,129.32009499843014,128.12765250231692,128.60650634765625,36727900,0.0,0.0
2019-06-24 00:00:00-04:00,128.63473938346874,129.94924923757614,128.63473938346874,129.3671112060547,20628800,0.0,0.0
2019-06-25 00:00:00-04:00,128.8694556089633,129.18869162333857,124.62544475328221,125.28269958496094,33327400,0.0,0.0
2019-06-26 00:00:00-04:00,126.14653396591669,127.45165936415292,125.44232930513282,125.75216674804688,23657700,0.0,0.0
2019-06-27 00:00:00-04:00,125.94934073857445,126.48454311689689,125.35780428402427,125.95872497558594,16557500,0.0,0.0
2019-06-28 00:00:00-04:00,126.35310343599161,126.38127047661843,125.02919521820874,125.78034973144531,30043000,0.0,0.0
2019-07-01 00:00:00-04:00,128.28731346967191,128.35303178715182,126.72867040042456,127.39530944824219,22613500,0.0,0.0
2019-07-02 00:00:00-04:00,127.80843797875298,128.24974068240397,127.07606632739167,128.2403564453125,15237800,0.0,0.0
2019-07-03 00:00:00-04:00,128.44693159857144,129.32953705617595,127.96806326510324,129.06663513183594,13629300,0.0,0.0
2019-07-05 00:00:00-04:00,127.63944756308794,128.9445729935824,127.43287971131925,128.69105529785156,18141100,0.0,0.0
2019-07-08 00:00:00-04:00,128.0713497823353,128.7286189335835,127.10424318525715,128.59716796875,16779700,0.0,0.0
2019-07-09 00:00:00-04:00,127.69579750427232,128.6065701473444,127.50801243218257,128.12771606445312,19953100,0.0,0.0
2019-07-10 00:00:00-04:00,128.7567779669185,130.11823737383,128.65349404903804,129.4328155517578,24204400,0.0,0.0
2019-07-11 00:00:00-04:00,129.76146419224554,130.71918670164942,129.4516123707595,129.94924926757812,22327900,0.0,0.0
2019-07-12 00:00:00-04:00,130.3717351482177,130.63463702140237,129.58301520158614,130.41867065429688,18936800,0.0,0.0
2019-07-15 00:00:00-04:00,130.92570592906557,131.01959126830147,130.00554937291923,130.41867065429688,16651500,0.0,0.0
2019-07-16 00:00:00-04:00,130.47504985569148,130.5595509790779,128.18403499667505,128.7098388671875,22726100,0.0,0.0
2019-07-17 00:00:00-04:00,129.29195628935912,129.5079083460821,127.90232994836987,127.94927978515625,20211000,0.0,0.0
2019-07-18 00:00:00-04:00,127.27321534612493,128.27787287099477,126.44694424000721,128.090087890625,30381800,0.0,0.0
2019-07-19 00:00:00-04:00,131.65806489265796,132.08058469651903,128.11825985180639,128.2778778076172,48992400,0.0,0.0
2019-07-22 00:00:00-04:00,129.01970880485857,130.69102034009882,128.94459190891618,129.9774169921875,25074900,0.0,0.0
2019-07-23 00:00:00-04:00,131.22621494018702,131.44218139923709,129.60185317637382,130.784912109375,18034600,0.0,0.0
2019-07-24 00:00:00-04:00,130.41870182415488,132.14636153851882,130.37176630685818,132.12757873535156,20738300,0.0,0.0
2019-07-25 00:00:00-04:00,131.855249610845,132.02426614849804,130.81304065814243,131.62991333007812,18356900,0.0,0.0
2019-07-26 00:00:00-04:00,131.79895941219067,133.02896811106558,131.7332410841175,132.70973205566406,19037600,0.0,0.0
2019-07-29 00:00:00-04:00,132.85995816951657,132.8693424081042,130.86001216505483,132.4186553955078,16605900,0.0,0.0
2019-07-30 00:00:00-04:00,131.58295255204945,132.59700871239428,131.26371662946218,131.78013610839844,16846500,0.0,0.0
2019-07-31 00:00:00-04:00,131.76137156812058,131.91160531500554,126.83193957420215,127.94927978515625,38598800,0.0,0.0
2019-08-01 00:00:00-04:00,128.63474629472032,132.3341712177194,128.56901363494185,129.63002014160156,40557500,0.0,0.0
2019-08-02 00:00:00-04:00,129.6581729968018,129.87413943207872,127.00097206463354,128.54083251953125,30791600,0.0,0.0
2019-08-05 00:00:00-04:00,125.16064003322053,125.75216218439742,122.79450844727305,124.13719940185547,42749600,0.0,0.0
2019-08-06 00:00:00-04:00,125.63011130262333,127.39530786709933,125.07614042140693,126.46576690673828,32696700,0.0,0.0
2019-08-07 00:00:00-04:00,125.62070465437274,127.3671326314653,123.78039132707562,127.01972961425781,33414500,0.0,0.0
2019-08-08 00:00:00-04:00,128.25913668626657,130.50320143517087,127.63003463670812,130.4093017578125,27496500,0.0,0.0
2019-08-09 00:00:00-04:00,130.1464315955706,130.86941917174013,128.12771698372748,129.3013916015625,23466700,0.0,0.0
2019-08-12 00:00:00-04:00,128.70045970706695,129.44221569786,126.9821984950104,127.49860382080078,20484300,0.0,0.0
2019-08-13 00:00:00-04:00,127.74269531495733,130.32477840379408,126.75680617925885,130.13699340820312,25154600,0.0,0.0
2019-08-14 00:00:00-04:00,128.46010076959274,128.98765534927657,125.92594131559767,126.21797943115234,32527300,0.46,0.0
2019-08-15 00:00:00-04:00,126.60429824891267,126.78329315827399,124.58827680230188,125.9354248046875,28074400,0.0,0.0
2019-08-16 00:00:00-04:00,127.06590167277426,128.5543680876593,126.91516762131468,128.2434844970703,24449100,0.0,0.0
2019-08-19 00:00:00-04:00,129.86378756919007,130.5232308115599,128.9593979976653,130.39134216308594,24355700,0.0,0.0
2019-08-20 00:00:00-04:00,130.20298839221715,130.67402153767446,129.28918294004671,129.30801391601562,21170800,0.0,0.0
2019-08-21 00:00:00-04:00,130.5232876793518,131.4088322941226,130.0051483436039,130.74937438964844,14970300,0.0,0.0
2019-08-22 00:00:00-04:00,130.62690495002428,131.13561438171598,128.39419824342653,129.79788208007812,18697000,0.0,0.0
2019-08-23 00:00:00-04:00,129.24206295545477,130.3348631862218,125.10639295476594,125.6622085571289,38508600,0.0,0.0
2019-08-26 00:00:00-04:00,127.16950950647102,127.70647971488354,126.14264652058024,127.60285186767578,20312600,0.0,0.0
2019-08-27 00:00:00-04:00,128.48839771479663,128.79928125981397,126.85862734981627,127.87606048583984,23102100,0.0,0.0
2019-08-28 00:00:00-04:00,127.06590664021648,127.89491520607226,125.81295674120852,127.70650482177734,17393300,0.0,0.0
2019-08-29 00:00:00-04:00,129.2986014875221,130.4196627002038,128.97830239098192,130.11819458007812,20168700,0.0,0.0
2019-08-30 00:00:00-04:00,131.08851969831468,131.116780537289,128.37537853324508,129.87326049804688,23940100,0.0,0.0
2019-09-03 00:00:00-04:00,128.6956454444926,129.2514609717269,127.8383618771932,128.15866088867188,18869300,0.0,0.0
2019-09-04 00:00:00-04:00,129.3456716540326,129.71307683886516,128.5731705924535,129.65655517578125,17995900,0.0,0.0
2019-09-05 00:00:00-04:00,131.05082634402962,132.24725441272497,130.72109743244937,131.93637084960938,26101800,0.0,0.0
2019-09-06 00:00:00-04:00,131.9175116466666,132.05881580833838,130.19352900033334,131.04139709472656,20824500,0.0,0.0
2019-09-09 00:00:00-04:00,131.50297109399406,131.65370508285648,128.55431470133874,129.5529022216797,25773900,0.0,0.0
2019-09-10 00:00:00-04:00,128.87468482373725,128.95946734875338,126.71734474415543,128.19639587402344,28903400,0.0,0.0
2019-09-11 00:00:00-04:00,128.03621346568784,128.3753578535384,127.26371232538827,128.23403930664062,24726100,0.0,0.0
2019-09-12 00:00:00-04:00,129.8637856831643,130.40075575315822,128.9405507824702,129.5529022216797,27010000,0.0,0.0
2019-09-13 00:00:00-04:00,129.79787485602796,130.06165223182276,128.65798284808366,129.36453247070312,23363100,0.0,0.0
2019-09-16 00:00:00-04:00,127.9608820786325,128.78047525465175,127.80073251405359,128.43191528320312,16731400,0.0,0.0
2019-09-17 00:00:00-04:00,129.02533852703593,129.5528930760279,128.52603042732923,129.430419921875,17814200,0.0,0.0
2019-09-18 00:00:00-04:00,129.40224042680123,130.6363451027071,128.6203235949755,130.4950408935547,23982100,0.0,0.0
2019-09-19 00:00:00-04:00,132.1718980517229,134.12196771878425,131.95522683866946,132.8972930908203,35772100,0.0,0.0
2019-09-20 00:00:00-04:00,132.84074601292843,133.4436677892611,130.24064854776688,131.36170959472656,39167300,0.0,0.0
2019-09-23 00:00:00-04:00,131.16386880905182,131.5407039018818,130.4196428597447,131.07908630371094,17139300,0.0,0.0
2019-09-24 00:00:00-04:00,132.2284041000849,132.53928765152918,128.95001795498206,129.42105102539062,29773200,0.0,0.0
2019-09-25 00:00:00-04:00,129.53410272550485,131.85159190644669,128.14926425911082,131.28634643554688,21382000,0.0,0.0
2019-09-26 00:00:00-04:00,131.3617193588757,132.05883917954642,130.41965311490762,131.45591735839844,17456600,0.0,0.0
2019-09-27 00:00:00-04:00,132.03056122939054,132.22840143988893,128.7333298028649,129.75076293945312,22477700,0.0,0.0
2019-09-30 00:00:00-04:00,130.05230361238142,131.15451986540504,129.7979415925156,130.97552490234375,17280900,0.0,0.0
2019-10-01 00:00:00-04:00,131.56896092082206,132.1247764949872,129.06306153164525,129.12901306152344,21466600,0.0,0.0
2019-10-02 00:00:00-04:00,128.35654753081846,128.46959089935234,125.84123195739146,126.84923553466797,30521700,0.0,0.0
2019-10-03 00:00:00-04:00,127.13184621978174,128.8275684602126,125.50207552124122,128.38479614257812,24132900,0.0,0.0
2019-10-04 00:00:00-04:00,128.8275683309191,130.24066780072806,128.51668472258618,130.11819458007812,22897700,0.0,0.0
2019-10-07 00:00:00-04:00,129.1949470318979,130.17468947110925,129.0819036975088,129.1761016845703,15303700,0.0,0.0
2019-10-08 00:00:00-04:00,129.1384672555985,129.77906552465637,127.76304395027886,127.81015014648438,25550500,0.0,0.0
2019-10-09 00:00:00-04:00,129.49642123149835,130.6645740750219,129.03480363620312,130.23123168945312,19749900,0.0,0.0
2019-10-10 00:00:00-04:00,130.46673621261547,131.5783672838668,130.2406351791531,131.04139709472656,17654600,0.0,0.0
2019-10-11 00:00:00-04:00,132.0022951907184,132.8595787777606,131.41821881812544,131.58778381347656,25446000,0.0,0.0
2019-10-14 00:00:00-04:00,131.59725126336954,132.16248245077912,131.43710170819725,131.46536254882812,13304300,0.0,0.0
2019-10-15 00:00:00-04:00,131.94580260785128,133.57557326869113,131.7102860347615,133.3683319091797,19695700,0.0,0.0
2019-10-16 00:00:00-04:00,132.63345746033028,132.82188214829026,131.446459550024,132.27548217773438,20751600,0.0,0.0
2019-10-17 00:00:00-04:00,132.7842272340001,133.22699949537883,130.96604637859363,131.59722900390625,21460600,0.0,0.0
2019-10-18 00:00:00-04:00,131.6631570821554,131.88925812815606,128.64854834275522,129.44931030273438,32273500,0.0,0.0
2019-10-21 00:00:00-04:00,130.4290626341145,130.4761688191154,129.07248500490974,130.41021728515625,20078200,0.0,0.0
2019-10-22 00:00:00-04:00,130.9189209525508,131.89866332588625,128.36591561587957,128.46954345703125,27431000,0.0,0.0
2019-10-23 00:00:00-04:00,128.95000968878912,129.486979879743,127.75358174170623,129.28915405273438,29844600,0.0,0.0
2019-10-24 00:00:00-04:00,131.31459392111518,132.28492086017002,130.63630517491148,131.83273315429688,37029300,0.0,0.0
2019-10-25 00:00:00-04:00,131.26747884977937,132.963200600433,131.13559017888338,132.5769500732422,25959700,0.0,0.0
2019-10-28 00:00:00-04:00,136.03438901407154,137.23081742509578,135.19595045236,135.83656311035156,35280100,0.0,0.0
2019-10-29 00:00:00-04:00,135.73294200267603,136.1286082046624,134.3857794431281,134.55535888671875,20589500,0.0,0.0
2019-10-30 00:00:00-04:00,135.20534429087087,136.5995982341125,134.51762561887838,136.23219299316406,18496600,0.0,0.0
2019-10-31 00:00:00-04:00,136.5053705867323,136.53363141942768,134.70603528104652,135.0640106201172,24605100,0.0,0.0
2019-11-01 00:00:00-04:00,135.9024318337344,136.05316583907873,134.6871730557623,135.3937225341797,33128400,0.0,0.0
2019-11-04 00:00:00-05:00,136.43943654070637,136.59958605455438,135.8082539714978,136.1756591796875,16912000,0.0,0.0
2019-11-05 00:00:00-05:00,136.57129928036403,136.61840545191018,135.57271169264115,136.09085083007812,18250200,0.0,0.0
2019-11-06 00:00:00-05:00,136.00610379763356,136.1474223640445,134.90388797862317,135.7140655517578,16575800,0.0,0.0
2019-11-07 00:00:00-05:00,135.50679973842463,136.48655664339515,135.4408625788381,135.9024658203125,17786700,0.0,0.0
2019-11-08 00:00:00-05:00,135.6386812040063,137.53224337866055,135.43142549956863,137.5039825439453,16732700,0.0,0.0
2019-11-11 00:00:00-05:00,136.9198840061692,137.9373171227263,136.34522310815422,137.64527893066406,14362600,0.0,0.0
2019-11-12 00:00:00-05:00,137.8054270941825,139.02070040544578,137.59817140349864,138.54966735839844,18641600,0.0,0.0
2019-11-13 00:00:00-05:00,138.23874102705872,138.91702955480847,137.8053844330251,138.7757110595703,16919200,0.0,0.0
2019-11-14 00:00:00-05:00,138.5025725699454,139.81204397344354,138.48372722157296,139.48231506347656,19729800,0.0,0.0
2019-11-15 00:00:00-05:00,140.301859680273,141.30046155281522,139.68010714614888,141.2816162109375,23485700,0.0,0.0
2019-11-18 00:00:00-05:00,141.37588623204445,141.82807399813032,140.3490231150802,141.63023376464844,21534000,0.0,0.0
2019-11-19 00:00:00-05:00,142.13887872471096,142.56280541865803,141.49826656792584,141.67726135253906,23935700,0.0,0.0
2019-11-20 00:00:00-05:00,142.0837888619762,142.58478171593035,140.33504484728581,141.43154907226562,25696800,0.51,0.0
2019-11-21 00:00:00-05:00,141.2236166291717,141.60173404483663,140.37287768540864,141.2992401123047,18576100,0.0,0.0
2019-11-22 00:00:00-05:00,141.85695437699914,142.0743628652784,140.67536455680172,141.40321350097656,15901800,0.0,0.0
2019-11-25 00:00:00-05:00,141.79076519857867,143.0668878548469,141.71514172629512,142.9534454345703,22420900,0.0,0.0
2019-11-26 00:00:00-05:00,143.07632545195608,144.07831114870604,143.0385209302888,143.70965576171875,24620100,0.0,0.0
2019-11-27 00:00:00-05:00,143.99325795046357,144.15395242888414,143.2275900846994,143.9838104248047,15184400,0.0,0.0
2019-11-29 00:00:00-05:00,143.7758728533179,143.96492436316433,143.00074291213022,143.09527587890625,11977300,0.0,0.0
2019-12-02 00:00:00-05:00,143.5017423007938,143.52065177973307,140.20275219935291,141.3654327392578,27418400,0.0,0.0
2019-12-03 00:00:00-05:00,139.4181623894377,141.25197782089813,138.62412300484814,141.1385498046875,24066000,0.0,0.0
2019-12-04 00:00:00-05:00,141.92312458381133,141.9609291139393,141.03456667690364,141.6490020751953,17574700,0.0,0.0
2019-12-05 00:00:00-05:00,141.8380365403815,142.09326396513643,141.2992246907547,141.72459411621094,17869100,0.0,0.0
2019-12-06 00:00:00-05:00,142.72659070791502,143.55842006301026,142.04599387502634,143.4449920654297,16403500,0.0,0.0
2019-12-09 00:00:00-05:00,142.80223247662772,143.87984186281386,142.65098551134082,143.07635498046875,16687400,0.0,0.0
2019-12-10 00:00:00-05:00,143.01019557177662,143.5773645453765,142.50920256203605,142.8589630126953,16476100,0.0,0.0
2019-12-11 00:00:00-05:00,143.24645815385242,143.5583995262769,142.10268754532999,143.397705078125,18856600,0.0,0.0
2019-12-12 00:00:00-05:00,143.35047657910508,145.04252134219536,142.75496509556822,144.8534698486328,24612100,0.0,0.0
2019-12-13 00:00:00-05:00,144.6265505894081,146.41311328444695,144.4658561529305,146.07281494140625,23845400,0.0,0.0
2019-12-16 00:00:00-05:00,146.6210845661192,147.36784281482633,146.34696213711803,147.01809692382812,24144200,0.0,0.0
2019-12-17 00:00:00-05:00,146.94252258734528,147.18830252692933,145.9972506319121,146.22412109375,25425600,0.0,0.0
2019-12-18 00:00:00-05:00,145.85543881739588,146.97085259654958,145.7419963954613,145.92160034179688,24129200,0.0,0.0
2019-12-19 00:00:00-05:00,145.57185707519866,147.2449921984011,145.33553912540125,147.1882781982422,24958900,0.0,0.0
2019-12-20 00:00:00-05:00,148.7385588134757,149.81616834437716,147.73655835166696,148.79527282714844,53477500,0.0,0.0
2019-12-23 00:00:00-05:00,149.46640788721783,149.46640788721783,148.66293532067655,148.79527282714844,17718200,0.0,0.0
2019-12-24 00:00:00-05:00,148.86141001224644,149.07883292735974,148.5211115621822,148.7668914794922,8989200,0.0,0.0
2019-12-26 00:00:00-05:00,148.93703002070328,150.0429963517041,148.7857830633774,149.9862823486328,14520600,0.0,0.0
2019-12-27 00:00:00-05:00,150.7235651231787,150.81809805980112,149.56088500596837,150.26039123535156,18412800,0.0,0.0
2019-12-30 00:00:00-05:00,150.28878236114747,150.3171393638337,148.15245866742518,148.96539306640625,16348400,0.0,0.0
2019-12-31 00:00:00-05:00,148.1902705662426,149.13554240733214,147.8877766537162,149.06936645507812,18369400,0.0,0.0
2020-01-02 00:00:00-05:00,150.0902625907942,151.93353980620552,149.6648931447306,151.82955932617188,22622100,0.0,0.0
2020-01-03 00:00:00-05:00,149.6554253847614,151.19620847768044,149.4096455068012,149.93899536132812,21116200,0.0,0.0
2020-01-06 00:00:00-05:00,148.4832764629302,150.39272928536337,147.9444646847199,150.32655334472656,20813700,0.0,0.0
2020-01-07 00:00:00-05:00,150.60067989425875,150.931516303683,148.71013667343422,148.95590209960938,21634100,0.0,0.0
2020-01-08 00:00:00-05:00,150.23200324889638,151.99967088764276,149.30564115169364,151.32852172851562,27746500,0.0,0.0
2020-01-09 00:00:00-05:00,152.98278300469048,153.34199090041147,152.21711516271918,153.21910095214844,21385000,0.0,0.0
2020-01-10 00:00:00-05:00,153.9091751273673,154.28727811161113,152.35891539033636,152.51016235351562,20725900,0.0,0.0
2020-01-13 00:00:00-05:00,152.90717681899122,154.37235114362988,152.43454087063708,154.343994140625,21626500,0.0,0.0
2020-01-14 00:00:00-05:00,154.4479648118691,154.64647824399333,152.8693625755226,153.25692749023438,23477400,0.0,0.0
2020-01-15 00:00:00-05:00,153.7201159716805,154.96788183722586,153.67286391435027,154.2494659423828,21417900,0.0,0.0
2020-01-16 00:00:00-05:00,155.35541857174925,157.1419816102334,155.05292468702913,157.0758056640625,23865400,0.0,0.0
2020-01-17 00:00:00-05:00,158.25740501659007,158.30467149192543,156.37630891838617,157.95492553710938,34371700,0.0,0.0
2020-01-21 00:00:00-05:00,157.55785252420685,158.98522177316786,157.32153464046618,157.38771057128906,29517200,0.0,0.0
2020-01-22 00:00:00-05:00,158.23847448456866,158.3235598983311,156.61260603057121,156.6315155029297,24138800,0.0,0.0
2020-01-23 00:00:00-05:00,157.09474068527607,157.6713571260564,156.22509226083278,157.59573364257812,19680800,0.0,0.0
2020-01-24 00:00:00-05:00,158.34245156321265,158.36136103516702,155.44992257333556,156.00762939453125,24918100,0.0,0.0
2020-01-27 00:00:00-05:00,152.33056552210473,154.43853230791845,151.43256007468932,153.3987274169922,32078100,0.0,0.0
2020-01-28 00:00:00-05:00,154.81662932456064,156.68826363216436,154.14549435848608,156.40469360351562,24899900,0.0,0.0
2020-01-29 00:00:00-05:00,158.65440861589227,159.51460937852576,156.62208010292088,158.8434600830078,34754500,0.0,0.0
2020-01-30 00:00:00-05:00,164.52455005778435,164.52455005778435,161.44295493874296,163.3240509033203,51597500,0.0,0.0
2020-01-31 00:00:00-05:00,162.78526860838573,162.9648581406356,160.29919907352217,160.9136199951172,36142700,0.0,0.0
2020-02-03 00:00:00-05:00,161.10266690413363,164.94993007628167,161.07430990386203,164.8365020751953,30107000,0.0,0.0
2020-02-04 00:00:00-05:00,167.44542355504944,170.75387441009062,166.66084633572413,170.2623291015625,36433300,0.0,0.0
2020-02-05 00:00:00-05:00,173.95835927347207,174.1190537403817,168.64593664566272,170.05438232421875,39186300,0.0,0.0
2020-02-06 00:00:00-05:00,171.06586491451017,173.7598957252574,170.2056639835047,173.58029174804688,27751400,0.0,0.0
2020-02-07 00:00:00-05:00,172.8429581987189,175.47081270658518,172.4931978169128,173.82603454589844,33529100,0.0,0.0
2020-02-10 00:00:00-05:00,173.53298558426346,178.50510968178952,173.22104418313037,178.37277221679688,35844300,0.0,0.0
2020-02-11 00:00:00-05:00,180.2160459982191,180.2633124685266,173.45735903159144,174.34591674804688,53159900,0.0,0.0
2020-02-12 00:00:00-05:00,175.42354764661337,175.6787750789202,171.89768776529226,174.60116577148438,47062900,0.0,0.0
2020-02-13 00:00:00-05:00,173.06034274994119,176.03794280419976,172.86182934859667,173.65586853027344,35295800,0.0,0.0
2020-02-14 00:00:00-05:00,173.22103937911754,175.26282971697995,172.65387058847747,175.20611572265625,23149500,0.0,0.0
2020-02-18 00:00:00-05:00,175.45187980244407,177.42749418236605,175.34789933909548,176.98321533203125,27792200,0.0,0.0
2020-02-19 00:00:00-05:00,178.25336280783833,178.36710062256168,176.74627891035584,177.5140380859375,29997500,0.51,0.0
2020-02-20 00:00:00-05:00,177.20124557370298,177.4856045751215,171.65631012999017,174.8031768798828,36862400,0.0,0.0
2020-02-21 00:00:00-05:00,173.6183629039544,173.9311563648692,168.00707065761887,169.27719116210938,48572600,0.0,0.0
2020-02-24 00:00:00-05:00,159.0214151505909,165.44786191190894,154.7181513655058,161.9787139892578,68311100,0.0,0.0
2020-02-25 00:00:00-05:00,165.11613557986297,165.72276145726536,158.90769005237027,159.30580139160156,68073300,0.0,0.0
2020-02-26 00:00:00-05:00,160.86024482213514,164.2251136153781,159.43846438675976,161.29624938964844,56206100,0.0,0.0
2020-02-27 00:00:00-05:00,154.80343832364952,158.31996665846233,149.74188971489195,149.93145751953125,93174900,0.0,0.0
2020-02-28 00:00:00-05:00,144.46236668665765,155.17311496563838,144.07374325016832,153.56175231933594,97012700,0.0,0.0
2020-03-02 00:00:00-05:00,156.68967642563902,163.90284290585905,153.8461156233935,163.7796173095703,71030800,0.0,0.0
2020-03-03 00:00:00-05:00,164.73699710492832,165.87441879835387,153.79875590311715,155.93142700195312,71677000,0.0,0.0
2020-03-04 00:00:00-05:00,159.70388716783967,161.79863590353253,156.98353700870763,161.65646362304688,49814400,0.0,0.0
2020-03-05 00:00:00-05:00,157.3911261586159,161.95977394730102,157.0498982125775,157.5996551513672,47817300,0.0,0.0
2020-03-06 00:00:00-05:00,154.1304911008303,154.60441795195356,147.86517755045685,153.1447296142578,72821100,0.0,0.0
2020-03-09 00:00:00-04:00,143.12593617364425,149.52394987677073,142.17808229169958,142.7657470703125,70419300,0.0,0.0
2020-03-10 00:00:00-04:00,149.91249432625224,152.6328289036396,144.62347072060302,152.528564453125,65354400,0.0,0.0
2020-03-11 00:00:00-04:00,148.9362624974482,149.4765316073589,143.268086730117,145.6187744140625,56371600,0.0,0.0
2020-03-12 00:00:00-04:00,137.72314498743467,145.4671079518946,131.35356699021355,131.80853271484375,93226400,0.0,0.0
2020-03-13 00:00:00-04:00,139.80842308587606,153.46699860222324,133.39144937999532,150.547607421875,92727400,0.0,0.0
2020-03-16 00:00:00-04:00,132.6995403320719,141.56197970377613,127.96027103449792,128.35836791992188,87905900,0.0,0.0
2020-03-17 00:00:00-04:00,132.69951982237052,139.8084226699975,127.96025125728585,138.9269256591797,81059800,0.0,0.0
2020-03-18 00:00:00-04:00,130.80384586709593,138.38667751156527,127.97924512920012,133.0786895751953,81593200,0.0,0.0
2020-03-19 00:00:00-04:00,135.32508790671272,142.32023895199598,131.75167511472426,135.26821899414062,85922700,0.0,0.0
2020-03-20 00:00:00-04:00,138.38664247775617,139.4292873501573,128.77540638008531,130.18771362304688,84866200,0.0,0.0
2020-03-23 00:00:00-04:00,129.86538694967555,133.23975714609327,125.60953451141944,128.88909912109375,78975200,0.0,0.0
2020-03-24 00:00:00-04:00,136.25396924994934,141.79891917510017,133.90329612577463,140.6046142578125,82516700,0.0,0.0
2020-03-25 00:00:00-04:00,141.14491656968082,146.28228256625601,136.9080088143488,139.25868225097656,75638200,0.0,0.0
2020-03-26 00:00:00-04:00,140.66150751402876,148.49078968046783,140.63307305518086,147.96946716308594,64568100,0.0,0.0
2020-03-27 00:00:00-04:00,143.83677947196435,146.81303910788503,141.4197499720729,141.8936767578125,57042300,0.0,0.0
2020-03-30 00:00:00-04:00,144.4908288761412,152.22531899610644,142.1875367282903,151.87460327148438,63420300,0.0,0.0
2020-03-31 00:00:00-04:00,151.08788365564143,156.1873415159035,148.39598244665945,149.48602294921875,77927200,0.0,0.0
2020-04-01 00:00:00-04:00,145.0216441874306,149.523950134426,142.9553296635198,144.1780548095703,57969900,0.0,0.0
2020-04-02 00:00:00-04:00,143.9410755182864,147.372301571524,142.51929484918563,147.1637725830078,49630700,0.0,0.0
2020-04-03 00:00:00-04:00,147.01209719751583,149.1732022198361,144.25383978691568,145.80831909179688,41243300,0.0,0.0
2020-04-06 00:00:00-04:00,151.95990642835253,157.8176351324215,149.3627821810192,156.6517791748047,67111700,0.0,0.0
2020-04-07 00:00:00-04:00,160.7464665837294,161.13508997776,154.74655238016243,154.96456909179688,62769000,0.0,0.0
2020-04-08 00:00:00-04:00,157.03089277059914,157.97874630175247,154.97405234356808,156.51905822753906,48318200,0.0,0.0
2020-04-09 00:00:00-04:00,157.6849317896961,158.64225875732106,154.81293642372253,156.52854919433594,51385100,0.0,0.0
2020-04-13 00:00:00-04:00,155.77975792648093,156.936140571891,153.83665499194112,156.87925720214844,41905300,0.0,0.0
2020-04-14 00:00:00-04:00,160.18727199112618,164.6895769731253,159.23941831070533,164.64218139648438,52874300,0.0,0.0
2020-04-15 00:00:00-04:00,162.2725661589912,164.51898947901861,160.41478082759673,162.9171142578125,40940800,0.0,0.0
2020-04-16 00:00:00-04:00,165.21090401533556,168.0355040124014,163.883900147735,167.80801391601562,50479600,0.0,0.0
2020-04-17 00:00:00-04:00,170.13971403013997,170.6136408101682,166.6990009789437,169.28665161132812,52765600,0.0,0.0
2020-04-20 00:00:00-04:00,167.41936555024498,169.42881030865183,165.86488641460832,165.9312286376953,36669600,0.0,0.0
2020-04-21 00:00:00-04:00,164.4525719632538,164.6137053126031,157.44793561492781,159.0687713623047,56203700,0.0,0.0
2020-04-22 00:00:00-04:00,162.45262485910442,164.9265232869323,161.91235583811329,164.4715576171875,34620200,0.0,0.0
2020-04-23 00:00:00-04:00,165.03076136740552,165.93121923378612,161.99763328234144,162.4810333251953,32790800,0.0,0.0
2020-04-24 00:00:00-04:00,163.08774500001135,165.45737982673035,161.808150871445,165.44790649414062,34277600,0.0,0.0
2020-04-27 00:00:00-04:00,167.38146452077441,167.67529682402676,164.26303252623075,164.9739227294922,33194400,0.0,0.0
2020-04-28 00:00:00-04:00,166.4336412831067,166.50947132086196,160.55695075653242,160.95504760742188,34392700,0.0,0.0
2020-04-29 00:00:00-04:00,164.18717271252402,168.41459092156956,162.91705258428848,168.17762756347656,51286600,0.0,0.0
2020-04-30 00:00:00-04:00,170.61363557217732,170.9927711993211,167.04022371080399,169.86483764648438,53875900,0.0,0.0
2020-05-01 00:00:00-04:00,166.63268339420114,169.32458443172894,164.93601717144193,165.46682739257812,39370500,0.0,0.0
2020-05-04 00:00:00-04:00,165.39100504648349,169.6658202264792,164.73698364883285,169.51416015625,30372900,0.0,0.0
2020-05-05 00:00:00-04:00,171.20133121146824,174.073326774574,170.5188753882451,171.3340301513672,36839200,0.0,0.0
2020-05-06 00:00:00-04:00,172.58518988955504,174.59463494769062,172.15865865064302,173.0211944580078,32139300,0.0,0.0
2020-05-07 00:00:00-04:00,174.56623962588404,174.92642871255168,173.05915549446175,174.02597045898438,28316000,0.0,0.0
2020-05-08 00:00:00-04:00,175.33395002920838,175.35291115035147,173.79843186786684,175.04959106445312,30877800,0.0,0.0
2020-05-11 00:00:00-04:00,173.59939164214202,177.7320341687052,173.3150471152791,177.002197265625,30892700,0.0,0.0
2020-05-12 00:00:00-04:00,177.05906765949712,177.2865432828998,172.79372616350702,172.99276733398438,32038200,0.0,0.0
2020-05-13 00:00:00-04:00,173.0307023368351,174.45248294032083,167.3340921291514,170.376708984375,44711500,0.0,0.0
2020-05-14 00:00:00-04:00,168.28191004143457,171.26765735101736,166.5189018898924,171.11599731445312,41873900,0.0,0.0
2020-05-15 00:00:00-04:00,169.7226658562342,177.30549477035595,167.77008972494357,173.60887145996094,46610400,0.0,0.0
2020-05-18 00:00:00-04:00,176.06383283345417,176.49036412535662,174.36718099656215,175.26763916015625,35264500,0.0,0.0
2020-05-19 00:00:00-04:00,175.38132561469354,176.86946249824126,173.92163764116737,174.05433654785156,26799100,0.0,0.0
2020-05-20 00:00:00-04:00,175.66074821445315,176.64926983971034,174.8338232902232,176.4686737060547,31261300,0.51,0.0
2020-05-21 00:00:00-04:00,176.22150304446987,177.42863394594616,174.21596102062003,174.34902954101562,29119500,0.0,0.0
2020-05-22 00:00:00-04:00,174.1209441606144,175.3280752270581,173.50311455025968,174.4250946044922,20826900,0.0,0.0
2020-05-26 00:00:00-04:00,177.11497503906327,177.2670574968158,172.1343978264107,172.5811309814453,36073600,0.0,0.0
2020-05-27 00:00:00-04:00,171.27892425897863,172.98031573057037,167.85715639177917,172.80921936035156,39517100,0.0,0.0
2020-05-28 00:00:00-04:00,171.792195219223,175.03336693369795,171.45001698942932,172.4195098876953,33810200,0.0,0.0
2020-05-29 00:00:00-04:00,173.68368727702386,175.14745550760477,171.47854971997998,174.17794799804688,42130400,0.0,0.0
2020-06-01 00:00:00-04:00,173.50309629122472,173.94032973105288,172.47657596070565,173.77874755859375,22622400,0.0,0.0
2020-06-02 00:00:00-04:00,175.12846899992755,175.84133929436416,172.37204299612597,175.75579833984375,30794600,0.0,0.0
2020-06-03 00:00:00-04:00,175.67021158300358,176.7347596373877,174.49159444895008,176.1834716796875,27311000,0.0,0.0
2020-06-04 00:00:00-04:00,175.1759741448824,176.63972791378023,173.27498693658933,173.86428833007812,28761800,0.0,0.0
2020-06-05 00:00:00-04:00,173.5791261393768,178.43614872306114,172.99932449815253,177.93238830566406,39893600,0.0,0.0
2020-06-08 00:00:00-04:00,176.734795460502,179.21558452130472,175.3090549543713,179.0349884033203,33211600,0.0,0.0
2020-06-09 00:00:00-04:00,178.69276493031884,181.25909429194024,177.989394570547,180.40365600585938,29783900,0.0,0.0
2020-06-10 00:00:00-04:00,181.66781392729945,188.69195979526327,181.55374485339544,187.09512329101562,43872300,0.0,0.0
2020-06-11 00:00:00-04:00,183.56883332118247,186.0686216229626,176.85835083624784,177.04844665527344,52854700,0.0,0.0
2020-06-12 00:00:00-04:00,181.10703377682555,182.22862370226562,176.0123877928457,178.44566345214844,43373600,0.0,0.0
2020-06-15 00:00:00-04:00,175.44210537773787,181.37319049220972,174.90031707971195,179.5862579345703,32770200,0.0,0.0
2020-06-16 00:00:00-04:00,183.3407021258186,185.89753212160974,181.98150329725257,183.98704528808594,42556700,0.0,0.0
2020-06-17 00:00:00-04:00,185.3747696872733,186.60091457988608,184.10111171633025,184.62388610839844,25687800,0.0,0.0
2020-06-18 00:00:00-04:00,184.39573922892131,186.76247326807626,184.39573922892131,186.60089111328125,23061600,0.0,0.0
2020-06-19 00:00:00-04:00,188.75851552523656,189.42385812687283,184.74743147959663,185.4888153076172,44441100,0.0,0.0
2020-06-22 00:00:00-04:00,186.0971303068874,190.8210845257473,185.56485622646053,190.6405029296875,32818900,0.0,0.0
2020-06-23 00:00:00-04:00,192.0852512006235,193.85316990489886,191.45792193382675,191.91416931152344,30917400,0.0,0.0
2020-06-24 00:00:00-04:00,191.61948849260602,193.18779690970953,186.82899330343227,188.04562377929688,36740600,0.0,0.0
2020-06-25 00:00:00-04:00,188.00762775594458,190.67851232035468,185.79297603620233,190.421875,27803900,0.0,0.0
2020-06-26 00:00:00-04:00,189.8420540312599,189.99413646513128,185.23216946864412,186.61038208007812,54675800,0.0,0.0
2020-06-29 00:00:00-04:00,186.0876350915484,188.70149248092682,183.96803843310832,188.61595153808594,26701600,0.0,0.0
2020-06-30 00:00:00-04:00,188.08368255293655,194.28089052562854,187.95061402599853,193.43495178222656,34310300,0.0,0.0
2020-07-01 00:00:00-04:00,193.0832268930802,196.13431706007913,191.7810555883194,194.5659942626953,32061200,0.0,0.0
2020-07-02 00:00:00-04:00,195.49750959900197,197.72167556493906,194.85118093605638,196.04879760742188,29315800,0.0,0.0
2020-07-06 00:00:00-04:00,198.49153344403433,200.67767110943888,197.78816312460114,200.26895141601562,31897600,0.0,0.0
2020-07-07 00:00:00-04:00,200.03132911943715,204.04241234730003,197.69312352420133,197.94024658203125,33600700,0.0,0.0
2020-07-08 00:00:00-04:00,199.67014636485013,202.70220798929762,198.35846089177778,202.2935028076172,33600000,0.0,0.0
2020-07-09 00:00:00-04:00,205.62029538664976,205.66782297036744,201.0008956149056,203.70980834960938,33121700,0.0,0.0
2020-07-10 00:00:00-04:00,203.0443913755945,203.48162471227076,200.6301445697278,203.0919189453125,26177600,0.0,0.0
2020-07-13 00:00:00-04:00,203.86185665203897,205.1165151249502,196.2769220311056,196.81871032714844,38135600,0.0,0.0
2020-07-14 00:00:00-04:00,195.92522739229784,198.51057084084894,192.02819828875812,198.0353240966797,37591800,0.0,0.0
2020-07-15 00:00:00-04:00,199.18543117423306,200.86780886223525,194.879696441531,197.7406768798828,32179400,0.0,0.0
2020-07-16 00:00:00-04:00,195.23135704153594,195.51650798920733,192.2943356382939,193.8246307373047,29940700,0.0,0.0
2020-07-17 00:00:00-04:00,194.34746326149497,194.8892371712817,191.4199406951889,192.836181640625,31635300,0.0,0.0
2020-07-20 00:00:00-04:00,194.85117236676646,201.78977799074687,192.95968503330636,201.1244354248047,36884800,0.0,0.0
2020-07-21 00:00:00-04:00,203.08243850870448,203.34857552033253,197.73115562552331,198.41551208496094,37990400,0.0,0.0
2020-07-22 00:00:00-04:00,198.84323696936167,201.7897726158241,198.07333955618,201.26699829101562,49605700,0.0,0.0
2020-07-23 00:00:00-04:00,196.93275836350443,200.47809519758303,192.14226281240857,192.51295471191406,67457000,0.0,0.0
2020-07-24 00:00:00-04:00,190.4978964459514,192.81710279590382,187.73195701203042,191.33433532714844,39827000,0.0,0.0
2020-07-27 00:00:00-04:00,191.4959383657706,193.87217226170424,190.91613671502756,193.75811767578125,30160900,0.0,0.0
2020-07-28 00:00:00-04:00,193.52997313063014,194.56600751672175,191.75255500922717,192.01869201660156,23251400,0.0,0.0
2020-07-29 00:00:00-04:00,192.4749653712374,194.51852093061618,192.0092182585042,193.95773315429688,19632600,0.0,0.0
2020-07-30 00:00:00-04:00,191.04922302902312,194.3379374288218,189.69002407556442,193.80564880371094,25079600,0.0,0.0
2020-07-31 00:00:00-04:00,194.2808703677026,194.94622743673912,189.15771085707848,194.8606719970703,51044000,0.0,0.0
2020-08-03 00:00:00-04:00,201.04837293552396,206.86538804440696,200.02183829806603,205.81983947753906,78983000,0.0,0.0
2020-08-04 00:00:00-04:00,203.56719761461736,204.1374995340673,199.89829200805272,202.7307586669922,49280100,0.0,0.0
2020-08-05 00:00:00-04:00,204.26104567065477,204.3561008212258,201.09591510463036,202.39808654785156,28806400,0.0,0.0
2020-08-06 00:00:00-04:00,201.82776391473723,205.65825113444276,201.07688051454105,205.63925170898438,32656800,0.0,0.0
2020-08-07 00:00:00-04:00,204.2135098766214,205.02142055306317,200.48756303882877,201.96083068847656,27820400,0.0,0.0
2020-08-10 00:00:00-04:00,201.19093220446166,201.39054219594667,196.1343149595848,197.94024658203125,36716500,0.0,0.0
2020-08-11 00:00:00-04:00,196.90421954309804,197.3699520347846,193.08323194975972,193.3113555908203,36446500,0.0,0.0
2020-08-12 00:00:00-04:00,195.12680683296387,199.86977468236574,194.61354671761342,198.833740234375,28013100,0.0,0.0
2020-08-13 00:00:00-04:00,199.07138196002268,200.88682821734017,197.8452370937874,198.36801147460938,22588900,0.0,0.0
2020-08-14 00:00:00-04:00,198.42505219463442,199.21396367663425,197.2369351139206,198.55812072753906,17958900,0.0,0.0
2020-08-17 00:00:00-04:00,199.22342242623313,200.73470345130764,198.57707937252545,199.8697509765625,20184800,0.0,0.0
2020-08-18 00:00:00-04:00,200.10740203040297,201.84680693348818,198.85275811055578,201.01988220214844,21336200,0.0,0.0
2020-08-19 00:00:00-04:00,201.50575103099345,202.08695405678952,199.37149419856755,199.8002471923828,27627600,0.51,0.0
2020-08-20 00:00:00-04:00,199.64786015943778,204.8501064694833,199.04761159406166,204.44993591308594,26981500,0.0,0.0
2020-08-21 00:00:00-04:00,203.76394899476904,206.0411196313536,202.8016350109078,202.96360778808594,36249300,0.0,0.0
2020-08-24 00:00:00-04:00,204.6499901784463,205.34553813622844,202.4014026425913,203.6019287109375,25460100,0.0,0.0
2020-08-25 00:00:00-04:00,203.03977033082035,206.38406154676812,203.03977033082035,206.25067138671875,23043700,0.0,0.0
2020-08-26 00:00:00-04:00,207.59410079861183,211.6053426331108,207.0986454243978,210.709716796875,39600800,0.0,0.0
2020-08-27 00:00:00-04:00,212.36760613351487,220.2376553277193,209.04235998516526,215.88340759277344,57602200,0.0,0.0
2020-08-28 00:00:00-04:00,217.4079064903307,219.75177942740257,215.8834491710163,218.10345458984375,26292900,0.0,0.0
2020-08-31 00:00:00-04:00,216.2835998158093,217.90334192876838,213.72058919228218,214.88299560546875,28774200,0.0,0.0
2020-09-01 00:00:00-04:00,214.86394119772189,216.71235847698847,213.83492494312688,216.54086303710938,25725500,0.0,0.0
2020-09-02 00:00:00-04:00,217.207801074862,221.86694924784757,216.61707521022916,220.7140655517578,34080800,0.0,0.0
2020-09-03 00:00:00-04:00,218.4464303584892,218.4845356074586,204.81199137013098,207.04151916503906,58400300,0.0,0.0
2020-09-04 00:00:00-04:00,204.94537631657883,208.0514701428707,195.50321280100798,204.135498046875,59664100,0.0,0.0
2020-09-08 00:00:00-04:00,196.75135022135257,200.11470143736412,192.6543458320582,193.09263610839844,52924300,0.0,0.0
2020-09-09 00:00:00-04:00,197.79944426823292,204.697642740119,196.9419235287555,201.3152313232422,45679000,0.0,0.0
2020-09-10 00:00:00-04:00,203.3256407346827,204.6023920199661,194.47421668900014,195.6747283935547,35461500,0.0,0.0
2020-09-11 00:00:00-04:00,197.41832597706613,198.7808248995314,191.73969878966778,194.39797973632812,33620100,0.0,0.0
2020-09-14 00:00:00-04:00,194.5981112274879,199.32394819822275,194.39801864638477,195.71287536621094,30375800,0.0,0.0
2020-09-15 00:00:00-04:00,198.58073117424792,199.87652772915487,197.16106711664477,198.92373657226562,21823900,0.0,0.0
2020-09-16 00:00:00-04:00,200.67689773691774,200.70548031266912,194.97920986822862,195.36985778808594,26328100,0.0,0.0
2020-09-17 00:00:00-04:00,190.60587304442362,194.68381801574102,190.52012532988843,193.3308563232422,34011300,0.0,0.0
2020-09-18 00:00:00-04:00,193.22605507235494,194.03591885589844,186.9852699078693,190.92982482910156,55225300,0.0,0.0
2020-09-21 00:00:00-04:00,187.88089322203805,193.140304553541,187.109134700145,192.9783172607422,39839700,0.0,0.0
2020-09-22 00:00:00-04:00,195.3793420932357,198.27583520030763,192.5400286648774,197.6279296875,33517100,0.0,0.0
2020-09-23 00:00:00-04:00,198.08526187258073,198.27583172140538,190.58680064366783,191.120361328125,30803800,0.0,0.0
2020-09-24 00:00:00-04:00,190.41529194301134,195.8652577628293,189.79596905441002,193.5976104736328,31202500,0.0,0.0
2020-09-25 00:00:00-04:00,193.94062649521072,199.17144019967697,192.97829820351433,198.00904846191406,29437300,0.0,0.0
2020-09-28 00:00:00-04:00,200.92458801246855,202.53480726710254,198.2377101829386,199.5525665283203,32004900,0.0,0.0
2020-09-29 00:00:00-04:00,199.46680817135086,200.15281887680132,197.0467108108903,197.4754638671875,24221900,0.0,0.0
2020-09-30 00:00:00-04:00,197.9232806684825,201.97264262940195,196.78945699327505,200.40054321289062,33829100,0.0,0.0
2020-10-01 00:00:00-04:00,203.41141229150605,203.88780792375502,201.3438569921584,202.43003845214844,27158400,0.0,0.0
2020-10-02 00:00:00-04:00,198.18057395365662,201.02942493807893,195.83670115325253,196.45602416992188,33154800,0.0,0.0
2020-10-05 00:00:00-04:00,197.4373880733873,200.47679424204267,197.2087129579813,200.44821166992188,21331600,0.0,0.0
2020-10-06 00:00:00-04:00,198.96186538347163,200.2576474587062,195.15070058306898,196.18923950195312,28554300,0.0,0.0
2020-10-07 00:00:00-04:00,197.28492832718817,200.1909441707046,196.96098283340308,199.92416381835938,25681100,0.0,0.0
2020-10-08 00:00:00-04:00,200.57210682949486,201.22001252355497,198.48550593353193,200.63880920410156,19925800,0.0,0.0
2020-10-09 00:00:00-04:00,201.25804158809404,205.66946863020837,201.25804158809404,205.621826171875,26458000,0.0,0.0
2020-10-12 00:00:00-04:00,208.4611517383171,213.2918094400436,206.57462949111385,210.94793701171875,40461400,0.0,0.0
2020-10-13 00:00:00-04:00,212.20561435708677,214.57806919963946,210.02371480834992,212.33900451660156,28950800,0.0,0.0
2020-10-14 00:00:00-04:00,212.47242892410338,213.634835303714,208.78513178296774,210.43345642089844,23421700,0.0,0.0
2020-10-15 00:00:00-04:00,206.85097224701303,209.9570662787995,205.81241880530467,209.2901153564453,22733100,0.0,0.0
2020-10-16 00:00:00-04:00,209.75697373287338,211.79594628889316,208.96616984250753,209.2901153564453,26057900,0.0,0.0
2020-10-19 00:00:00-04:00,210.01425187181692,211.8055041277788,203.6305532132676,204.10694885253906,27625800,0.0,0.0
2020-10-20 00:00:00-04:00,205.612335379117,207.10820994137202,203.03026493680252,204.51661682128906,22753500,0.0,0.0
2020-10-21 00:00:00-04:00,203.05883403594683,206.67944311393921,203.05883403594683,204.65953063964844,22724900,0.0,0.0
2020-10-22 00:00:00-04:00,203.8305991538514,205.86004890997927,201.70587900793112,204.7452850341797,22351500,0.0,0.0
2020-10-23 00:00:00-04:00,204.87867200393134,206.06966089598714,203.09695727371624,206.0220184326172,18879600,0.0,0.0
2020-10-26 00:00:00-04:00,203.75437998821897,206.12682049278558,198.27583123211025,200.162353515625,37111600,0.0,0.0
2020-10-27 00:00:00-04:00,201.60105683311497,204.53565504160957,200.4005453317281,203.1826934814453,36700300,0.0,0.0
2020-10-28 00:00:00-04:00,197.86615845641646,198.9809224817039,192.559118718675,193.11172485351562,51195600,0.0,0.0
2020-10-29 00:00:00-04:00,194.43608102293118,197.57075725259926,193.76911564184445,195.05538940429688,31432600,0.0,0.0
2020-10-30 00:00:00-04:00,193.89301013017186,194.64570878486924,190.19617560413607,192.91163635253906,36953700,0.0,0.0
2020-11-02 00:00:00-05:00,194.64569121058761,195.58895965178482,190.67255399086878,192.77822875976562,30842200,0.0,0.0
2020-11-03 00:00:00-05:00,194.26460898474699,198.29491193475644,193.5309556454268,196.6846923828125,27512000,0.0,0.0
2020-11-04 00:00:00-05:00,203.9163436100231,208.01334801298592,202.3918721219875,206.17445373535156,42311800,0.0,0.0
2020-11-05 00:00:00-05:00,211.5577293870567,213.53953661910697,210.70974588983486,212.74871826171875,36080100,0.0,0.0
2020-11-06 00:00:00-05:00,211.76739604271015,213.76826365364508,207.73709278242106,213.15847778320312,25231900,0.0,0.0
2020-11-09 00:00:00-05:00,213.8444209847306,217.35068499480133,207.5941141574307,208.0800323486328,44395000,0.0,0.0
2020-11-10 00:00:00-05:00,204.37367734801214,206.27925942118705,199.81933735619901,201.04843139648438,44045100,0.0,0.0
2020-11-11 00:00:00-05:00,202.36330501469286,207.74656901719345,202.1822723760831,206.32691955566406,29440800,0.0,0.0
2020-11-12 00:00:00-05:00,206.95577733475665,208.76607475027214,204.33560160583502,205.2693328857422,21593900,0.0,0.0
2020-11-13 00:00:00-05:00,206.1458902459224,207.15584652138176,204.04975265970353,206.28880310058594,18621100,0.0,0.0
2020-11-16 00:00:00-05:00,204.72625033518352,207.46077109680175,204.39278212221393,206.97483825683594,24953300,0.0,0.0
2020-11-17 00:00:00-05:00,205.89817875225006,207.4035760150649,203.97353650780587,204.33560180664062,24154100,0.0,0.0
2020-11-18 00:00:00-05:00,204.09676961168395,205.54880785492185,201.498391524417,201.64169311523438,28372800,0.56,0.0
2020-11-19 00:00:00-05:00,201.9282623804157,203.50447769292882,200.5430866843581,202.9217529296875,24792700,0.0,0.0
2020-11-20 00:00:00-05:00,202.71159322047438,203.75285098407457,200.60996790062518,200.98252868652344,22843100,0.0,0.0
2020-11-23 00:00:00-05:00,201.51749377618378,202.79757297783098,198.8522533741571,200.71505737304688,25683500,0.0,0.0
2020-11-24 00:00:00-05:00,200.21831990991032,204.66995462675723,199.5209654528128,204.29739379882812,33979700,0.0,0.0
2020-11-25 00:00:00-05:00,205.4915206508618,205.66346509113586,202.96001921457815,204.3069610595703,21012900,0.0,0.0
2020-11-27 00:00:00-05:00,205.24314147743166,206.59964544209117,204.46934780485185,205.60614013671875,14512200,0.0,0.0
2020-11-30 00:00:00-05:00,204.52664324038548,205.1571206288047,201.4124030008416,204.49798583984375,33064800,0.0,0.0
2020-12-01 00:00:00-05:00,204.9182851110949,207.6026495809282,203.81016502138235,206.5422821044922,30904500,0.0,0.0
2020-12-02 00:00:00-05:00,205.27178751909085,205.83540256077225,203.28479159484732,205.7398681640625,23724500,0.0,0.0
2020-12-03 00:00:00-05:00,205.01383612716327,206.70469566225796,204.0967555691371,204.66038513183594,25120900,0.0,0.0
2020-12-04 00:00:00-05:00,204.6412697625912,205.74940448853005,203.64776463709416,204.77500915527344,24666000,0.0,0.0
2020-12-07 00:00:00-05:00,204.78455447441974,205.902236795737,203.46627035457135,204.7081298828125,24620000,0.0,0.0
2020-12-08 00:00:00-05:00,204.40246580922124,207.24921288280584,203.3707555877573,206.3512420654297,23284100,0.0,0.0
2020-12-09 00:00:00-05:00,205.53924307323217,205.60610548215897,201.76586805434036,202.32948303222656,32440600,0.0,0.0
2020-12-10 00:00:00-05:00,202.30084226889505,203.55226411394892,200.95388603008814,201.1067352294922,26733300,0.0,0.0
2020-12-11 00:00:00-05:00,200.65770878285025,203.78149624054652,199.75973814061044,203.7241668701172,30979400,0.0,0.0
2020-12-14 00:00:00-05:00,203.57135650628612,206.54229514941832,203.36119251919632,204.62216186523438,28798400,0.0,0.0
2020-12-15 00:00:00-05:00,205.54875773616726,205.7875790861293,202.74977851133113,204.55526733398438,27000600,0.0,0.0
2020-12-16 00:00:00-05:00,205.14760872687503,210.26794077804252,205.11895132134546,209.4750518798828,35023300,0.0,0.0
2020-12-17 00:00:00-05:00,210.03860967306574,211.013004924833,208.17580593917194,209.60873413085938,32515800,0.0,0.0
2020-12-18 00:00:00-05:00,208.81590270996094,209.8667228359516,206.36082598142397,208.81590270996094,63354900,0.0,0.0
2020-12-21 00:00:00-05:00,207.8223907859236,213.98398015637602,207.5644595855646,212.63702392578125,37181900,0.0,0.0
2020-12-22 00:00:00-05:00,212.7325592225708,215.5411013062933,211.93012279193636,213.92666625976562,22612200,0.0,0.0
2020-12-23 00:00:00-05:00,213.1337656474204,213.5636412417296,210.92705829699878,211.13722229003906,18699600,0.0,0.0
2020-12-24 00:00:00-05:00,211.519354763538,213.6114327473133,211.30919074657865,212.78988647460938,10550600,0.0,0.0
2020-12-28 00:00:00-05:00,214.41384178664234,215.92319472597202,213.04779042772108,214.9010467529297,17933500,0.0,0.0
2020-12-29 00:00:00-05:00,216.19067866518566,217.02177246063968,213.58275309646694,214.12725830078125,17403200,0.0,0.0
2020-12-30 00:00:00-05:00,215.15898241983697,215.54110542494223,211.56711363086075,211.76771545410156,20272300,0.0,0.0
2020-12-31 00:00:00-05:00,211.78681782520988,213.0286920393946,209.857136802446,212.47462463378906,20942100,0.0,0.0
2021-01-04 00:00:00-05:00,212.57970992905,213.02869534095603,205.2049037044896,207.9561309814453,37130100,0.0,0.0
2021-01-05 00:00:00-05:00,207.54535604544097,208.74902529905103,206.0551127566878,208.15673828125,23823000,0.0,0.0
2021-01-06 00:00:00-05:00,202.6829748052678,206.8098162211592,202.46326316529786,202.7593994140625,35930700,0.0,0.0
2021-01-07 00:00:00-05:00,204.46936281024946,209.53238038116018,204.15413132882773,208.52932739257812,27694500,0.0,0.0
2021-01-08 00:00:00-05:00,208.90187953213362,210.7169311919046,207.32566388490167,209.7998504638672,22956200,0.0,0.0
2021-01-11 00:00:00-05:00,208.7012361864748,209.1215641625514,207.0390340746721,207.7650604248047,23031300,0.0,0.0
2021-01-12 00:00:00-05:00,206.81932437348303,207.392501541839,203.78152328009872,205.31951904296875,23249300,0.0,0.0
2021-01-13 00:00:00-05:00,204.45023357688456,207.0677068608454,204.3642467924793,206.66648864746094,20087100,0.0,0.0
2021-01-14 00:00:00-05:00,206.25573969910283,207.73643545452734,203.22748576880403,203.49496459960938,29480800,0.0,0.0
2021-01-15 00:00:00-05:00,203.97257256514928,204.91829592070977,202.5491918631282,203.14146423339844,31746500,0.0,0.0
2021-01-19 00:00:00-05:00,204.19233338916848,207.27790234562812,203.12241799097905,206.76205444335938,30480900,0.0,0.0
2021-01-20 00:00:00-05:00,207.9656511782712,215.69390740254323,207.5739806235108,214.30874633789062,37777300,0.0,0.0
2021-01-21 00:00:00-05:00,214.65266756607497,216.18113032934212,212.47461760314508,214.9105987548828,30709400,0.0,0.0
2021-01-22 00:00:00-05:00,216.926217926684,219.7825266195765,215.70345373827155,215.84674072265625,30172700,0.0,0.0
2021-01-25 00:00:00-05:00,218.87506823241782,219.5055603311277,214.1941738483074,219.26673889160156,33152100,0.0,0.0
2021-01-26 00:00:00-05:00,221.49252764749383,223.70878273824454,219.79212038536122,221.94151306152344,49169600,0.0,0.0
2021-01-27 00:00:00-05:00,227.35795442856718,229.68885343646144,219.84940963622762,222.48599243164062,69870600,0.0,0.0
2021-01-28 00:00:00-05:00,225.07484302342925,231.79049969167863,224.57809042509956,228.2463836669922,49111200,0.0,0.0
2021-01-29 00:00:00-05:00,225.43787387184437,227.3771026447357,221.00534888002093,221.58807373046875,42503100,0.0,0.0
2021-02-01 00:00:00-05:00,224.54943142500284,231.65675864090633,222.0370256255715,228.93418884277344,33314200,0.0,0.0
2021-02-02 00:00:00-05:00,230.51043029200613,231.47526355109804,228.0171341621031,228.8004608154297,25916300,0.0,0.0
2021-02-03 00:00:00-05:00,228.85776177893771,234.13092741775498,228.56161101991137,232.13438415527344,27158100,0.0,0.0
2021-02-04 00:00:00-05:00,231.80960404543467,232.36367143508832,229.6219918883106,231.18865966796875,25296100,0.0,0.0
2021-02-05 00:00:00-05:00,231.3988203649493,232.40187313232684,229.66975580932288,231.3701629638672,18054800,0.0,0.0
2021-02-08 00:00:00-05:00,232.27770003844776,232.78400026698355,230.04233511511973,231.62811279296875,22211900,0.0,0.0
2021-02-09 00:00:00-05:00,231.05492843301977,233.81570329400722,230.58684780779984,232.86997985839844,23565000,0.0,0.0
2021-02-10 00:00:00-05:00,234.04497905294213,234.92384008224641,230.11875453556536,231.96246337890625,22186700,0.0,0.0
2021-02-11 00:00:00-05:00,233.8348114486024,234.18826246133182,231.32240561908912,233.5577850341797,15751100,0.0,0.0
2021-02-12 00:00:00-05:00,233.0228007069779,234.331551842112,231.87646094509842,234.03541564941406,16561100,0.0,0.0
2021-02-16 00:00:00-05:00,234.07364754036084,235.12446761239,232.05799418510682,232.80311584472656,26728500,0.0,0.0
2021-02-17 00:00:00-05:00,231.06048965921218,233.92336296711304,230.69664036520157,233.8180389404297,21653500,0.56,0.0
2021-02-18 00:00:00-05:00,231.5200582564853,233.5594929778077,230.62001931004644,233.42544555664062,16925600,0.0,0.0
2021-02-19 00:00:00-05:00,233.38715100673053,233.49247502338264,229.96891987453535,230.725341796875,25262600,0.0,0.0
2021-02-22 00:00:00-05:00,227.3262650669372,227.81457753992933,222.5196825099507,224.53997802734375,36446900,0.0,0.0
2021-02-23 00:00:00-05:00,220.5376964424216,224.84638235438035,219.00571338525143,223.3527069091797,30228700,0.0,0.0
2021-02-24 00:00:00-05:00,220.23128425603434,225.20063745920083,219.26422894259488,224.57827758789062,26339700,0.0,0.0
2021-02-25 00:00:00-05:00,222.21328121333582,224.61656504128703,218.19184422785054,219.25465393066406,39542200,0.0,0.0
2021-02-26 00:00:00-05:00,221.6866957656996,225.36343789150433,219.78129368104075,222.5005645751953,37819200,0.0,0.0
2021-03-01 00:00:00-05:00,225.87087537131603,227.374134963668,223.23778964286245,226.86666870117188,25324000,0.0,0.0
2021-03-02 00:00:00-05:00,226.9336896940317,227.21136873992538,223.52504280150532,223.92718505859375,22812500,0.0,0.0
2021-03-03 00:00:00-05:00,222.28992364520352,223.6495518308172,217.59823410434785,217.88548278808594,34029500,0.0,0.0
2021-03-04 00:00:00-05:00,217.1003434861413,222.60588703735615,214.72576809610288,217.09075927734375,44727800,0.0,0.0
2021-03-05 00:00:00-05:00,219.7621508732522,223.35272272073442,216.8322465833186,221.75372314453125,41872800,0.0,0.0
2021-03-08 00:00:00-05:00,221.53346048244356,223.44843187162684,217.47373048782126,217.72267150878906,35267400,0.0,0.0
2021-03-09 00:00:00-05:00,222.97930254117327,225.37301709229348,221.82073826999846,223.84103393554688,33080500,0.0,0.0
2021-03-10 00:00:00-05:00,226.92413561375264,226.92413561375264,222.17499959610404,222.53884887695312,29746800,0.0,0.0
2021-03-11 00:00:00-05:00,224.97088716934874,229.0018945134101,224.34851258579613,227.0486297607422,29907600,0.0,0.0
2021-03-12 00:00:00-05:00,224.06123394821893,225.794295419288,223.3143962358568,225.72726440429688,22653700,0.0,0.0
2021-03-15 00:00:00-04:00,224.97085635878273,225.19107398861252,221.9547675055726,224.8272247314453,26034900,0.0,0.0
2021-03-16 00:00:00-04:00,226.23476099250502,229.85405642506078,225.90921930197513,227.60397338867188,28092200,0.0,0.0
2021-03-17 00:00:00-04:00,226.11024066099444,228.4082150912853,223.31438418936858,226.96240234375,29562100,0.0,0.0
2021-03-18 00:00:00-04:00,222.6728878603491,224.23359433735567,220.5376986886075,220.91111755371094,34833000,0.0,0.0
2021-03-19 00:00:00-04:00,221.1983526613033,222.586704017824,219.59935327992318,220.5568389892578,46430700,0.0,0.0
2021-03-22 00:00:00-04:00,220.48025713428592,226.82837799232317,220.35577930626062,225.9570770263672,30127000,0.0,0.0
2021-03-23 00:00:00-04:00,227.39330671357888,230.8019538061581,226.99116443288878,227.47947692871094,31638400,0.0,0.0
2021-03-24 00:00:00-04:00,227.73800598232168,227.881623009937,225.31556804938333,225.44961547851562,25620100,0.0,0.0
2021-03-25 00:00:00-04:00,225.2964450903894,226.86672145097629,221.7250266173006,222.4622802734375,34061900,0.0,0.0
2021-03-26 00:00:00-04:00,221.70582606846494,226.64645599438444,221.70582606846494,226.4262237548828,25479900,0.0,0.0
2021-03-29 00:00:00-04:00,226.53156497693166,226.73264342608155,222.02181497962823,225.2389678955078,25227500,0.0,0.0
2021-03-30 00:00:00-04:00,223.60162615517325,223.90802858077555,221.27494300230194,221.99305725097656,24792000,0.0,0.0
2021-03-31 00:00:00-04:00,223.00800441804873,228.9348434120641,222.5101077486613,225.7464141845703,43623500,0.0,0.0
2021-04-01 00:00:00-04:00,228.33167230554963,232.51588117025727,227.92952996567604,232.04672241210938,30338000,0.0,0.0
2021-04-05 00:00:00-04:00,232.43925494489872,239.33316461233116,232.38180813268252,238.4810028076172,36910600,0.0,0.0
2021-04-06 00:00:00-04:00,237.08306201915883,238.7969551907756,236.38410146861867,237.3224334716797,22931900,0.0,0.0
2021-04-07 00:00:00-04:00,237.27456911449357,240.2619203285823,236.6809325553028,239.2757110595703,22719800,0.0,0.0
2021-04-08 00:00:00-04:00,242.02367204884553,243.33542282364596,241.28640394596803,242.48326110839844,23625200,0.0,0.0
2021-04-09 00:00:00-04:00,242.11942959914686,245.10679523034713,241.70771771793406,244.97274780273438,24326800,0.0,0.0
2021-04-12 00:00:00-04:00,243.88124746804633,246.7154122470637,243.7950626307561,245.0302276611328,27148700,0.0,0.0
2021-04-13 00:00:00-04:00,246.32282985291565,248.17077061108847,245.91108871216403,247.50051879882812,23837500,0.0,0.0
2021-04-14 00:00:00-04:00,246.53346291002805,247.82604540903546,244.31208876364178,244.7238006591797,23070900,0.0,0.0
2021-04-15 00:00:00-04:00,246.96426979465292,248.8792411187136,246.77279019433294,248.467529296875,25627500,0.0,0.0
2021-04-16 00:00:00-04:00,248.4388497054509,249.9038018578808,246.648355876942,249.65484619140625,24878600,0.0,0.0
2021-04-19 00:00:00-04:00,249.1281882383105,250.36335288181252,246.8589519719727,247.7398223876953,23209300,0.0,0.0
2021-04-20 00:00:00-04:00,246.8590078451978,249.13782883405526,245.92066119680084,247.28030395507812,19722900,0.0,0.0
2021-04-21 00:00:00-04:00,247.93137119944473,249.59738711284092,246.3132178871805,249.5016326904297,24030400,0.0,0.0
2021-04-22 00:00:00-04:00,249.14736906186104,250.65062876395623,244.77166660182715,246.23663330078125,25606200,0.0,0.0
2021-04-23 00:00:00-04:00,246.91645610073897,250.3921344174807,246.33237453675008,250.04742431640625,21462600,0.0,0.0
2021-04-26 00:00:00-04:00,250.53574329781782,251.282581069,249.10909877572388,250.43040466308594,19763300,0.0,0.0
2021-04-27 00:00:00-04:00,250.4591165703072,252.00068386501204,249.06119551820086,250.83255004882812,31014200,0.0,0.0
2021-04-28 00:00:00-04:00,245.19296257106504,245.6334270987041,242.19604180812823,243.7375946044922,46903100,0.0,0.0
2021-04-29 00:00:00-04:00,244.59932929978729,245.21211962839484,238.41396459315484,241.7747344970703,40589000,0.0,0.0
2021-04-30 00:00:00-04:00,239.1225175880365,242.3205167691212,238.98847015559804,241.45877075195312,30945100,0.0,0.0
2021-05-03 00:00:00-04:00,242.6268652675503,243.53648835085653,240.44379908775937,241.15234375,19626600,0.0,0.0
2021-05-04 00:00:00-04:00,240.30019861922892,240.53000045768178,235.31169145877024,237.25538635253906,32756100,0.0,0.0
2021-05-05 00:00:00-04:00,238.47141614100633,238.89271223968217,235.36917143271003,235.9915313720703,21901300,0.0,0.0
2021-05-06 00:00:00-04:00,235.9723779697014,239.23740812996687,234.28720818218096,239.11293029785156,26491100,0.0,0.0
2021-05-07 00:00:00-04:00,241.43005005006262,243.48865338351683,240.4917180124829,241.7268829345703,27032900,0.0,0.0
2021-05-10 00:00:00-04:00,240.20445051351808,241.027888860357,236.61387887498904,236.67132568359375,29299900,0.0,0.0
2021-05-11 00:00:00-04:00,234.1531648123597,236.11601370401354,232.25734694226097,235.76173400878906,33641600,0.0,0.0
2021-05-12 00:00:00-04:00,231.8743087065827,233.99035851824172,227.94862612817732,228.83908081054688,36684400,0.0,0.0
2021-05-13 00:00:00-04:00,231.52009610340892,235.1585454856775,231.15624678215937,232.6977996826172,29624300,0.0,0.0
2021-05-14 00:00:00-04:00,235.13938182515005,238.58632219282524,235.05321160322504,237.60011291503906,23901100,0.0,0.0
2021-05-17 00:00:00-04:00,236.06812840418084,236.10642140799038,233.16694758064864,234.75636291503906,24970200,0.0,0.0
2021-05-18 00:00:00-04:00,235.80006421891147,235.934111664792,232.57332669794846,232.7456817626953,20168000,0.0,0.0
2021-05-19 00:00:00-04:00,229.66498478756515,233.42699360049693,228.9836084205377,233.32142639160156,25739800,0.56,0.0
2021-05-20 00:00:00-04:00,234.12762575703587,237.95680642050272,234.03165022443645,236.54605102539062,21800700,0.0,0.0
2021-05-21 00:00:00-04:00,237.59208362345646,238.3214477349381,234.87614061014176,235.28880310058594,21863100,0.0,0.0
2021-05-24 00:00:00-04:00,237.8032161031035,241.03740363053382,237.53450222431155,240.67271423339844,21411500,0.0,0.0
2021-05-25 00:00:00-04:00,241.62283212210016,242.56333074837534,240.71112322411236,241.57484436035156,17704300,0.0,0.0
2021-05-26 00:00:00-04:00,241.29653187433004,242.74568324908876,240.64394515378893,241.3541259765625,17771600,0.0,0.0
2021-05-27 00:00:00-04:00,241.04704531418864,241.3445489814195,239.2044292015683,239.2620086669922,24426200,0.0,0.0
2021-05-28 00:00:00-04:00,240.88387210484515,241.92034629984425,239.501906511513,239.6170654296875,18270200,0.0,0.0
2021-06-01 00:00:00-04:00,241.10461065045544,241.16219011250507,237.00671606727997,237.42897033691406,23213300,0.0,0.0
2021-06-02 00:00:00-04:00,238.1295578675878,239.22361157042198,235.9318441224372,237.3330078125,19406700,0.0,0.0
2021-06-03 00:00:00-04:00,235.3368112456959,236.4116667965383,233.20628353326998,235.80706787109375,25307700,0.0,0.0
2021-06-04 00:00:00-04:00,237.77443238686539,241.50765170138789,237.53450822875004,240.68231201171875,25281100,0.0,0.0
2021-06-07 00:00:00-04:00,239.90494208125514,243.84929553046072,239.74179542323537,243.58058166503906,23079200,0.0,0.0
2021-06-08 00:00:00-04:00,244.876236168721,245.6919842968053,242.33303089186523,242.390625,22455000,0.0,0.0
2021-06-09 00:00:00-04:00,243.5806107583811,245.23129021101894,243.00480153962016,243.36947631835938,17937600,0.0,0.0
2021-06-10 00:00:00-04:00,244.04128816987938,247.08352521054456,243.44628085125785,246.8723907470703,24563600,0.0,0.0
2021-06-11 00:00:00-04:00,247.592131538484,248.07197986770322,246.2677454638202,247.49618530273438,18999700,0.0,0.0
2021-06-14 00:00:00-04:00,247.50575689635525,249.47315257534447,246.45008473782653,249.4155731201172,19150500,0.0,0.0
2021-06-15 00:00:00-04:00,249.3004417062942,249.51157618609096,247.29467879203682,247.947265625,18038900,0.0,0.0
2021-06-16 00:00:00-04:00,248.94532119918156,250.07775629014873,244.16603567438125,247.00674438476562,27220000,0.0,0.0
2021-06-17 00:00:00-04:00,245.74955009057246,251.2006205192293,245.6919706294516,250.38487243652344,27565500,0.0,0.0
2021-06-18 00:00:00-04:00,249.1660721590066,251.72844608322075,248.3215343320705,248.97412109375,37202200,0.0,0.0
2021-06-21 00:00:00-04:00,249.348390258595,252.89925028570661,247.52497248384933,252.04513549804688,26696100,0.0,0.0
2021-06-22 00:00:00-04:00,252.13155021525452,255.077826487449,251.82444020322416,254.80911254882812,24694100,0.0,0.0
2021-06-23 00:00:00-04:00,255.26976405388658,256.07590591956557,253.77263926225072,254.5787811279297,19518700,0.0,0.0
2021-06-24 00:00:00-04:00,255.43295112873392,257.05484136424496,254.77075787103402,255.94158935546875,21446900,0.0,0.0
2021-06-25 00:00:00-04:00,255.5000755623851,256.4789557010309,254.0893201724312,254.3388214111328,25611100,0.0,0.0
2021-06-28 00:00:00-04:00,255.46170811912478,258.0624783950666,255.19299417128897,257.8897399902344,19590000,0.0,0.0
2021-06-29 00:00:00-04:00,258.03363852255484,260.70159408895256,257.1795237173201,260.461669921875,19937800,0.0,0.0
2021-06-30 00:00:00-04:00,259.78037491319304,260.4233554814299,258.73430873137113,259.9819030761719,21656500,0.0,0.0
2021-07-01 00:00:00-04:00,258.7438091696623,260.88394332062984,258.7342321183935,260.65362548828125,16725300,0.0,0.0
2021-07-02 00:00:00-04:00,261.8244857323976,266.7957080842182,261.517375730034,266.4598083496094,26458000,0.0,0.0
2021-07-06 00:00:00-04:00,266.8244739642971,268.11046403566195,263.244794707822,266.4693908691406,31565600,0.0,0.0
2021-07-07 00:00:00-04:00,268.1392196481216,269.3772364417186,265.9799023346366,268.6478576660156,23260000,0.0,0.0
2021-07-08 00:00:00-04:00,265.74004413313054,267.4963057183195,263.79186075613046,266.2391052246094,24618600,0.0,0.0
2021-07-09 00:00:00-04:00,264.6076006127589,266.8436812511514,264.2237277535544,266.7381286621094,23916700,0.0,0.0
2021-07-12 00:00:00-04:00,267.90890462422595,268.49430548835454,265.43287101130034,266.14306640625,18931700,0.0,0.0
2021-07-13 00:00:00-04:00,266.3350372176916,271.45023740575635,266.2103012391227,269.6556091308594,26120100,0.0,0.0
2021-07-14 00:00:00-04:00,270.97034639354206,272.2275466221714,269.2428749057434,271.1239013671875,23113700,0.0,0.0
2021-07-15 00:00:00-04:00,270.634489804362,271.12394453030225,268.5519349217963,269.7035827636719,22604200,0.0,0.0
2021-07-16 00:00:00-04:00,270.7016209659572,272.64980384909137,268.19679766614735,269.434814453125,26186800,0.0,0.0
2021-07-19 00:00:00-04:00,267.6882436982978,269.07020954845063,263.38882042015535,265.84564208984375,32935600,0.0,0.0
2021-07-20 00:00:00-04:00,266.8244222536532,269.64593236514037,265.1257699569879,268.06243896484375,26259700,0.0,0.0
2021-07-21 00:00:00-04:00,267.65944319932055,270.1738442376785,266.1143453427813,270.0586853027344,24364300,0.0,0.0
2021-07-22 00:00:00-04:00,272.4003154535662,274.8763494100788,271.9972592293282,274.6076354980469,23384100,0.0,0.0
2021-07-23 00:00:00-04:00,275.78801102778897,278.30241146815854,274.9530796603886,277.9953308105469,22768100,0.0,0.0
2021-07-26 00:00:00-04:00,277.3523564681326,278.01454955841905,275.08748623115633,277.40032958984375,23176100,0.0,0.0
2021-07-27 00:00:00-04:00,277.76499367762403,277.90894231723627,271.54617814543514,274.9914855957031,33604100,0.0,0.0
2021-07-28 00:00:00-04:00,277.3427056762893,278.4559572251852,272.39066780193826,274.6843566894531,33566900,0.0,0.0
2021-07-29 00:00:00-04:00,274.703624957285,276.9877082127005,274.5500699423065,274.9531555175781,18168300,0.0,0.0
2021-07-30 00:00:00-04:00,273.6768072041237,275.10674636640664,272.4675796084261,273.4272766113281,20944800,0.0,0.0
2021-08-02 00:00:00-04:00,274.8187321390319,275.2122112993794,272.3043314785068,273.3408203125,16267400,0.0,0.0
2021-08-03 00:00:00-04:00,273.91665931799884,275.6537080927837,272.5538770462147,275.5481262207031,17879000,0.0,0.0
2021-08-04 00:00:00-04:00,274.68429581934487,275.99907515843944,273.1775654914678,274.9626159667969,16191300,0.0,0.0
2021-08-05 00:00:00-04:00,275.317795323746,277.95696126160766,274.56923306560276,277.85137939453125,13900200,0.0,0.0
2021-08-06 00:00:00-04:00,276.8821288688246,277.83221931412936,276.0279846719422,277.7938232421875,16589300,0.0,0.0
2021-08-09 00:00:00-04:00,278.07213285524966,279.7995752873609,276.2103188203015,276.7093505859375,16117600,0.0,0.0
2021-08-10 00:00:00-04:00,277.1603470550717,277.5922222100292,273.7054629658678,274.8954772949219,18616600,0.0,0.0
2021-08-11 00:00:00-04:00,275.6345110192113,277.0260831007816,274.3389144756151,275.385009765625,13955900,0.0,0.0
2021-08-12 00:00:00-04:00,275.0778410317268,278.28322415990436,274.7995208173079,278.1296691894531,14561300,0.0,0.0
2021-08-13 00:00:00-04:00,277.81300703201526,281.0951532950036,277.64023937005385,281.04718017578125,18249000,0.0,0.0
2021-08-16 00:00:00-04:00,281.37347818942425,282.93778849851935,278.33122675983446,282.7266540527344,22507600,0.0,0.0
2021-08-17 00:00:00-04:00,280.60571955216835,281.6037829881996,279.34848998709674,281.26788330078125,20075300,0.0,0.0
2021-08-18 00:00:00-04:00,280.80642126360254,283.47948483534077,279.1044871600753,279.54681396484375,21813000,0.56,0.0
2021-08-19 00:00:00-04:00,277.5852197511838,286.02748609208663,277.5371547943832,285.3544006347656,29850500,0.0,0.0
2021-08-20 00:00:00-04:00,288.1909033414219,294.07548533155943,286.59475375852804,292.65240478515625,40817600,0.0,0.0
2021-08-23 00:00:00-04:00,291.5851936801916,293.6524859694501,290.23905191116444,292.93133544921875,22830200,0.0,0.0
2021-08-24 00:00:00-04:00,293.287107016583,293.89287816648005,290.3832847329818,290.97943115234375,18175800,0.0,0.0
2021-08-25 00:00:00-04:00,292.5947749618287,292.8736280290071,288.86404781166596,290.39288330078125,20006100,0.0,0.0
2021-08-26 00:00:00-04:00,289.4121138382239,290.7967251675743,287.4506055747187,287.585205078125,17666100,0.0,0.0
2021-08-27 00:00:00-04:00,287.48898771577944,289.29667599402853,285.41207114143054,288.19091796875,22605700,0.0,0.0
2021-08-30 00:00:00-04:00,289.5370889044811,292.51784992119383,289.4793992168539,291.9120788574219,16348100,0.0,0.0
2021-08-31 00:00:00-04:00,292.7102186066526,292.7871284221074,289.9025261716433,290.2679138183594,26285300,0.0,0.0
2021-09-01 00:00:00-04:00,291.2197911507648,293.4505570216653,289.89286956645867,290.21978759765625,18983800,0.0,0.0
2021-09-02 00:00:00-04:00,290.5755767585639,291.69093033858195,288.6332593639689,289.5659484863281,16285600,0.0,0.0
2021-09-03 00:00:00-04:00,289.41214289266503,290.96022807123313,288.71024177108217,289.556396484375,14747900,0.0,0.0
2021-09-07 00:00:00-04:00,289.4313293174563,289.5082391184174,286.7294213995241,288.63323974609375,17180400,0.0,0.0
2021-09-08 00:00:00-04:00,288.2486872778682,289.04674765844067,286.02754588554353,288.6621398925781,15046800,0.0,0.0
2021-09-09 00:00:00-04:00,289.2486315123154,290.51786328819594,285.5755650140941,285.8159484863281,19927000,0.0,0.0
2021-09-10 00:00:00-04:00,286.9409832920089,288.38328426235665,284.01791177587137,284.335205078125,19633400,0.0,0.0
2021-09-13 00:00:00-04:00,286.1043745569801,287.0563129863409,282.767851049367,285.56591796875,23652900,0.0,0.0
2021-09-14 00:00:00-04:00,288.0371068920759,289.7967304480166,286.6332755453167,288.2582702636719,21853400,0.0,0.0
2021-09-15 00:00:00-04:00,291.59476661194844,293.5755240081629,290.21015551156955,293.0947570800781,28356300,0.0,0.0
2021-09-16 00:00:00-04:00,292.0755692493566,293.5659351711585,289.19096732817496,293.4794006347656,19550800,0.0,0.0
2021-09-17 00:00:00-04:00,292.4698499713523,292.78714332382805,288.0083175119213,288.3352355957031,41372500,0.0,0.0
2021-09-20 00:00:00-04:00,284.93146681910554,287.22954804731893,278.3834201099297,282.97955322265625,38278700,0.0,0.0
2021-09-21 00:00:00-04:00,284.31589257468465,286.09473572882166,282.75821272786243,283.4601135253906,22364100,0.0,0.0
2021-09-22 00:00:00-04:00,285.3160036325235,288.6717480113228,283.18139690958066,287.0948181152344,26626300,0.0,0.0
2021-09-23 00:00:00-04:00,287.35436759230095,289.32550004600563,286.08513599744964,288.03704833984375,18604600,0.0,0.0
2021-09-24 00:00:00-04:00,286.7582917069234,288.26787776636394,285.5082799167376,287.835205078125,14999000,0.0,0.0
2021-09-27 00:00:00-04:00,284.7486847699523,285.0659780697312,281.67176431973326,282.8544616699219,23571700,0.0,0.0
2021-09-28 00:00:00-04:00,278.6525686782069,279.59488265396965,271.87376505360436,272.6141357421875,43186200,0.0,0.0
2021-09-29 00:00:00-04:00,274.1333156978042,275.73906084869554,272.123713405147,273.07562255859375,26353700,0.0,0.0
2021-09-30 00:00:00-04:00,274.71987639892257,276.7583238245585,270.7872057817873,271.07568359375,32343600,0.0,0.0
2021-10-01 00:00:00-04:00,271.26797413672585,278.8256468235506,270.4699138080857,277.9794921875,30086300,0.0,0.0
2021-10-04 00:00:00-04:00,276.3448682644361,276.6814110362589,269.4699059701531,272.2198791503906,31350700,0.0,0.0
2021-10-05 00:00:00-04:00,273.12371126636924,279.22945781834716,273.12371126636924,277.6525573730469,24993000,0.0,0.0
2021-10-06 00:00:00-04:00,274.7871740588591,282.3352215175468,274.5275704532508,281.835205078125,28002600,0.0,0.0
2021-10-07 00:00:00-04:00,283.82556353271264,285.2294241243567,282.61405079814455,283.5082702636719,20430500,0.0,0.0
2021-10-08 00:00:00-04:00,284.8255669837104,285.2294241243567,282.4602018561691,283.5082702636719,17685700,0.0,0.0
2021-10-11 00:00:00-04:00,281.65259355026353,286.50832922582435,281.4891198350352,282.9122009277344,19298600,0.0,0.0
2021-10-12 00:00:00-04:00,283.9793785165672,284.07553776176377,281.1044019503828,281.614013671875,17974100,0.0,0.0
2021-10-13 00:00:00-04:00,283.5659070283891,285.844737202723,282.2005162629767,284.91204833984375,23416300,0.0,0.0
2021-10-14 00:00:00-04:00,287.700592428169,291.6044182903468,286.3736707555064,291.10443115234375,27262900,0.0,0.0
2021-10-15 00:00:00-04:00,290.7102062536316,292.73905839342854,288.9602072094581,292.5082702636719,25384800,0.0,0.0
2021-10-18 00:00:00-04:00,291.89287998601975,296.3543824347761,291.04672538099135,295.46978759765625,22729300,0.0,0.0
2021-10-19 00:00:00-04:00,296.489006090617,297.40244575766764,295.4024680074294,296.3736267089844,17682100,0.0,0.0
2021-10-20 00:00:00-04:00,297.3158933508054,297.78706492240235,294.3351323484767,295.58514404296875,16537100,0.0,0.0
2021-10-21 00:00:00-04:00,295.3544015118529,299.0562838093166,294.57553200250277,298.8063049316406,16918100,0.0,0.0
2021-10-22 00:00:00-04:00,298.46020682444515,299.1236677633012,295.96021206072464,297.2679138183594,17449300,0.0,0.0
2021-10-25 00:00:00-04:00,297.4601644586546,297.49863403751334,294.6717215370627,296.2774963378906,17554500,0.0,0.0
2021-10-26 00:00:00-04:00,299.03705370094167,300.3831953408259,296.7293781263278,298.1812744140625,28107300,0.0,0.0
2021-10-27 00:00:00-04:00,303.8446514917653,313.5561478037508,303.8446514917653,310.7388610839844,52588700,0.0,0.0
2021-10-28 00:00:00-04:00,311.854255182052,312.37349166816404,308.9984985239614,311.8735046386719,26297900,0.0,0.0
2021-10-29 00:00:00-04:00,311.6620115299265,319.2292792064878,311.44084815229064,318.8638916015625,34766000,0.0,0.0
2021-11-01 00:00:00-04:00,318.6138519641994,318.7388560634213,313.81580729941845,316.7004089355469,27073200,0.0,0.0
2021-11-02 00:00:00-04:00,317.60429349098206,320.62352433879016,317.30622029819705,320.3158264160156,26487100,0.0,0.0
2021-11-03 00:00:00-04:00,321.05621499337065,322.017749048064,317.93122931561726,321.1523742675781,21500100,0.0,0.0
2021-11-04 00:00:00-04:00,320.08504044542997,323.59463338175044,316.83505110356475,323.49847412109375,23992200,0.0,0.0
2021-11-05 00:00:00-04:00,325.48885700223303,325.75808532637757,321.5561867864097,323.1330871582031,22570100,0.0,0.0
2021-11-08 00:00:00-05:00,324.32538640649415,324.6619291544204,321.57541342152103,324.0273132324219,20897000,0.0,0.0
2021-11-09 00:00:00-05:00,324.1426666918192,325.6907514710201,321.6619222348102,323.0273132324219,21307400,0.0,0.0
2021-11-10 00:00:00-05:00,321.7004723239425,321.7581620227062,317.2293446076053,318.0754699707031,25500900,0.0,0.0
2021-11-11 00:00:00-05:00,318.5081884888974,320.93124399306816,317.79666260497214,319.6427917480469,16849800,0.0,0.0
2021-11-12 00:00:00-05:00,321.07550776917867,324.2581835720779,320.95050363021437,323.7677917480469,23831000,0.0,0.0
2021-11-15 00:00:00-05:00,324.5561561818509,324.88307418193443,321.18116285112575,323.1427001953125,16723000,0.0,0.0
2021-11-16 00:00:00-05:00,322.7677173822912,327.5657918667416,322.60427303916015,326.4504089355469,20886800,0.0,0.0
2021-11-17 00:00:00-05:00,326.4985808420445,329.62928356256526,325.59308293416547,326.6719665527344,19053400,0.62,0.0
2021-11-18 00:00:00-05:00,325.76646969293915,329.87975024868393,324.74538130798175,328.7430419921875,22463500,0.0,0.0
2021-11-19 00:00:00-05:00,330.06278336471644,332.43247631359634,329.6389320213559,330.5155029296875,21963400,0.0,0.0
2021-11-22 00:00:00-05:00,331.9700783843757,336.83472639710845,327.08617509182903,327.35589599609375,31031100,0.0,0.0
2021-11-23 00:00:00-05:00,324.6779107140383,326.98983755172486,321.3160273770026,325.2847900390625,30427600,0.0,0.0
2021-11-24 00:00:00-05:00,323.9362057016911,325.7472014512142,321.65320573565054,325.5063781738281,21661300,0.0,0.0
2021-11-26 00:00:00-05:00,322.07702143466366,325.52559745058403,316.07569544288083,317.57843017578125,24217200,0.0,0.0
2021-11-29 00:00:00-05:00,322.6453479674589,326.58521266563037,322.4526776155602,324.2733154296875,28563500,0.0,0.0
2021-11-30 00:00:00-05:00,323.0114652960252,325.38115820776426,316.9138032094252,318.455078125,42885600,0.0,0.0
2021-12-01 00:00:00-05:00,322.82845444512645,326.82611534101443,317.29916089070014,317.96380615234375,33337600,0.0,0.0
2021-12-02 00:00:00-05:00,318.1757424602907,321.2486502191634,315.76750938263973,317.3954772949219,30766000,0.0,0.0
2021-12-03 00:00:00-05:00,319.80373645372526,320.4876958696685,306.35617008269014,311.15338134765625,41779300,0.0,0.0
2021-12-06 00:00:00-05:00,312.05881608344686,315.43034198292435,307.512071408828,314.2165832519531,30032600,0.0,0.0
2021-12-07 00:00:00-05:00,319.46655926353213,323.47383295914125,317.98307955857507,322.62615966796875,31021900,0.0,0.0
2021-12-08 00:00:00-05:00,323.00186310702526,323.18489117960274,318.6574010643354,322.6743469238281,24761000,0.0,0.0
2021-12-09 00:00:00-05:00,322.1348670016077,324.13850382611764,319.92891744874584,320.8729553222656,22214200,0.0,0.0
2021-12-10 00:00:00-05:00,322.68390724843727,330.40950670555475,322.50087922237924,329.9664001464844,38095700,0.0,0.0
2021-12-13 00:00:00-05:00,328.17463366758005,331.1704900151728,326.63335907507167,326.9416198730469,28899400,0.0,0.0
2021-12-14 00:00:00-05:00,320.9885338086704,322.3564229704473,312.2129182210804,316.28765869140625,44438700,0.0,0.0
2021-12-15 00:00:00-05:00,316.54772931653724,322.8862143337398,312.5886088133381,322.36602783203125,35381100,0.0,0.0
2021-12-16 00:00:00-05:00,323.3871030361662,324.39857838163,311.1629118249928,312.9739074707031,35034800,0.0,0.0
2021-12-17 00:00:00-05:00,309.10147689497717,312.99318902693045,305.6047184390456,311.9142761230469,47750300,0.0,0.0
2021-12-20 00:00:00-05:00,308.30192948085835,310.95098537340476,305.9129815266249,308.1670837402344,28326500,0.0,0.0
2021-12-21 00:00:00-05:00,311.42301196127266,315.7000353671043,308.061099295699,315.27618408203125,24740600,0.0,0.0
2021-12-22 00:00:00-05:00,316.24913921677904,321.36422365049356,313.7927533668709,320.96929931640625,24831500,0.0,0.0
2021-12-23 00:00:00-05:00,320.5357502177873,324.0421508973986,320.5164949405719,322.404541015625,19617800,0.0,0.0
2021-12-27 00:00:00-05:00,323.1463513287964,329.9086888818995,323.1174537066625,329.8797912597656,19947000,0.0,0.0
2021-12-28 00:00:00-05:00,330.5540058070814,331.18978275080303,327.827899397402,328.7237548828125,15661500,0.0,0.0
2021-12-29 00:00:00-05:00,328.7718768270416,331.6617557188024,327.2113469290697,329.3980407714844,15042000,0.0,0.0
2021-12-30 00:00:00-05:00,329.3595803926416,330.53479926844375,326.38300794269304,326.8646545410156,15994500,0.0,0.0
2021-12-31 00:00:00-05:00,326.0843148981623,326.90309041033254,323.52195205286245,323.9747009277344,18000800,0.0,0.0
2022-01-03 00:00:00-05:00,323.04038414975616,325.5931052791262,317.67483390975656,322.46240234375,28865100,0.0,0.0
2022-01-04 00:00:00-05:00,322.5394184991603,322.89586164300437,314.1491437576021,316.9330749511719,32674300,0.0,0.0
2022-01-05 00:00:00-05:00,313.89866197929246,314.1009746877151,304.3813512536725,304.76666259765625,40054300,0.0,0.0
2022-01-06 00:00:00-05:00,301.65527533473295,307.0015705102463,300.0562050121712,302.3584899902344,39646100,0.0,0.0
2022-01-07 00:00:00-05:00,302.61855190067536,304.88229679267107,298.7075838733872,302.5126037597656,32720000,0.0,0.0
2022-01-10 00:00:00-05:00,298.1295306229004,303.16756341784094,293.5057361453158,302.73406982421875,44289500,0.0,0.0
2022-01-11 00:00:00-05:00,301.87678551872176,304.98820330544083,298.5149021278563,303.4180603027344,29386800,0.0,0.0
2022-01-12 00:00:00-05:00,307.93588346156525,311.538589841844,305.44092874443083,306.5872497558594,34372200,0.0,0.0
2022-01-13 00:00:00-05:00,308.7065406516053,309.1014943499301,292.84110213316677,293.6117248535156,45366000,0.0,0.0
2022-01-14 00:00:00-05:00,293.08187190999695,299.4107134713591,292.60022544835357,298.8134765625,39846400,0.0,0.0
2022-01-18 00:00:00-05:00,292.9086305265306,298.42828288164026,290.6641404471068,291.5407409667969,42333200,0.0,0.0
2022-01-19 00:00:00-05:00,295.0470782257124,302.3873676008085,291.58885921501854,292.1957092285156,45933900,0.0,0.0
2022-01-20 00:00:00-05:00,297.72500596711825,300.21028923440434,290.0860987267936,290.5292053222656,35380700,0.0,0.0
2022-01-21 00:00:00-05:00,291.5792327867731,292.9470927232566,284.7591001939449,285.1636962890625,57984400,0.0,0.0
2022-01-24 00:00:00-05:00,281.4743247041222,286.20406911697694,265.9171138006452,285.4912414550781,85731500,0.0,0.0
2022-01-25 00:00:00-05:00,280.8192289411712,284.1618575908213,274.7023405114224,277.90045166015625,72848600,0.0,0.0
2022-01-26 00:00:00-05:00,296.68467202710303,297.1759609807795,282.27381356056463,285.8187255859375,90428900,0.0,0.0
2022-01-27 00:00:00-05:00,291.5502640782282,296.01992832954136,286.9938775868818,288.8337707519531,53481300,0.0,0.0
2022-01-28 00:00:00-05:00,289.2095796185567,297.15674993645587,283.64174510506314,296.94482421875,49743700,0.0,0.0
2022-01-31 00:00:00-05:00,297.6094269927924,300.91351540352434,295.124114232146,299.5649108886719,46444500,0.0,0.0
2022-02-01 00:00:00-05:00,299.01581936187534,299.2277450230752,293.9296328904505,297.4263916015625,40950400,0.0,0.0
2022-02-02 00:00:00-05:00,298.26442751039235,303.55289687211734,297.5419577332225,301.9538269042969,36636000,0.0,0.0
2022-02-03 00:00:00-05:00,298.12954152402045,299.80569133626227,288.9493603987936,290.1920166015625,43730000,0.0,0.0
2022-02-04 00:00:00-05:00,289.1902496798736,297.4649349215722,288.95906871396625,294.7099304199219,35096500,0.0,0.0
2022-02-07 00:00:00-05:00,294.931467433284,296.5401504808717,288.89160075762936,289.903076171875,28533300,0.0,0.0
2022-02-08 00:00:00-05:00,290.1920562811641,294.34384733210226,288.9397869673649,293.38055419921875,32421200,0.0,0.0
2022-02-09 00:00:00-05:00,298.4956287595179,300.4800101974915,296.10668068130565,299.78643798828125,31284700,0.0,0.0
2022-02-10 00:00:00-05:00,292.8796487217257,297.77316484125447,289.66225322547234,291.28057861328125,45386200,0.0,0.0
2022-02-11 00:00:00-05:00,292.06082398149493,293.12045222250043,283.4200840938403,284.2099914550781,39175600,0.0,0.0
2022-02-14 00:00:00-05:00,282.98652594700707,285.86679151785575,280.655373745601,284.17138671875,36359500,0.0,0.0
2022-02-15 00:00:00-05:00,288.9975672412042,289.7585476106749,286.11730093278925,289.440673828125,27058300,0.0,0.0
2022-02-16 00:00:00-05:00,288.0120371225755,290.42524925713894,283.484848801482,289.1028137207031,29982100,0.62,0.0
2022-02-17 00:00:00-05:00,286.0718591090062,286.4965868814694,279.9326604203937,280.6373291015625,32461600,0.0,0.0
2022-02-18 00:00:00-05:00,282.87676387601726,283.65864238707985,276.3707522552186,277.93450927734375,34264000,0.0,0.0
2022-02-22 00:00:00-05:00,275.106174591051,281.4191455825817,274.6235321794877,277.73175048828125,41736100,0.0,0.0
2022-02-23 00:00:00-05:00,280.10638276693766,281.5736347601143,270.37632332672223,270.5404052734375,37811200,0.0,0.0
2022-02-24 00:00:00-05:00,263.04977493259855,284.913470148122,262.0941229321313,284.3632507324219,56989700,0.0,0.0
2022-02-25 00:00:00-05:00,284.8941789810283,287.2977287820881,281.5253148914239,286.98883056640625,32546700,0.0,0.0
2022-02-28 00:00:00-05:00,284.0930536775572,288.7553971784616,282.82853256098537,288.41754150390625,34627500,0.0,0.0
2022-03-01 00:00:00-05:00,286.11036896705997,289.5564422929051,282.00790913862056,284.7107238769531,31217800,0.0,0.0
2022-03-02 00:00:00-05:00,285.10660764686014,291.00451522918104,283.5042602217041,289.7689514160156,31873000,0.0,0.0
2022-03-03 00:00:00-05:00,292.37516228556973,292.60682123875046,283.84201770674827,285.6471252441406,27314500,0.0,0.0
2022-03-04 00:00:00-05:00,284.07375111161906,285.3961869424116,277.20092613588724,279.7975158691406,32356500,0.0,0.0
2022-03-07 00:00:00-05:00,278.5136040383842,279.63333786848386,268.8607566666478,269.2275695800781,43157200,0.0,0.0
2022-03-08 00:00:00-05:00,268.1561834951562,274.10234312414246,260.6269716528933,266.2738952636719,48159500,0.0,0.0
2022-03-09 00:00:00-05:00,273.6003111924272,279.54646877210064,271.0326502290579,278.4846496582031,35204500,0.0,0.0
2022-03-10 00:00:00-05:00,273.194900626514,276.6506367973392,270.83960329634476,275.6756896972656,30628000,0.0,0.0
2022-03-11 00:00:00-05:00,277.9633709204393,279.4595798639488,269.7294936979138,270.3472900390625,27209300,0.0,0.0
2022-03-14 00:00:00-04:00,270.6079274452205,275.49226599874805,266.244850912999,266.84332275390625,30660700,0.0,0.0
2022-03-15 00:00:00-04:00,270.6176534268287,277.8283334961411,269.0538964529326,277.18157958984375,34245100,0.0,0.0
2022-03-16 00:00:00-04:00,279.0735246270153,284.34400179367987,273.3687163552092,284.1702575683594,37826300,0.0,0.0
2022-03-17 00:00:00-04:00,283.1084122705425,285.3478508163391,279.32448255840876,284.9714050292969,30816600,0.0,0.0
2022-03-18 00:00:00-04:00,285.11611983453963,290.5506770792596,282.5677836993247,290.0004577636719,43390600,0.0,0.0
2022-03-21 00:00:00-04:00,288.51398088334355,289.7205868535309,284.6624745949612,288.77459716796875,28351200,0.0,0.0
2022-03-22 00:00:00-04:00,289.39242369934766,294.4119173522232,288.39818135350095,293.5045471191406,27599700,0.0,0.0
2022-03-23 00:00:00-04:00,290.0777796338965,292.7033557846491,287.3846264690427,289.0931701660156,25715400,0.0,0.0
2022-03-24 00:00:00-04:00,288.7552868316787,293.63962518446135,287.9637462870707,293.5430908203125,24484500,0.0,0.0
2022-03-25 00:00:00-04:00,294.6339351738191,294.8945515047454,288.9001402281707,293.1377258300781,22566500,0.0,0.0
2022-03-28 00:00:00-04:00,293.7651722801995,300.01056743386323,293.7651722801995,299.9140625,29578200,0.0,0.0
2022-03-29 00:00:00-04:00,303.01264366587003,304.85634170771465,298.3213428484819,304.4605712890625,30393400,0.0,0.0
2022-03-30 00:00:00-04:00,302.86778951334975,304.9817657302456,300.76344611358445,302.96429443359375,28163600,0.0,0.0
2022-03-31 00:00:00-04:00,303.0029338565664,304.19990720218783,297.20159145457893,297.60699462890625,33422100,0.0,0.0
2022-04-01 00:00:00-04:00,298.6301848769681,299.36381082776825,294.9331566706007,298.678466796875,27110500,0.0,0.0
2022-04-04 00:00:00-04:00,299.3252319683475,304.17095222292346,298.95841894296694,304.03582763671875,24289600,0.0,0.0
2022-04-05 00:00:00-04:00,302.3947533501223,303.9392148944746,299.11279097971965,300.0877380371094,23156700,0.0,0.0
2022-04-06 00:00:00-04:00,294.59528689562205,296.3424501243935,286.4096607302466,289.1028137207031,40110400,0.0,0.0
2022-04-07 00:00:00-04:00,286.3614444787001,293.10877703347046,286.06220849283096,290.9079284667969,31411200,0.0,0.0
2022-04-08 00:00:00-04:00,290.01015328183416,290.6665398433151,285.99456517806084,286.6606140136719,24361900,0.0,0.0
2022-04-11 00:00:00-04:00,281.66058054967533,282.4520920361288,275.10628570511585,275.3572692871094,34569300,0.0,0.0
2022-04-12 00:00:00-04:00,279.1990504337595,280.64697807098315,270.75280588328843,272.268310546875,30966700,0.0,0.0
2022-04-13 00:00:00-04:00,272.91496579941685,278.56185797543264,271.53458622971164,277.63519287109375,21907200,0.0,0.0
2022-04-14 00:00:00-04:00,278.088924351685,278.3012882088098,269.6233863517897,270.11566162109375,28221600,0.0,0.0
2022-04-18 00:00:00-04:00,269.2276132247998,272.65436281401867,268.67739376545774,270.7817077636719,20778000,0.0,0.0
2022-04-19 00:00:00-04:00,269.6813419887161,276.2356357266572,268.74501431186735,275.39581298828125,22297700,0.0,0.0
2022-04-20 00:00:00-04:00,279.35345023812204,279.6430533893089,275.4633531849248,276.4189758300781,22906700,0.0,0.0
2022-04-21 00:00:00-04:00,278.56192980216474,283.11807613900845,270.33771228198214,271.0616760253906,29454600,0.0,0.0
2022-04-22 00:00:00-04:00,271.901421279217,273.3686730601937,263.8895690490661,264.5169982910156,29405800,0.0,0.0
2022-04-25 00:00:00-04:00,263.8027323682706,271.351238292918,261.3701954398088,270.97479248046875,35678900,0.0,0.0
2022-04-26 00:00:00-04:00,267.8665361916543,268.69666699273034,260.6269000783663,260.8392639160156,46518400,0.0,0.0
2022-04-27 00:00:00-04:00,272.30700766189517,280.8690841456888,269.4690663289757,273.38812255859375,63477700,0.0,0.0
2022-04-28 00:00:00-04:00,275.28963271284965,280.8786411356231,271.689109042136,279.57550048828125,33646600,0.0,0.0
2022-04-29 00:00:00-04:00,278.59080716587056,279.8167376058599,266.9012234193171,267.88580322265625,37073900,0.0,0.0
2022-05-02 00:00:00-04:00,268.0692391635906,275.0482590184196,266.6309742081337,274.5945739746094,35151100,0.0,0.0
2022-05-03 00:00:00-04:00,274.10233066665234,274.26644208441866,270.4245970349058,271.9980163574219,25978600,0.0,0.0
2022-05-04 00:00:00-04:00,272.77983068105766,280.7820499971457,267.1232758393873,279.9132995605469,33599300,0.0,0.0
2022-05-05 00:00:00-04:00,275.627519716172,276.40939830190524,264.8163146554661,267.7218322753906,43260400,0.0,0.0
2022-05-06 00:00:00-04:00,265.2699283325795,269.5557954403699,261.85281170163194,265.1927185058594,37780300,0.0,0.0
2022-05-09 00:00:00-04:00,260.68488387718264,262.9050277568733,254.17887192626353,255.39511108398438,47726000,0.0,0.0
2022-05-10 00:00:00-04:00,262.25826345033016,264.24674803781596,255.86808196451094,260.144287109375,39336400,0.0,0.0
2022-05-11 00:00:00-04:00,256.45690628213566,261.939717895706,250.29838339965534,251.50498962402344,48975900,0.0,0.0
2022-05-12 00:00:00-04:00,248.74425187403014,250.85822802261495,241.3405189455736,246.48548889160156,51033800,0.0,0.0
2022-05-13 00:00:00-04:00,248.41604745652157,253.90852028725288,246.48547786985057,252.05516052246094,34925100,0.0,0.0
2022-05-16 00:00:00-04:00,250.93552594587212,256.59211239189864,246.90064098270534,252.4220733642578,32550900,0.0,0.0
2022-05-17 00:00:00-04:00,256.87196899135023,259.0149028011125,253.34868474571135,257.5573425292969,28828800,0.0,0.0
2022-05-18 00:00:00-04:00,254.4612355715473,255.04176140596195,244.56337491481253,245.83084106445312,31356000,0.62,0.0
2022-05-19 00:00:00-04:00,245.65667612599017,249.30429522500646,243.70226967132928,244.92135620117188,32692300,0.0,0.0
2022-05-20 00:00:00-04:00,248.8882631085942,250.14607414733115,238.4389150078695,244.36021423339844,39199300,0.0,0.0
2022-05-23 00:00:00-04:00,247.1950702704872,253.00993966850874,245.2019394152582,252.18753051757812,33175400,0.0,0.0
2022-05-24 00:00:00-04:00,249.51719568368034,252.84548332147156,245.2697100042458,251.19100952148438,29043900,0.0,0.0
2022-05-25 00:00:00-04:00,249.75905520569623,255.9899423675997,248.78183714380614,253.996826171875,28547900,0.0,0.0
2022-05-26 00:00:00-04:00,253.7549092585627,258.43776617311875,252.9421849537325,257.2670593261719,25002100,0.0,0.0
2022-05-27 00:00:00-04:00,259.7632762741946,264.4654725864212,258.8731329025277,264.36871337890625,26910800,0.0,0.0
2022-05-31 00:00:00-04:00,263.6817882645863,265.8490529082615,260.1986632824182,263.043212890625,37827700,0.0,0.0
2022-06-01 00:00:00-04:00,266.2651808958061,268.67432940880065,261.27270543224773,263.575439453125,25292200,0.0,0.0
2022-06-02 00:00:00-04:00,255.86416618600398,265.73298709587516,253.10669066458044,265.6652526855469,44008200,0.0,0.0
2022-06-03 00:00:00-04:00,261.53385823484007,264.571926206195,259.6955513321792,261.2532653808594,28059000,0.0,0.0
2022-06-06 00:00:00-04:00,263.2270376292287,265.27820295854366,258.5441812387559,260.0245056152344,22400300,0.0,0.0
2022-06-07 00:00:00-04:00,257.9830710374571,264.26235216439045,257.30578597515415,263.6528015136719,22860700,0.0,0.0
2022-06-08 00:00:00-04:00,262.88842705123176,264.13655309709793,260.85660150666956,261.6306457519531,17372300,0.0,0.0
2022-06-09 00:00:00-04:00,259.08602995149107,263.8559613723618,256.0383063846379,256.193115234375,26439700,0.0,0.0
2022-06-10 00:00:00-04:00,252.11980426463842,252.11980426463842,244.33117332105226,244.7762451171875,31422800,0.0,0.0
2022-06-13 00:00:00-04:00,237.15206786424903,240.93512629318718,233.6882971691395,234.39459228515625,46135800,0.0,0.0
2022-06-14 00:00:00-04:00,235.94261923059773,237.76158615878145,233.66891057036807,236.5521697998047,28651500,0.0,0.0
2022-06-15 00:00:00-04:00,240.24814951336052,247.01121141715927,238.41951248541616,243.5861358642578,33111700,0.0,0.0
2022-06-16 00:00:00-04:00,237.99380474825406,239.38705487358806,235.12991483585378,237.0166015625,33169200,0.0,0.0
2022-06-17 00:00:00-04:00,236.75535358790026,242.3670486857971,236.10710816342058,239.6095733642578,43084800,0.0,0.0
2022-06-21 00:00:00-04:00,242.13486575130284,246.47909535720655,241.40921581403924,245.50189208984375,29928300,0.0,0.0
2022-06-22 00:00:00-04:00,243.71189010136848,248.82047799331224,242.24123578757585,244.91163635253906,25939900,0.0,0.0
2022-06-23 00:00:00-04:00,247.27243437521878,250.94904823926845,245.39541785280727,250.45559692382812,25861400,0.0,0.0
2022-06-24 00:00:00-04:00,253.3098818853851,259.2795751254641,253.22280743470034,259.0086669921875,33923200,0.0,0.0
2022-06-27 00:00:00-04:00,259.50207429528484,259.589148741076,254.73214265073585,256.2898864746094,24615100,0.0,0.0
2022-06-28 00:00:00-04:00,255.40942252018837,258.2442876848407,247.99811473013298,248.15292358398438,27295500,0.0,0.0
2022-06-29 00:00:00-04:00,249.22689953422443,253.4647001181268,247.4563118212705,251.8102264404297,20069800,0.0,0.0
2022-06-30 00:00:00-04:00,248.70438985080898,251.10388274506582,244.68913309560924,248.4915313720703,31730900,0.0,0.0
2022-07-01 00:00:00-04:00,248.0658334178518,251.33607059535083,246.343610863831,251.15223693847656,22837700,0.0,0.0
2022-07-05 00:00:00-04:00,247.84330176827007,254.44188511131125,246.46940643072733,254.31610107421875,22941000,0.0,0.0
2022-07-06 00:00:00-04:00,255.18686285339652,259.2891938730712,253.88068722348527,257.5669860839844,23824400,0.0,0.0
2022-07-07 00:00:00-04:00,256.5124052718838,260.32448856109585,256.4156460435075,259.6859130859375,20859900,0.0,0.0
2022-07-08 00:00:00-04:00,256.1930944319359,259.395626588486,254.74179480110894,258.96990966796875,19658800,0.0,0.0
2022-07-11 00:00:00-04:00,257.0252138128929,257.8766478364502,253.66787209945863,255.9222412109375,19455200,0.0,0.0
2022-07-12 00:00:00-04:00,257.2476978512468,257.3057474734128,243.8570289175313,245.43411254882812,35868500,0.0,0.0
2022-07-13 00:00:00-04:00,242.06714149558593,245.31805374321544,240.05467060292142,244.51499938964844,29497400,0.0,0.0
2022-07-14 00:00:00-04:00,242.4348047942675,246.85642391031848,237.95512128406688,245.83084106445312,25102800,0.0,0.0
2022-07-15 00:00:00-04:00,247.41756820782146,251.91659126646923,246.4984147054872,248.38510131835938,29774100,0.0,0.0
2022-07-18 00:00:00-04:00,251.3167481398981,252.3713557823353,245.07616196648328,245.9953155517578,20975000,0.0,0.0
2022-07-19 00:00:00-04:00,249.21716520404595,251.28770022998475,245.44379198460823,251.10386657714844,25012600,0.0,0.0
2022-07-20 00:00:00-04:00,251.46187956720985,256.2705208821731,250.50403112190256,253.7549285888672,22788300,0.0,0.0
2022-07-21 00:00:00-04:00,251.35542487841855,256.2898494477531,248.68502415287526,256.241455078125,22404700,0.0,0.0
2022-07-22 00:00:00-04:00,256.6285190592783,256.71559351171373,250.6588552259502,251.90695190429688,21881300,0.0,0.0
2022-07-25 00:00:00-04:00,252.52616526089446,253.00993186101113,248.4721987897753,250.42660522460938,21056000,0.0,0.0
2022-07-26 00:00:00-04:00,251.42314353761344,251.44251309723307,241.46724894665664,243.72158813476562,39348000,0.0,0.0
2022-07-27 00:00:00-04:00,252.68100307171994,261.2823588535323,250.4460034852064,260.014892578125,45994000,0.0,0.0
2022-07-28 00:00:00-04:00,260.9920476929204,268.81938674780196,259.17308078267786,267.4358215332031,33459300,0.0,0.0
2022-07-29 00:00:00-04:00,268.6839646557535,272.8443453449876,267.64869711004144,271.625244140625,32152800,0.0,0.0
2022-08-01 00:00:00-04:00,268.8000835642348,272.14774020428075,266.8843571782586,268.9839172363281,21539600,0.0,0.0
2022-08-02 00:00:00-04:00,267.0391429404589,268.8677947225736,263.53667774646465,265.8974609375,22754200,0.0,0.0
2022-08-03 00:00:00-04:00,267.77446660635644,274.29563016416313,267.6293130218933,273.299072265625,23518900,0.0,0.0
2022-08-04 00:00:00-04:00,272.6507928732396,274.58585891074097,271.0737388551581,274.44073486328125,18098700,0.0,0.0
2022-08-05 00:00:00-04:00,270.08685858100347,274.4407575248996,269.63211684357026,273.72479248046875,16774600,0.0,0.0
2022-08-08 00:00:00-04:00,274.8277823787597,276.63709419104765,270.25136942756865,271.2189025878906,18739200,0.0,0.0
2022-08-09 00:00:00-04:00,270.5610309152516,273.8893183608111,268.59690993620944,273.1346435546875,23405200,0.0,0.0
2022-08-10 00:00:00-04:00,278.81403276129174,280.40077172746834,277.62395639158353,279.7718811035156,24687800,0.0,0.0
2022-08-11 00:00:00-04:00,281.40705441673725,281.75535221728916,277.2079636139316,277.7013854980469,20065900,0.0,0.0
2022-08-12 00:00:00-04:00,279.11395527145453,282.4325866699219,277.62394605155976,282.4325866699219,22619700,0.0,0.0
2022-08-15 00:00:00-04:00,281.55220801909235,284.62895702029766,280.69108915504796,283.9420166015625,18085700,0.0,0.0
2022-08-16 00:00:00-04:00,282.5099789943521,284.49343955539996,280.99097447536275,283.20660400390625,18102900,0.0,0.0
2022-08-17 00:00:00-04:00,280.9280886741136,284.42831264174936,280.6663108728771,282.4600524902344,18253400,0.62,0.0
2022-08-18 00:00:00-04:00,281.36441282325103,283.0321034033775,280.2881560238518,281.34503173828125,17186200,0.0,0.0
2022-08-19 00:00:00-04:00,280.1136602196925,280.45302156557796,276.87524340040335,277.4472961425781,20570000,0.0,0.0
2022-08-22 00:00:00-04:00,273.50097022350445,273.869417859233,268.7887936345998,269.30267333984375,25061100,0.0,0.0
2022-08-23 00:00:00-04:00,268.0325927734375,270.3789763942887,267.0242141584032,268.0325927734375,17527400,0.0,0.0
2022-08-24 00:00:00-04:00,267.0339265183886,268.79858174374715,266.74303270034477,267.4023742675781,18137000,0.0,0.0
2022-08-25 00:00:00-04:00,268.89550229541334,270.5341064037505,266.170965672793,270.3692932128906,16583400,0.0,0.0
2022-08-26 00:00:00-04:00,270.59230474229855,271.813993730699,259.82991359676106,259.9365539550781,27549300,0.0,0.0
2022-08-29 00:00:00-04:00,257.76465225492166,259.2674999332414,255.82547868834627,257.16351318359375,20338500,0.0,0.0
2022-08-30 00:00:00-04:00,258.5597272905954,258.928145422764,252.7325011017951,254.9722442626953,22767100,0.0,0.0
2022-08-31 00:00:00-04:00,257.3186614112336,258.986322342565,253.38211168370708,253.5178680419922,24791800,0.0,0.0
2022-09-01 00:00:00-04:00,250.99694103030285,252.95552538819916,247.64217884234645,252.48040771484375,23263400,0.0,0.0
2022-09-02 00:00:00-04:00,253.74089939007345,256.68842221316766,246.7307755662362,248.2724151611328,22855400,0.0,0.0
2022-09-06 00:00:00-04:00,248.408159830305,249.98856152174304,244.27771043015858,245.54786682128906,21328200,0.0,0.0
2022-09-07 00:00:00-04:00,246.95376285633063,250.9581464072949,245.5187784892074,250.24066162109375,24126700,0.0,0.0
2022-09-08 00:00:00-04:00,249.6783301329259,252.5095072886724,247.04103780727314,250.6575927734375,20319900,0.0,0.0
2022-09-09 00:00:00-04:00,252.5774356163435,257.1635931801204,252.3738306135605,256.4169921875,22084700,0.0,0.0
2022-09-12 00:00:00-04:00,257.6968083589195,259.316031521762,257.09566920762467,258.54034423828125,18747700,0.0,0.0
2022-09-13 00:00:00-04:00,250.96787929490384,252.48043254990552,243.93837399962155,244.3262176513672,33353300,0.0,0.0
2022-09-14 00:00:00-04:00,245.8193507310912,246.49805856116708,242.26096879830945,244.5491943359375,23913000,0.0,0.0
2022-09-15 00:00:00-04:00,242.1737221928397,243.75413876662034,236.59859756302296,237.917236328125,31530900,0.0,0.0
2022-09-16 00:00:00-04:00,236.8312795525679,237.83965816543386,234.69819143342704,237.29669189453125,39791800,0.0,0.0
2022-09-19 00:00:00-04:00,235.09571807800603,237.68451311918642,233.5249921595804,237.0833740234375,26826900,0.0,0.0
2022-09-20 00:00:00-04:00,234.7079067620096,236.10409946317117,232.35180291402574,235.0763397216797,26660300,0.0,0.0
2022-09-21 00:00:00-04:00,236.84099440441966,240.12789337863492,231.634302730604,231.6827850341797,28625600,0.0,0.0
2022-09-22 00:00:00-04:00,230.6356309055808,236.44346175605514,230.3447666716902,233.6510467529297,31061200,0.0,0.0
2022-09-23 00:00:00-04:00,232.2548385862269,233.79649299504186,228.0468350078117,230.68411254882812,34176000,0.0,0.0
2022-09-26 00:00:00-04:00,229.84056473429231,234.106740937524,229.69511783060327,230.2283935546875,27694200,0.0,0.0
2022-09-27 00:00:00-04:00,232.6814181358912,234.44607307695438,227.36808702511772,229.22000122070312,27018700,0.0,0.0
2022-09-28 00:00:00-04:00,229.60789224789139,234.96001656386545,227.5911495376008,233.73834228515625,29029700,0.0,0.0
2022-09-29 00:00:00-04:00,231.6245958212714,232.652355487679,227.28085099175377,230.27687072753906,27484200,0.0,0.0
2022-09-30 00:00:00-04:00,231.0428450141116,233.224415436406,225.65194447106404,225.8167724609375,35694800,0.0,0.0
2022-10-03 00:00:00-04:00,228.25042054527364,234.26185544099243,227.52323048220958,233.41831970214844,28880400,0.0,0.0
2022-10-04 00:00:00-04:00,237.63603337433412,242.74576012730563,237.529378230904,241.31077575683594,34888400,0.0,0.0
2022-10-05 00:00:00-04:00,238.50866730601555,242.95906726147314,236.67614880702004,241.62103271484375,20347100,0.0,0.0
2022-10-06 00:00:00-04:00,240.38963003439332,242.72633759632842,238.5959034669409,239.2843017578125,20239900,0.0,0.0
2022-10-07 00:00:00-04:00,233.57346497384196,233.98070446797666,226.07856280672056,227.11602783203125,37769600,0.0,0.0
2022-10-10 00:00:00-04:00,225.96225028205052,227.426321306338,219.83445342266862,222.27781677246094,29743600,0.0,0.0
2022-10-11 00:00:00-04:00,220.69737480208315,222.09358236444308,217.29412996487275,218.55459594726562,30474000,0.0,0.0
2022-10-12 00:00:00-04:00,218.54487025171542,220.93006041435294,217.14867761413385,218.8842315673828,21903900,0.0,0.0
2022-10-13 00:00:00-04:00,213.163673728378,228.91945995498912,212.46557001660585,227.11602783203125,42551800,0.0,0.0
2022-10-14 00:00:00-04:00,228.37649233923707,230.02480190806705,221.3954696052538,221.60877990722656,30198600,0.0,0.0
2022-10-17 00:00:00-04:00,228.64798396705297,231.6924861628052,227.98865719878884,230.30596923828125,28142300,0.0,0.0
2022-10-18 00:00:00-04:00,235.84230688122926,236.5113093692739,228.21164843552518,231.2464599609375,26329600,0.0,0.0
2022-10-19 00:00:00-04:00,229.83085382652337,232.3226990610641,227.1644900654512,229.2878875732422,19985700,0.0,0.0
2022-10-20 00:00:00-04:00,228.59946261864803,233.97096647906852,227.7268257033532,228.9678955078125,21811000,0.0,0.0
2022-10-21 00:00:00-04:00,227.6008072431659,235.6095887613836,227.3681010886603,234.75634765625,26299700,0.0,0.0
2022-10-24 00:00:00-04:00,236.34648327507583,240.30239936572295,233.96130792884753,239.7303466796875,24911200,0.0,0.0
2022-10-25 00:00:00-04:00,239.74004733273168,243.40508456640856,238.3535451916917,243.03665161132812,34775500,0.0,0.0
2022-10-26 00:00:00-04:00,224.13940416091688,231.05256356203466,223.06316209926047,224.28485107421875,82543200,0.0,0.0
2022-10-27 00:00:00-04:00,224.01335747357737,226.58277171119522,218.9133355552526,219.8538360595703,40424600,0.0,0.0
2022-10-28 00:00:00-04:00,219.3593305055409,229.40425069094275,219.17510664004706,228.69644165039062,40647700,0.0,0.0
2022-10-31 00:00:00-04:00,226.65059150006238,227.77531567159568,224.11996951147225,225.07017517089844,28357300,0.0,0.0
2022-11-01 00:00:00-04:00,227.46508792727667,228.57041637850017,220.41618716835114,221.2306365966797,30592300,0.0,0.0
2022-11-02 00:00:00-04:00,222.4813683867194,224.26540434550384,213.34784874799206,213.40603637695312,38407000,0.0,0.0
2022-11-03 00:00:00-04:00,213.3963618064245,213.70663669340686,207.4721856849331,207.73397827148438,36633900,0.0,0.0
2022-11-04 00:00:00-04:00,210.9336199205367,214.85074424296624,206.93891208084915,214.65682983398438,36789100,0.0,0.0
2022-11-07 00:00:00-05:00,215.23858262395112,221.46332820770985,214.5501694748692,220.9397430419922,33498000,0.0,0.0
2022-11-08 00:00:00-05:00,221.74450429023085,224.6047824698309,218.97148537429405,221.90933227539062,28192500,0.0,0.0
2022-11-09 00:00:00-05:00,220.45499578460004,221.6766848972125,217.5074577563998,217.68197631835938,27852900,0.0,0.0
2022-11-10 00:00:00-05:00,228.2698410290553,235.92958655895382,227.8529257557349,235.59022521972656,46268000,0.0,0.0
2022-11-11 00:00:00-05:00,235.59992645228266,240.4478609583566,234.5721519094285,239.59461975097656,34620200,0.0,0.0
2022-11-14 00:00:00-05:00,234.63032541196574,236.491930374749,231.9348751725974,234.20370483398438,31123300,0.0,0.0
2022-11-15 00:00:00-05:00,238.1886937504624,239.48793649488397,232.72991540292844,234.6109161376953,31390100,0.0,0.0
2022-11-16 00:00:00-05:00,236.06936750623152,237.05141937467573,233.76497579414,235.03871154785156,24093300,0.68,0.0
2022-11-17 00:00:00-05:00,231.19811815212495,236.51670674245554,231.05227616886512,234.9901580810547,23123500,0.0,0.0
2022-11-18 00:00:00-05:00,236.7694511962655,236.9930953021771,232.41346518460608,234.5428466796875,27613500,0.0,0.0
2022-11-21 00:00:00-05:00,234.74703599252672,237.8973557920272,234.51368886128466,235.34988403320312,26394700,0.0,0.0
2022-11-22 00:00:00-05:00,236.8472486173572,238.51963895713513,234.04697919434565,238.2473907470703,19665700,0.0,0.0
2022-11-23 00:00:00-05:00,238.32517685687512,241.40742716232413,237.50843223083618,240.726806640625,19508500,0.0,0.0
2022-11-25 00:00:00-05:00,240.46428755240743,241.81581080755163,239.9003405690243,240.63931274414062,9200800,0.0,0.0
2022-11-28 00:00:00-05:00,239.26832798344634,239.82254225297007,234.1344834195783,235.06790161132812,24778200,0.0,0.0
2022-11-29 00:00:00-05:00,234.71786413074798,236.06938731272962,231.61617814466862,233.677490234375,17956300,0.0,0.0
2022-11-30 00:00:00-05:00,233.910875092645,248.26230347666475,233.2205218203915,248.0775604248047,47594200,0.0,0.0
2022-12-01 00:00:00-05:00,246.84269045988094,249.03040883628205,243.97435155588244,247.63999938964844,26041500,0.0,0.0
2022-12-02 00:00:00-05:00,242.90484887721385,248.97211266889659,242.77844260274807,247.96090698242188,21528500,0.0,0.0
2022-12-05 00:00:00-05:00,245.0341875954859,246.79409803519974,241.19352923147437,243.2742919921875,23435300,0.0,0.0
2022-12-06 00:00:00-05:00,243.87713173110765,244.8883372658951,237.03199561292425,238.33489990234375,22463700,0.0,0.0
2022-12-07 00:00:00-05:00,238.0529558163032,239.3461423733255,235.50548378588942,237.60568237304688,20481500,0.0,0.0
2022-12-08 00:00:00-05:00,238.06266840254827,241.854722806182,236.3319411296729,240.5518035888672,22611800,0.0,0.0
2022-12-09 00:00:00-05:00,237.9265463000095,241.4366198107319,237.40150036949424,238.62661743164062,20609700,0.0,0.0
2022-12-12 00:00:00-05:00,240.60042165743343,245.54952361837397,240.3281734246865,245.52035522460938,30665100,0.0,0.0
2022-12-13 00:00:00-05:00,254.44622542877917,256.61450802590645,246.06483829010176,249.8082733154297,42196900,0.0,0.0
2022-12-14 00:00:00-05:00,250.01247040825905,255.32132556389985,247.27052281634482,250.0999755859375,35410900,0.0,0.0
2022-12-15 00:00:00-05:00,246.69687943873564,247.16358859669754,240.49347691697452,242.11724853515625,35560400,0.0,0.0
2022-12-16 00:00:00-05:00,241.6699621291789,242.92424748334844,236.7694646066407,237.91680908203125,86102000,0.0,0.0
2022-12-19 00:00:00-05:00,238.08212143380248,238.42243914772908,232.1023632453267,233.794189453125,29696400,0.0,0.0
2022-12-20 00:00:00-05:00,232.7732513908985,236.18610187706696,231.8203825618914,235.10682678222656,25150800,0.0,0.0
2022-12-21 00:00:00-05:00,234.99985605475112,238.82106381583225,233.4635897668888,237.66400146484375,23690600,0.0,0.0
2022-12-22 00:00:00-05:00,234.5817378584511,235.2915415960275,227.396299165475,231.5967254638672,28651700,0.0,0.0
2022-12-23 00:00:00-05:00,229.57432368977197,232.25791977065128,227.46439246807083,232.12179565429688,21207000,0.0,0.0
2022-12-27 00:00:00-05:00,232.09264417818784,232.31627349212454,229.3020921713063,230.40081787109375,16688600,0.0,0.0
2022-12-28 00:00:00-05:00,230.33274508619087,233.08441080456333,227.68803509667444,228.03807067871094,17457100,0.0,0.0
2022-12-29 00:00:00-05:00,229.12703678909463,235.2234829457409,229.12703678909463,234.3386688232422,19770700,0.0,0.0
2022-12-30 00:00:00-05:00,231.61616036208682,233.3177189415319,230.10906265300991,233.1815948486328,21938500,0.0,0.0
2023-01-03 00:00:00-05:00,236.35137496373926,238.9474656895386,230.82859367762717,232.94825744628906,25740000,0.0,0.0
2023-01-04 00:00:00-05:00,225.85031465735742,226.42397945527185,219.70526469993285,222.7583465576172,50623400,0.0,0.0
2023-01-05 00:00:00-05:00,220.910952034835,221.2512697398711,215.62153242856337,216.15631103515625,39585600,0.0,0.0
2023-01-06 00:00:00-05:00,216.82719680304174,219.51079264209568,213.27823740876858,218.70376586914062,43613600,0.0,0.0
2023-01-09 00:00:00-05:00,220.18169301907503,224.8391105735464,220.14280677677522,220.83314514160156,27369800,0.0,0.0
2023-01-10 00:00:00-05:00,221.45546512498274,224.90720202339816,221.03737489705813,222.5153045654297,27033900,0.0,0.0
2023-01-11 00:00:00-05:00,224.88771246329648,229.41872372216184,224.7127021200409,229.24371337890625,28669300,0.0,0.0
2023-01-12 00:00:00-05:00,228.74782975392716,233.25939064495995,227.09488993594465,231.90786743164062,27269500,0.0,0.0
2023-01-13 00:00:00-05:00,230.4396576846913,232.7440495138857,228.41723190438844,232.60792541503906,21333300,0.0,0.0
2023-01-17 00:00:00-05:00,231.3828356610212,234.24145690846152,230.52718988997353,233.69696044921875,29831300,0.0,0.0
2023-01-18 00:00:00-05:00,234.88319223600368,235.67076853478866,229.0006572078567,229.28262329101562,30028700,0.0,0.0
2023-01-19 00:00:00-05:00,227.3088064182575,229.00064735365646,224.29461063179636,225.510009765625,28623000,0.0,0.0
2023-01-20 00:00:00-05:00,228.35892430446629,234.07616685941196,228.0186065956563,233.570556640625,35389800,0.0,0.0
2023-01-23 00:00:00-05:00,234.426236194083,238.3835688240491,233.01636105710824,235.86526489257812,31934000,0.0,0.0
2023-01-24 00:00:00-05:00,235.78743760454404,237.19729766623655,233.7844621578948,235.3401641845703,40234400,0.0,0.0
2023-01-25 00:00:00-05:00,227.98943061234027,236.5652941592754,224.50852565701223,233.9497528076172,66526600,0.0,0.0
2023-01-26 00:00:00-05:00,236.90559786802248,241.43660948835614,235.30127691453504,241.13519287109375,33454500,0.0,0.0
2023-01-27 00:00:00-05:00,242.0977830088241,242.9145276437586,239.99756980206558,241.29075622558594,26498900,0.0,0.0
2023-01-30 00:00:00-05:00,237.74180116090332,238.80164053803622,235.49574581512883,235.99163818359375,25867400,0.0,0.0
2023-01-31 00:00:00-05:00,236.7111267803919,241.08656355946167,236.22496713827303,240.950439453125,26541100,0.0,0.0
2023-02-01 00:00:00-05:00,241.13516117627967,248.1164058985338,238.6751947915154,245.75367736816406,31259900,0.0,0.0
2023-02-02 00:00:00-05:00,251.6556913662783,257.3632009780913,250.12914292548695,257.27569580078125,39940400,0.0,0.0
2023-02-03 00:00:00-05:00,252.3557623051793,256.8867738555353,249.9833008123263,251.19869995117188,29077300,0.0,0.0
2023-02-06 00:00:00-05:00,250.31391213131076,251.15009258378038,247.72753893121822,249.66244506835938,22518000,0.0,0.0
2023-02-07 00:00:00-05:00,253.31834411841427,261.33024559426707,252.88078856760495,260.15374755859375,50841400,0.0,0.0
2023-02-08 00:00:00-05:00,265.63767911484825,269.09913389839613,258.8411461479816,259.3467712402344,54686000,0.0,0.0
2023-02-09 00:00:00-05:00,266.2209551266914,266.39599511433863,255.5254451305116,256.32275390625,42375100,0.0,0.0
2023-02-10 00:00:00-05:00,254.29068170390744,256.7798168982394,253.4447686061317,255.81723022460938,25818500,0.0,0.0
2023-02-13 00:00:00-05:00,260.23153420322126,266.99886776795535,259.75507760072225,263.8096618652344,44630900,0.0,0.0
2023-02-14 00:00:00-05:00,265.12229853290944,267.35862090148964,261.82612208741193,264.6361389160156,37047900,0.0,0.0
2023-02-15 00:00:00-05:00,261.54621079213484,263.8953733913227,259.46022127566107,262.5209655761719,28922400,0.68,0.0
2023-02-16 00:00:00-05:00,257.354723160625,260.00605711365523,255.2882479724247,255.5319366455078,29603600,0.0,0.0
2023-02-17 00:00:00-05:00,252.84160627305934,253.523916634786,249.53717394877788,251.545166015625,30000100,0.0,0.0
2023-02-21 00:00:00-05:00,248.05557870006874,249.04009049318063,245.2385381346892,246.29127502441406,28397400,0.0,0.0
2023-02-22 00:00:00-05:00,247.6754219276689,247.91911060638247,244.0200917469653,245.16055297851562,22491100,0.0,0.0
2023-02-23 00:00:00-05:00,249.1083064975943,250.35599131241563,244.15655088158258,248.3382568359375,29219100,0.0,0.0
2023-02-24 00:00:00-05:00,243.649683795455,244.66342210762315,241.8366395147742,242.92835998535156,24990900,0.0,0.0
2023-02-27 00:00:00-05:00,246.08655835575647,246.43747061453573,243.09405452761465,243.84461975097656,21190000,0.0,0.0
2023-02-28 00:00:00-05:00,242.7821510664902,245.14105556625483,242.4507231771338,243.12330627441406,22491000,0.0,0.0
2023-03-01 00:00:00-05:00,244.4294802167035,244.59518672884,239.58494822729267,240.05284118652344,27565300,0.0,0.0
2023-03-02 00:00:00-05:00,240.32576623774196,245.05331745079246,239.4094944705545,244.77064514160156,24808200,0.0,0.0
2023-03-03 00:00:00-05:00,245.8234076886405,249.16680940855414,245.04360089836098,248.8451385498047,30760100,0.0,0.0
2023-03-06 00:00:00-05:00,249.9563289608396,253.55317601638902,249.51769234094775,250.38522338867188,24109800,0.0,0.0
2023-03-07 00:00:00-05:00,249.82961864090797,251.18454195758378,246.99309375726955,247.73390197753906,21473200,0.0,0.0
2023-03-08 00:00:00-05:00,247.62670114600144,248.11407854265232,244.47824732823858,247.2952880859375,17340200,0.0,0.0
2023-03-09 00:00:00-05:00,249.36176055143883,253.0073336989174,245.22879516854297,245.9501190185547,26653400,0.0,0.0
2023-03-10 00:00:00-05:00,244.7414454274834,246.40826786388783,241.34930277084734,242.31430053710938,28333900,0.0,0.0
2023-03-13 00:00:00-04:00,241.1543148292338,251.39899658512076,239.52647621107045,247.5097198486328,33339700,0.0,0.0
2023-03-14 00:00:00-04:00,250.26825127577843,254.47919841708625,249.40072024994075,254.20626831054688,33620300,0.0,0.0
2023-03-15 00:00:00-04:00,253.41673923474747,259.7526448252449,252.66615907277222,258.7388916015625,46028000,0.0,0.0
2023-03-16 00:00:00-04:00,258.514689849532,269.57816182335324,256.6334203873444,269.2272644042969,54768800,0.0,0.0
2023-03-17 00:00:00-04:00,271.23522516040924,276.1772083863334,269.3441988521381,272.37567138671875,69527400,0.0,0.0
2023-03-20 00:00:00-04:00,269.9875366889346,270.47491398328793,263.0375317119125,265.3574523925781,43466600,0.0,0.0
2023-03-21 00:00:00-04:00,267.94061395407743,268.0575797747977,262.7159125670362,266.8683776855469,34558700,0.0,0.0
2023-03-22 00:00:00-04:00,266.4979179833595,273.9450578612845,265.3087161087697,265.41595458984375,34873300,0.0,0.0
2023-03-23 00:00:00-04:00,270.9233512964952,273.9645815107582,268.2525326655101,270.6504211425781,36610900,0.0,0.0
2023-03-24 00:00:00-04:00,270.24098860593506,273.54542137989336,268.3304776871036,273.4869384765625,28172000,0.0,0.0
2023-03-27 00:00:00-04:00,273.4187255560144,274.35448184903447,268.56443586925224,269.4027404785156,26840200,0.0,0.0
2023-03-28 00:00:00-04:00,268.8276290958363,269.1687992182552,265.18202599070054,268.2817687988281,21878600,0.0,0.0
2023-03-29 00:00:00-04:00,271.9176094220145,274.0425976403278,271.38150614392333,273.4284973144531,25087000,0.0,0.0
2023-03-30 00:00:00-04:00,277.0545067536676,277.2786812703255,274.3739316415299,276.8790283203125,25053400,0.0,0.0
2023-03-31 00:00:00-04:00,276.56721287359744,281.9673334920584,275.8556311020604,281.0218200683594,32766000,0.0,0.0
2023-04-03 00:00:00-04:00,279.28666261801845,280.9924830784479,276.7815660353918,279.978759765625,24883300,0.0,0.0
2023-04-04 00:00:00-04:00,279.9788092952923,283.1175206876223,278.4581943099055,279.9300537109375,25824300,0.0,0.0
2023-04-05 00:00:00-04:00,278.6336322553814,279.90080144519544,275.77760817176124,277.1617431640625,22064800,0.0,0.0
2023-04-06 00:00:00-04:00,276.0602584923825,284.7063275533511,274.91005513471964,284.23846435546875,29770300,0.0,0.0
2023-04-10 00:00:00-04:00,281.90881108908263,282.2889797177499,277.5224147425445,282.08428955078125,23103000,0.0,0.0
2023-04-11 00:00:00-04:00,278.53611574215296,278.7603200001052,274.5298887759889,275.6898193359375,27276600,0.0,0.0
2023-04-12 00:00:00-04:00,277.60042049037634,279.7643772791171,274.84184782081707,276.3332214355469,27403400,0.0,0.0
2023-04-13 00:00:00-04:00,276.43070139440715,282.5814016075444,276.02132104979927,282.5229187011719,24222700,0.0,0.0
2023-04-14 00:00:00-04:00,279.7545649448243,281.19721243469814,276.52812965920475,278.9162902832031,20987900,0.0,0.0
2023-04-17 00:00:00-04:00,282.6106328823751,284.23848637686285,278.93581824426053,281.5091552734375,23836200,0.0,0.0
2023-04-18 00:00:00-04:00,284.2092540026853,284.3944597878288,279.7643746535523,281.09002685546875,20161800,0.0,0.0
2023-04-19 00:00:00-04:00,278.7700813374877,281.7528282776957,277.3567049001675,281.1679992675781,17150300,0.0,0.0
2023-04-20 00:00:00-04:00,278.048779675469,281.7333512714664,277.88305828682746,278.8870544433594,23244400,0.0,0.0
2023-04-21 00:00:00-04:00,277.81480201216493,279.042972509136,275.91401875313767,278.5458679199219,21676400,0.0,0.0
2023-04-24 00:00:00-04:00,274.9685448486902,277.75635870948304,271.6836263278282,274.6566162109375,26611000,0.0,0.0
2023-04-25 00:00:00-04:00,272.45366159943416,274.4908950976734,268.41816336812605,268.4669189453125,45772200,0.0,0.0
2023-04-26 00:00:00-04:00,289.20977066358734,292.00731227294943,285.33999278918486,287.913330078125,64599200,0.0,0.0
2023-04-27 00:00:00-04:00,288.4981481341887,297.4951446738083,287.79632356423065,297.13446044921875,46462600,0.0,0.0
2023-04-28 00:00:00-04:00,296.3352508757217,301.13102839340746,295.6529105371697,299.5032043457031,36469600,0.0,0.0
2023-05-01 00:00:00-04:00,299.2204771506516,300.8093322076719,297.4464163049507,297.8460693359375,21294100,0.0,0.0
2023-05-02 00:00:00-04:00,299.9905392914893,301.3746744145902,296.2377274555762,297.6998596191406,26404400,0.0,0.0
2023-05-03 00:00:00-04:00,298.8792272280922,300.81897921071857,296.41309947358855,296.71527099609375,22360800,0.0,0.0
2023-05-04 00:00:00-04:00,298.5088929942314,299.9905392914893,295.74059300087464,297.6998596191406,22519900,0.0,0.0
2023-05-05 00:00:00-04:00,298.00202238980415,304.09423955747224,296.58861610804354,302.80755615234375,28197100,0.0,0.0
2023-05-08 00:00:00-04:00,302.30067989163814,302.36891985995953,298.3626625741606,300.8580322265625,21318600,0.0,0.0
2023-05-09 00:00:00-04:00,300.2244801474705,302.21298828024834,298.5771421461096,299.2497253417969,21340800,0.0,0.0
2023-05-10 00:00:00-04:00,300.8287815493971,305.09821176430125,299.9027824610233,304.4256286621094,30078000,0.0,0.0
2023-05-11 00:00:00-04:00,302.2714311285641,303.2656701896078,298.5283767405059,302.2811584472656,31680200,0.0,0.0
2023-05-12 00:00:00-04:00,302.71005168658775,302.8075331032812,298.8597885779878,301.1699523925781,19774700,0.0,0.0
2023-05-15 00:00:00-04:00,301.29662462810876,302.07641633631226,299.8247358006917,301.64752197265625,16336500,0.0,0.0
2023-05-16 00:00:00-04:00,302.0082708882203,305.7903243255261,302.0082708882203,303.87005615234375,26730300,0.0,0.0
2023-05-17 00:00:00-04:00,305.0716298231173,307.16214962437107,303.55743916918806,306.7420959472656,24315000,0.68,0.0
2023-05-18 00:00:00-04:00,307.2598287418547,311.665592368816,306.4685537852504,311.1575927734375,27276000,0.0,0.0
2023-05-19 00:00:00-04:00,309.4186972410466,311.3822465947649,309.05725438357535,310.9817199707031,27546700,0.0,0.0
2023-05-22 00:00:00-04:00,311.23578210832846,315.13354641281757,310.6594231373723,313.7561340332031,24115700,0.0,0.0
2023-05-23 00:00:00-04:00,312.63269496953484,315.26051959828607,307.9631830299581,307.97296142578125,30797200,0.0,0.0
2023-05-24 00:00:00-04:00,307.45521463229585,309.1842914063532,305.38419212471825,306.5955505371094,23384900,0.0,0.0
2023-05-25 00:00:00-04:00,315.7684901108892,319.3438949651791,312.6033903237595,318.3865661621094,43301700,0.0,0.0
2023-05-26 00:00:00-04:00,316.5304052743781,325.69359534814544,316.3936568169518,325.1954040527344,36630600,0.0,0.0
2023-05-30 00:00:00-04:00,327.4813593124993,327.9795506793169,322.88020682779495,323.55426025390625,29503100,0.0,0.0
2023-05-31 00:00:00-04:00,324.60934766264484,328.1749743960477,319.76397327421006,320.79949951171875,45950600,0.0,0.0
2023-06-01 00:00:00-04:00,318.3963251868189,325.82066191290807,317.2143019258067,324.8926086425781,26773900,0.0,0.0
2023-06-02 00:00:00-04:00,326.52404833423975,329.6989268894717,324.86333070355175,327.6474609375,25873800,0.0,0.0
2023-06-05 00:00:00-04:00,327.47159843712996,330.734392827561,326.924544875392,328.1749572753906,21307100,0.0,0.0
2023-06-06 00:00:00-04:00,327.57898761210754,327.6180713778492,324.49205579861786,325.9671325683594,20396200,0.0,0.0
2023-06-07 00:00:00-04:00,323.9840754044963,326.7584266923508,315.04557889593144,315.9052429199219,40717100,0.0,0.0
2023-06-08 00:00:00-04:00,316.45235552980716,319.0899588404042,315.8759965452041,317.7418518066406,23277700,0.0,0.0
2023-06-09 00:00:00-04:00,317.47803824659906,322.3624661949436,316.9114577219513,319.2364501953125,22529000,0.0,0.0
2023-06-12 00:00:00-04:00,320.9850995006378,324.42375634419443,317.644167004539,324.1795349121094,24260300,0.0,0.0
2023-06-13 00:00:00-04:00,326.7389426125968,329.1909351194717,322.7532623015664,326.5631103515625,22951300,0.0,0.0
2023-06-14 00:00:00-04:00,326.61185484210756,331.2032280595902,325.1172214010421,329.5425109863281,26003800,0.0,0.0
2023-06-15 00:00:00-04:00,329.6793142407834,341.7536041604146,329.40578750574196,340.0538330078125,38899100,0.0,0.0
2023-06-16 00:00:00-04:00,343.1994581968657,343.3459850753044,334.04604484014123,334.417236328125,46552000,0.0,0.0
2023-06-20 00:00:00-04:00,331.4670303403785,334.17299255500126,328.09676330100183,330.23614501953125,26375400,0.0,0.0
2023-06-21 00:00:00-04:00,328.59499110748806,329.923570971666,324.3943951235906,325.8499450683594,25117800,0.0,0.0
2023-06-22 00:00:00-04:00,326.3970013361719,332.2583147464339,325.6350317853251,331.8577880859375,23556800,0.0,0.0
2023-06-23 00:00:00-04:00,326.6314665032556,330.14826075055646,325.7425268104143,327.2762145996094,23146900,0.0,0.0
2023-06-26 00:00:00-04:00,326.00619557719705,328.34093617153155,320.89707422323846,321.0045471191406,21520600,0.0,0.0
2023-06-27 00:00:00-04:00,324.1892275549751,328.3800749537934,321.6884029069419,326.83660888671875,24354100,0.0,0.0
2023-06-28 00:00:00-04:00,326.9244790599475,330.1677458174573,326.0941204884159,328.08697509765625,20259500,0.0,0.0
2023-06-29 00:00:00-04:00,326.97334345829574,328.3409772213773,324.93165630266327,327.30548095703125,16997000,0.0,0.0
2023-06-30 00:00:00-04:00,329.9430603518384,334.80796061953606,329.40578527983763,332.6685791015625,26832800,0.0,0.0
2023-07-03 00:00:00-04:00,331.3498259032752,333.02029191600536,328.7903904255227,330.17755126953125,12508700,0.0,0.0
2023-07-05 00:00:00-04:00,327.3445947298887,333.7529619318794,326.99293022093957,330.3338623046875,18172400,0.0,0.0
2023-07-06 00:00:00-04:00,329.50350728576706,335.0619888415349,327.7451250968569,333.3817443847656,28161200,0.0,0.0
2023-07-07 00:00:00-04:00,331.47685037654594,333.8897591570252,329.210468483103,329.4253845214844,21214800,0.0,0.0
2023-07-10 00:00:00-04:00,326.86590410565805,327.4813467591402,320.017927004541,324.159912109375,32791400,0.0,0.0
2023-07-11 00:00:00-04:00,323.4077439781263,325.1661261312258,319.441590831674,324.78515625,26698200,0.0,0.0
2023-07-12 00:00:00-04:00,328.8196854554752,333.75294560855826,327.91118903960694,329.40582275390625,29995300,0.0,0.0
2023-07-13 00:00:00-04:00,331.711242452727,335.79461674267833,331.1837159282275,334.7395935058594,20567200,0.0,0.0
2023-07-14 00:00:00-04:00,339.55563567406386,343.3068725083686,336.35145234816736,337.25994873046875,28352700,0.0,0.0
2023-07-17 00:00:00-04:00,337.689785296776,338.9695029653532,334.29024270759476,337.7386474609375,20363900,0.0,0.0
2023-07-18 00:00:00-04:00,337.83628312548785,358.3020452926389,334.2609086018875,351.1805419921875,64738600,0.0,0.0
2023-07-19 00:00:00-04:00,353.388368189592,354.0819486228708,344.293565577068,346.8725280761719,39732900,0.0,0.0
2023-07-20 00:00:00-04:00,345.3974402048797,349.6957307761419,337.3869665581141,338.852294921875,33778400,0.0,0.0
2023-07-21 00:00:00-04:00,341.07962426148026,342.20303681474576,331.9750427010371,335.823974609375,69405400,0.0,0.0
2023-07-24 00:00:00-04:00,337.8557889336413,338.9010633656461,334.3976066041073,337.13287353515625,26678100,0.0,0.0
2023-07-25 00:00:00-04:00,339.0867373558683,343.7562790203098,337.09391224924093,342.8673095703125,41637700,0.0,0.0
2023-07-26 00:00:00-04:00,333.5478606909615,336.70321228068315,325.4103859956427,329.9626770019531,58383700,0.0,0.0
2023-07-27 00:00:00-04:00,332.6099731824386,333.44030197626535,321.44414968283064,323.0755615234375,39635300,0.0,0.0
2023-07-28 00:00:00-04:00,325.95742277677743,332.1508737419497,325.46897998950345,330.54876708984375,28484900,0.0,0.0
2023-07-31 00:00:00-04:00,329.13228102338303,329.89425053304086,325.6545411607463,328.1553955078125,25446000,0.0,0.0
2023-08-01 00:00:00-04:00,327.44223102382614,330.7148031903255,325.9866812669901,328.5656433105469,18311900,0.0,0.0
2023-08-02 00:00:00-04:00,325.9183054002414,325.9183054002414,318.81632892578153,319.92999267578125,27761300,0.0,0.0
2023-08-03 00:00:00-04:00,318.46468799733185,322.25500868577666,318.415855644904,319.10943603515625,18253700,0.0,0.0
2023-08-04 00:00:00-04:00,324.2088199611453,327.3934767757319,319.6760561560359,320.2035827636719,23741500,0.0,0.0
2023-08-07 00:00:00-04:00,320.77990397221754,323.45656084506595,319.94954529049863,322.47967529296875,17741500,0.0,0.0
2023-08-08 00:00:00-04:00,319.4025193112215,321.1511529476865,315.53406053871555,318.5135498046875,22327600,0.0,0.0
2023-08-09 00:00:00-04:00,318.92384579160165,319.5490370786911,313.629112676302,314.7818603515625,22373300,0.0,0.0
2023-08-10 00:00:00-04:00,318.48424072838094,320.6724848006537,313.75611788086866,315.4656677246094,20113700,0.0,0.0
2023-08-11 00:00:00-04:00,312.8573931698293,314.9576912566164,311.8316453980151,313.5900573730469,24355500,0.0,0.0
2023-08-14 00:00:00-04:00,313.9612774318456,316.56954529016974,312.6815298680751,316.5500183105469,18836100,0.0,0.0
2023-08-15 00:00:00-04:00,315.53404351386234,317.5757308061961,313.482577825794,314.4203796386719,16966300,0.0,0.0
2023-08-16 00:00:00-04:00,314.04837487104845,317.59221281010525,313.06942104679297,313.65679931640625,20698900,0.68,0.0
2023-08-17 00:00:00-04:00,313.79385086017476,315.0958462335388,309.55496429159837,310.21087646484375,21257200,0.0,0.0
2023-08-18 00:00:00-04:00,307.8711973932979,311.679342341884,304.99307058455463,309.8193359375,24755000,0.0,0.0
2023-08-21 00:00:00-04:00,311.23877242073405,315.9769051965937,310.3675190796091,315.10565185546875,24040000,0.0,0.0
2023-08-22 00:00:00-04:00,318.6494900944686,319.2172702035748,314.69450802744353,315.6734619140625,16084600,0.0,0.0
2023-08-23 00:00:00-04:00,317.00482352144604,322.2715996929162,316.6523846218089,320.1178894042969,21166400,0.0,0.0
2023-08-24 00:00:00-04:00,325.8448009621162,325.97206974501347,313.22607126255105,313.2358703613281,23281400,0.0,0.0
2023-08-25 00:00:00-04:00,314.70426538436715,318.5123799630537,312.09044570865603,316.1824951171875,21684100,0.0,0.0
2023-08-28 00:00:00-04:00,318.8061314202153,319.2858092722639,314.949050654982,316.88739013671875,14808500,0.0,0.0
2023-08-29 00:00:00-04:00,315.1056626837717,322.0562408320529,315.1056626837717,321.49822998046875,19284600,0.0,0.0
2023-08-30 00:00:00-04:00,321.75273907140877,322.86873080054954,319.57946057224274,321.8702087402344,15222100,0.0,0.0
2023-08-31 00:00:00-04:00,322.27157317335417,323.9455756518063,319.90249205082335,320.86187744140625,26411000,0.0,0.0
2023-09-01 00:00:00-04:00,324.3372334886783,325.0029150101556,319.9025732532159,321.7430114746094,14942000,0.0,0.0
2023-09-05 00:00:00-04:00,322.07580143984785,327.8026871669536,321.74296073160247,326.530029296875,18553900,0.0,0.0
2023-09-06 00:00:00-04:00,326.3636224074877,327.42087936565457,323.23095829944674,325.8741455078125,17535800,0.0,0.0
2023-09-07 00:00:00-04:00,324.3176359252016,326.0699418421109,322.1051906191248,322.9666748046875,18381000,0.0,0.0
2023-09-08 00:00:00-04:00,323.14287386196446,329.0851309217736,322.5261281543159,327.2348937988281,19530100,0.0,0.0
2023-09-11 00:00:00-04:00,330.1424484983252,331.2976369623912,328.3705440887834,330.8277282714844,16583300,0.0,0.0
2023-09-12 00:00:00-04:00,328.75231798743556,329.7019045004539,324.5036614898463,324.78753662109375,17565500,0.0,0.0
2023-09-13 00:00:00-04:00,324.3372427360716,329.7606561840055,324.2002047131797,328.9872741699219,16544400,0.0,0.0
2023-09-14 00:00:00-04:00,332.01216654665086,333.68616913545833,329.4864789543326,331.5716552734375,20267000,0.0,0.0
2023-09-15 00:00:00-04:00,329.829144347891,330.29902307578516,322.71213073688756,323.2701416015625,37679800,0.0,0.0
2023-09-18 00:00:00-04:00,320.90106058890035,323.4463465779978,319.4913646526402,322.1345520019531,16834200,0.0,0.0
2023-09-19 00:00:00-04:00,319.30536803908217,322.45760041034737,317.6803011768475,321.733154296875,16505900,0.0,0.0
2023-09-20 00:00:00-04:00,322.5750893265996,322.65339248865484,313.76450476801705,314.0190124511719,21436500,0.0,0.0
2023-09-21 00:00:00-04:00,312.5407774764578,318.5026021085826,308.3704250255411,312.8050842285156,35560400,0.0,0.0
2023-09-22 00:00:00-04:00,314.5573920637111,314.68466081747965,309.4961885790443,310.3381042480469,21447900,0.0,0.0
2023-09-25 00:00:00-04:00,309.92700700519936,310.98429393163934,308.3704739123921,310.8570251464844,17836000,0.0,0.0
2023-09-26 00:00:00-04:00,308.4977104446982,309.2319257820145,303.49524107796117,305.5706481933594,26297600,0.0,0.0
2023-09-27 00:00:00-04:00,305.7272625333357,307.6851701509051,303.1722074325514,306.20697021484375,19410100,0.0,0.0
2023-09-28 00:00:00-04:00,304.4448112128742,308.8403337798226,302.93724397750015,307.0390625,19683600,0.0,0.0
2023-09-29 00:00:00-04:00,311.06258297495117,312.746384776468,308.35089159051364,309.10467529296875,24147300,0.0,0.0
2023-10-02 00:00:00-04:00,309.62352913697714,315.1154758886586,308.5466739037748,315.02734375,20570000,0.0,0.0
2023-10-03 00:00:00-04:00,314.0777307403494,314.6259723470464,304.66020007739525,306.7943420410156,21033500,0.0,0.0
2023-10-04 00:00:00-04:00,307.4208957324774,313.3044183025866,307.391528310135,312.24713134765625,20720100,0.0,0.0
2023-10-05 00:00:00-04:00,312.3743651035606,313.24564832750764,308.27254628304615,312.638671875,16965600,0.0,0.0
2023-10-06 00:00:00-04:00,309.8878196065806,322.2618102249638,309.6430811517103,320.3724365234375,25673600,0.0,0.0
2023-10-09 00:00:00-04:00,317.91520719974994,323.3483881671333,316.3782427539174,322.8785095214844,19891200,0.0,0.0
2023-10-10 00:00:00-04:00,323.99452613848536,324.131594004222,320.7737897972471,321.4786376953125,20557100,0.0,0.0
2023-10-11 00:00:00-04:00,324.23927254305164,325.81540366125716,322.21286092721374,325.423828125,20063200,0.0,0.0
2023-10-12 00:00:00-04:00,323.6127285250308,326.60832442688536,321.8016582231825,324.1903076171875,19313100,0.0,0.0
2023-10-13 00:00:00-04:00,325.3846484410319,326.80411343693316,319.4913278140148,320.83251953125,21072400,0.0,0.0
2023-10-16 00:00:00-04:00,324.0826582883067,329.06555964733286,323.6421469834392,325.63922119140625,22158000,0.0,0.0
2023-10-17 00:00:00-04:00,322.6533636519186,326.44190989346447,320.5192516418675,325.0713806152344,18338500,0.0,0.0
2023-10-18 00:00:00-04:00,325.4923293025366,328.52709196343386,321.3905106177838,323.16241455078125,23153600,0.0,0.0
2023-10-19 00:00:00-04:00,325.1595951659487,329.7900587688602,323.94570165389655,324.3470764160156,25052100,0.0,0.0
2023-10-20 00:00:00-04:00,324.73856573197526,324.934368448125,318.6005359720502,319.79486083984375,25027700,0.0,0.0
2023-10-23 00:00:00-04:00,318.620090545015,325.7273046053134,317.5628335992071,322.3890686035156,24374700,0.0,0.0
2023-10-24 00:00:00-04:00,324.3273920928105,324.8560355263617,320.70528084515973,323.5736083984375,31153600,0.0,0.0
2023-10-25 00:00:00-04:00,337.75860796598914,338.91379608217926,330.5143562790692,333.50018310546875,55053800,0.0,0.0
2023-10-26 00:00:00-04:00,333.37295718073534,334.4400133073603,320.0591786565096,320.98919677734375,37828500,0.0,0.0
2023-10-27 00:00:00-04:00,323.4757210351802,329.63334926048014,321.4884458683103,322.8687744140625,29856500,0.0,0.0
2023-10-30 00:00:00-04:00,326.39299310170355,332.3058824741977,324.84622935304117,330.2109069824219,22828100,0.0,0.0
2023-10-31 00:00:00-04:00,331.7184951865434,331.8653322788638,327.64604386616816,330.9940490722656,20265300,0.0,0.0
2023-11-01 00:00:00-04:00,332.63870122035286,340.10812307119625,332.50163335597534,338.7865295410156,28158800,0.0,0.0
2023-11-02 00:00:00-04:00,339.9319707829099,341.4885040275744,337.51395325496594,340.9892578125,24348100,0.0,0.0
2023-11-03 00:00:00-04:00,342.27161121053757,346.9314407134558,340.01999961550734,345.3748779296875,23637700,0.0,0.0
2023-11-06 00:00:00-05:00,346.0112936490332,350.0152118128962,345.9133922766887,349.0264587402344,23828300,0.0,0.0
2023-11-07 00:00:00-05:00,351.83603801636735,354.83163466533523,350.10330030774577,352.9422607421875,25833900,0.0,0.0
2023-11-08 00:00:00-05:00,354.06800138493276,356.211912585882,352.9617788165993,355.5560302734375,26767800,0.0,0.0
2023-11-09 00:00:00-05:00,354.6749477041347,357.11256296700316,352.77577495327927,353.0988464355469,24847300,0.0,0.0
2023-11-10 00:00:00-05:00,353.8819973228906,362.3108050217642,353.47085345970584,361.8898620605469,28042100,0.0,0.0
2023-11-13 00:00:00-05:00,360.4703964021509,360.71513487046275,358.1992162461448,358.9627990722656,19986500,0.0,0.0
2023-11-14 00:00:00-05:00,363.2017106346947,364.1219297278,359.61873563127864,362.4772644042969,27683900,0.0,0.0
2023-11-15 00:00:00-05:00,364.20372057822027,366.0184671527949,360.1131840283514,362.6244201660156,26860100,0.75,0.0
2023-11-16 00:00:00-05:00,363.88976551430744,369.17705042836303,363.12463294088235,369.00048828125,27182300,0.0,0.0
2023-11-17 00:00:00-05:00,366.4892814424939,367.23480603716206,360.0052770614011,362.80096435546875,40157000,0.0,0.0
2023-11-20 00:00:00-05:00,364.1448242296059,371.6490149349355,363.9290160684621,370.24627685546875,52465100,0.0,0.0
2023-11-21 00:00:00-05:00,368.51001608638865,369.0495215118682,364.04671781694736,365.9595642089844,28423100,0.0,0.0
2023-11-22 00:00:00-05:00,370.7956947318269,372.55158748841484,367.82344472546197,370.6485595703125,23345300,0.0,0.0
2023-11-24 00:00:00-05:00,370.1383501357465,370.7661665682208,367.9901174917075,370.2364501953125,10176600,0.0,0.0
2023-11-27 00:00:00-05:00,369.5988127011877,373.38525913375906,369.0298803024762,371.3939208984375,22179200,0.0,0.0
2023-11-28 00:00:00-05:00,371.1389683050371,375.7003371685908,370.95258715281994,375.40606689453125,20453100,0.0,0.0
2023-11-29 00:00:00-05:00,376.4458170169272,376.9755034472532,370.24626453575155,371.62939453125,28963400,0.0,0.0
2023-11-30 00:00:00-05:00,371.2762546529022,372.8457658390955,368.313824366715,371.6882629394531,30554400,0.0,0.0
2023-12-01 00:00:00-05:00,369.57924804408185,370.95255911244834,364.23310896058763,367.37213134765625,33040500,0.0,0.0
2023-12-04 00:00:00-05:00,362.06527668869364,362.47725508494324,355.98343139448775,362.1045227050781,32063300,0.0,0.0
2023-12-05 00:00:00-05:00,359.46575623768496,365.9693683802573,358.65155863650625,365.4200439453125,23065000,0.0,0.0
2023-12-06 00:00:00-05:00,366.4206145498899,367.04840106048385,361.0156214613024,361.77093505859375,21182100,0.0,0.0
2023-12-07 00:00:00-05:00,361.211844686289,364.37047528705625,359.33824414976533,363.8800048828125,23118900,0.0,0.0
2023-12-08 00:00:00-05:00,362.16337240300305,367.3231008977417,361.2118585847211,367.0975036621094,20154400,0.0,0.0
2023-12-11 00:00:00-05:00,361.4570668899954,364.51759731266617,359.12242306000167,364.2232971191406,27708800,0.0,0.0
2023-12-12 00:00:00-05:00,363.7818787799653,367.28384440026525,363.3992975227853,367.2445983886719,24838300,0.0,0.0
2023-12-13 00:00:00-05:00,368.8533179256787,370.44246703468053,363.7033791572921,367.2347717285156,30955500,0.0,0.0
2023-12-14 00:00:00-05:00,366.19500581642444,366.63644114858533,357.18997650221536,358.9556579589844,43277500,0.0,0.0
2023-12-15 00:00:00-05:00,359.8580993724713,365.30230824664153,359.2989559925913,363.6641540527344,78502300,0.0,0.0
2023-12-18 00:00:00-05:00,362.4085541038235,365.89088161939304,361.65321060475327,365.54754638671875,21802900,0.0,0.0
2023-12-19 00:00:00-05:00,364.4096508615579,366.14593505859375,362.7911046946417,366.14593505859375,20603700,0.0,0.0
2023-12-20 00:00:00-05:00,367.852799906723,368.8631677330293,363.46799333439736,363.5562744140625,26316700,0.0,0.0
2023-12-21 00:00:00-05:00,365.45932148482285,367.27406804850153,362.9873613143247,366.420654296875,17708000,0.0,0.0
2023-12-22 00:00:00-05:00,366.55795515551875,368.02936637236263,365.60644137118885,367.4407958984375,17107500,0.0,0.0
2023-12-26 00:00:00-05:00,367.852803392138,369.7558309565617,366.38139217856946,367.519287109375,12673100,0.0,0.0
2023-12-27 00:00:00-05:00,366.56772847108294,367.9116124252774,365.7044958750045,366.94049072265625,14905400,0.0,0.0
2023-12-28 00:00:00-05:00,368.2157224809446,369.2849443001597,367.0287925621367,368.12744140625,14327000,0.0,0.0
2023-12-29 00:00:00-05:00,368.83370931155366,369.9716041347207,366.3617494835299,368.8729553222656,18730800,0.0,0.0
2024-01-02 00:00:00-05:00,366.73451711634624,368.7356447522221,359.7796503608471,363.801513671875,25258600,0.0,0.0
2024-01-03 00:00:00-05:00,361.9769897820248,366.1459883616317,361.4865193608946,363.53668212890625,23083500,0.0,0.0
2024-01-04 00:00:00-05:00,363.6053473830013,365.98902639400353,360.17205450864094,360.9273681640625,20901500,0.0,0.0
2024-01-05 00:00:00-05:00,361.93774634798484,364.9688499798779,359.51482125288123,360.7409973144531,21004600,0.0,0.0
2024-01-08 00:00:00-05:00,362.26145091951054,368.0490259949179,361.9769996213989,367.5487365722656,23134000,0.0,0.0
2024-01-09 00:00:00-05:00,364.91982181669266,368.82394731160934,364.11544312045595,368.6277770996094,20830000,0.0,0.0
2024-01-10 00:00:00-05:00,369.19674578132265,376.8481032610601,369.14771070750623,375.4747619628906,25514200,0.0,0.0
2024-01-11 00:00:00-05:00,378.64313944413783,383.2339350900792,373.1302570741052,377.29925537109375,27850800,0.0,0.0
2024-01-12 00:00:00-05:00,378.14285622037966,381.27205974083927,377.31886954764786,381.0660705566406,21661200,0.0,0.0
2024-01-16 00:00:00-05:00,386.1570987194693,386.5200419691374,380.232208829081,382.8316955566406,27202300,0.0,0.0
2024-01-17 00:00:00-05:00,380.58540492477397,382.67478358686355,377.47580955942465,382.0469970703125,22234100,0.0,0.0
2024-01-18 00:00:00-05:00,384.2541120354354,386.48083676243556,382.68460084723523,386.3631286621094,23392100,0.0,0.0
2024-01-19 00:00:00-05:00,388.21708385271495,391.0716247558594,386.00014838920214,391.0716247558594,29331100,0.0,0.0
2024-01-22 00:00:00-05:00,392.39593223013395,392.9845027036078,386.0884900033909,388.9528503417969,27016900,0.0,0.0
2024-01-23 00:00:00-05:00,388.2072839775827,391.7681035262422,386.42196470997874,391.2972412109375,20525900,0.0,0.0
2024-01-24 00:00:00-05:00,393.88696340305137,397.89900754206303,392.8177415608544,394.88751220703125,24867000,0.0,0.0
2024-01-25 00:00:00-05:00,396.6139369912538,399.25266977586887,394.85804481824994,397.1534423828125,21021200,0.0,0.0
2024-01-26 00:00:00-05:00,396.66300059602537,398.4287118822507,394.75997317345707,396.23138427734375,17803300,0.0,0.0
2024-01-29 00:00:00-05:00,398.3208248033987,402.16612596865383,396.6237864171102,401.91107177734375,24510200,0.0,0.0
2024-01-30 00:00:00-05:00,404.4026167586847,405.1775383466925,398.7033537683388,400.80255126953125,33477600,0.0,0.0
2024-01-31 00:00:00-05:00,399.20367116692984,407.404352059521,389.6394980894709,390.00244140625,47871100,0.0,0.0
2024-02-01 00:00:00-05:00,394.17141257606636,400.2238302394902,394.1419855506921,396.0842590332031,30657700,0.0,0.0
2024-02-02 00:00:00-05:00,396.113671921669,404.78518434173446,395.86843674032343,403.3824462890625,28256700,0.0,0.0
2024-02-05 00:00:00-05:00,402.087638647816,403.3236336682533,396.29027477301287,397.91864013671875,25352300,0.0,0.0
2024-02-06 00:00:00-05:00,398.14423897907153,400.1944015675409,395.23084373526007,397.76165771484375,18382600,0.0,0.0
2024-02-07 00:00:00-05:00,399.67453429921477,406.4037740259386,399.6352882839393,406.1585388183594,22340500,0.0,0.0
2024-02-08 00:00:00-05:00,406.15849214322577,407.63972220628386,404.6674730294275,406.21734619140625,21225300,0.0,0.0
2024-02-09 00:00:00-05:00,407.335693369119,412.7995411607667,407.178739238723,412.53466796875,22032800,0.0,0.0
2024-02-12 00:00:00-05:00,412.5444019957292,412.7209641300854,406.8451391501877,407.3454284667969,21202900,0.0,0.0
2024-02-13 00:00:00-05:00,397.22219404093613,402.25442543992307,395.70174768308635,398.5758972167969,27824900,0.0,0.0
2024-02-14 00:00:00-05:00,401.03272774217567,402.7721928081846,397.5930862054174,402.42822265625,20401200,0.75,0.0
2024-02-15 00:00:00-05:00,401.1015670196542,402.07448469518283,397.3179549607251,399.5487976074219,21825500,0.0,0.0
2024-02-16 00:00:00-05:00,400.92465682975353,401.2489827226472,396.48261574205486,397.0919189453125,22296500,0.0,0.0
2024-02-20 00:00:00-05:00,396.2860326967427,397.51447618664315,391.1462443294289,395.84381103515625,24307900,0.0,0.0
2024-02-21 00:00:00-05:00,393.2690069492409,395.35244235543763,390.3698682526408,395.24432373046875,18518900,0.0,0.0
2024-02-22 00:00:00-05:00,403.1161813071161,405.710638303165,401.52412337910727,404.5509948730469,27009900,0.0,0.0
2024-02-23 00:00:00-05:00,408.5017108463529,408.6884066709004,401.9172415297094,403.26361083984375,16295900,0.0,0.0
2024-02-26 00:00:00-05:00,404.36425308702184,405.05219339501383,400.33495269298504,400.5118713378906,16193500,0.0,0.0
2024-02-27 00:00:00-05:00,400.95415701072204,401.27848291877046,396.88556737137105,400.4529724121094,14835800,0.0,0.0
2024-02-28 00:00:00-05:00,401.14080998935714,402.2414904650158,398.33014591696406,400.6887512207031,13183100,0.0,0.0
2024-02-29 00:00:00-05:00,401.59293981884394,407.05705416129825,398.9198455368932,406.5067138671875,31947300,0.0,0.0
2024-03-01 00:00:00-05:00,404.17753137688453,408.6982091819838,403.79427262351686,408.3345947265625,17823400,0.0,0.0
2024-03-04 00:00:00-05:00,406.31016048803207,410.1527354833861,405.2094798738606,407.7646484375,17596000,0.0,0.0
2024-03-05 00:00:00-05:00,406.8211614689715,407.1061687535314,393.7308905561475,395.7062072753906,26919200,0.0,0.0
2024-03-06 00:00:00-05:00,396.0207434176088,398.1729790488092,391.5197391699057,395.1559143066406,22344100,0.0,0.0
2024-03-07 00:00:00-05:00,399.1163813277323,402.71326755552275,395.30328784063323,402.0843200683594,18718500,0.0,0.0
2024-03-08 00:00:00-05:00,400.92464441897226,403.3422428484954,397.35723965535834,399.21466064453125,18002200,0.0,0.0
2024-03-11 00:00:00-04:00,396.7971025481086,398.68397503984977,394.34021545583295,397.5439758300781,16120800,0.0,0.0
2024-03-12 00:00:00-04:00,400.5904729541975,408.4033849510457,399.77479973523793,408.1183776855469,22457000,0.0,0.0
2024-03-13 00:00:00-04:00,410.88979275530687,410.96839994406946,404.3544792559954,407.9415283203125,17115900,0.0,0.0
2024-03-14 00:00:00-04:00,412.99286375239626,420.4421618629372,410.7816654727546,417.8869934082031,34157300,0.0,0.0
2024-03-15 00:00:00-04:00,412.05927102600424,415.31218703472393,405.67136478668334,409.23876953125,45079900,0.0,0.0
2024-03-18 00:00:00-04:00,407.10616562272253,413.4744273628243,406.6442696787311,410.12322998046875,20106000,0.0,0.0
2024-03-19 00:00:00-04:00,410.62439098905713,414.3981955018545,408.3837114296865,414.1426696777344,19837900,0.0,0.0
2024-03-20 00:00:00-04:00,414.72254166213037,418.61424242329224,413.4056537780831,417.8968505859375,17860100,0.0,0.0
2024-03-21 00:00:00-04:00,422.41751294459345,423.39046066082557,419.7935742345306,421.9654541015625,21296200,0.0,0.0
2024-03-22 00:00:00-04:00,422.2897491598315,422.446963535343,418.7223444405752,421.3462829589844,17648500,0.0,0.0
2024-03-25 00:00:00-04:00,417.9066185646381,420.03920955948905,414.33921403828305,415.5676574707031,18060500,0.0,0.0
2024-03-26 00:00:00-04:00,418.2702713092194,418.6437229454669,414.0837561023913,414.3785705566406,16725600,0.0,0.0
2024-03-27 00:00:00-04:00,417.1204243635022,417.13026150811925,411.78407332169564,414.1623229980469,16705000,0.0,0.0
2024-03-28 00:00:00-04:00,413.70042062857715,414.5947310272611,411.89215553357553,413.4645690917969,21871200,0.0,0.0
2024-04-01 00:00:00-04:00,416.6388658317179,420.5109217375922,414.93868940887074,417.2481689453125,16316000,0.0,0.0
2024-04-02 00:00:00-04:00,412.8650690915943,415.0959414899842,410.6342266844982,414.1721496582031,17912000,0.0,0.0
2024-04-03 00:00:00-04:00,412.49166464341647,415.96078773337547,411.8626872035861,413.1992492675781,16502300,0.0,0.0
2024-04-04 00:00:00-04:00,417.66095627375125,421.27751676074166,410.3689323931849,410.673583984375,19370900,0.0,0.0
2024-04-05 00:00:00-04:00,412.76686502075876,419.15477140454254,411.1060069616712,418.18182373046875,16554800,0.0,0.0
2024-04-08 00:00:00-04:00,417.8378979159273,419.91149627913853,416.00012113110665,417.26788330078125,14272400,0.0,0.0
2024-04-09 00:00:00-04:00,419.0859553029516,420.3635245342137,414.34907001434647,418.9287109375,12496900,0.0,0.0
2024-04-10 00:00:00-04:00,414.90926057255786,416.71752584552905,412.46221066374153,415.9608154296875,16216600,0.0,0.0
2024-04-11 00:00:00-04:00,418.4766338120234,421.96540116941117,415.07628079166767,420.55023193359375,17966400,0.0,0.0
2024-04-12 00:00:00-04:00,416.73718451939897,417.84770230483133,412.53099493709567,414.624267578125,19253800,0.0,0.0
2024-04-15 00:00:00-04:00,419.2432078029309,419.4594150607099,406.30031376342345,406.5067138671875,20273500,0.0,0.0
2024-04-16 00:00:00-04:00,407.42070431973565,411.18464237420096,406.5951938062803,407.4305114746094,16765600,0.0,0.0
2024-04-17 00:00:00-04:00,410.0544389834795,411.65633410094387,403.25376259314334,404.73773193359375,15855500,0.0,0.0
2024-04-18 00:00:00-04:00,403.54861503604855,404.78689570186344,396.98382006074763,397.29827880859375,21029900,0.0,0.0
2024-04-19 00:00:00-04:00,397.0624207324797,398.48742718931453,390.91036608589934,392.2370910644531,30565800,0.0,0.0
2024-04-22 00:00:00-04:00,393.18055056464544,395.90280071692837,388.9252352238132,394.0453796386719,20286900,0.0,0.0
2024-04-23 00:00:00-04:00,397.26879155025864,401.16052215978465,396.10914808184776,400.5413818359375,15734500,0.0,0.0
2024-04-24 00:00:00-04:00,402.4970842246325,405.3569045099729,399.7650268716559,402.0057067871094,15065300,0.0,0.0
2024-04-25 00:00:00-04:00,387.2348667133991,392.9938253486681,381.3383380037112,392.1584777832031,40586500,0.0,0.0
2024-04-26 00:00:00-04:00,405.06211059014583,405.8777839816366,398.7626479226128,399.31298828125,29694700,0.0,0.0
2024-04-29 00:00:00-04:00,398.2614054374624,399.3129603314087,392.3059134087563,395.3131408691406,19582100,0.0,0.0
2024-04-30 00:00:00-04:00,394.5662389705951,395.2246979226767,382.45872189410846,382.6159362792969,28781400,0.0,0.0
2024-05-01 00:00:00-04:00,385.83931510454033,394.79222617325195,383.5789912516123,388.129150390625,23562500,0.0,0.0
2024-05-02 00:00:00-04:00,390.8022983361386,393.0331410549717,387.84419663220166,390.97918701171875,17709400,0.0,0.0
2024-05-03 00:00:00-04:00,395.34262364373967,400.12863501045786,394.9298534066163,399.6470947265625,17446700,0.0,0.0
2024-05-06 00:00:00-04:00,401.7108501382599,406.7916755135943,399.36205183771864,406.4084167480469,16996600,0.0,0.0
2024-05-07 00:00:00-04:00,407.50911609687097,407.5189532422579,402.03516456718575,402.2808532714844,20018200,0.0,0.0
2024-05-08 00:00:00-04:00,401.13105042212936,405.1210326153664,399.6962067828019,403.4601745605469,11792300,0.0,0.0
2024-05-09 00:00:00-04:00,403.48968211746933,405.60259913130744,402.045031230476,405.2095031738281,14689700,0.0,0.0
2024-05-10 00:00:00-04:00,405.8187609135271,408.2166849740278,404.698406069441,407.58770751953125,13402300,0.0,0.0
2024-05-13 00:00:00-04:00,410.8012920746048,411.13542506578466,403.73528354862395,406.58526611328125,15440200,0.0,0.0
2024-05-14 00:00:00-04:00,404.914567151972,410.29023638079735,404.45267125877155,409.37628173828125,15109300,0.0,0.0
2024-05-15 00:00:00-04:00,411.4340293579302,417.25259039103736,410.81377223604346,416.53387451171875,22239500,0.75,0.0
2024-05-16 00:00:00-04:00,415.2736611097877,418.8376756715858,413.84611435268135,414.4761962890625,17530100,0.0,0.0
2024-05-17 00:00:00-04:00,416.0021869426872,416.3763121358098,411.5619590644,413.7082214355469,15352200,0.0,0.0
2024-05-20 00:00:00-04:00,413.7082200976142,420.16671696584166,413.4916228836326,418.75885009765625,16272100,0.0,0.0
2024-05-21 00:00:00-04:00,420.22581467067795,426.27082729608003,418.2764696581723,422.4016418457031,21453300,0.0,0.0
2024-05-22 00:00:00-04:00,423.43545552526075,425.7195666799427,420.52126235451976,423.8587951660156,18073700,0.0,0.0
2024-05-23 00:00:00-04:00,426.2708490423147,426.89110613989686,418.8376788510908,420.3932189941406,17211700,0.0,0.0
2024-05-24 00:00:00-04:00,420.58028575397856,424.3904021961967,417.8433006318776,423.50433349609375,11855300,0.0,0.0
2024-05-28 00:00:00-04:00,422.9825388810405,424.15412896604386,419.999421868943,423.661865234375,15718000,0.0,0.0
2024-05-29 00:00:00-04:00,419.1034664398289,424.27223522977,419.1034664398289,422.5296325683594,15517100,0.0,0.0
2024-05-30 00:00:00-04:00,417.7349403773821,417.7349403773821,407.8305976923989,408.25396728515625,28394500,0.0,0.0
2024-05-31 00:00:00-04:00,410.3018082986228,410.3018082986228,398.25120211572766,408.7068786621094,47995300,0.0,0.0
2024-06-03 00:00:00-04:00,409.1006748520027,409.9867435149057,402.5929630717942,407.12176513671875,17484700,0.0,0.0
2024-06-04 00:00:00-04:00,406.04859979558495,409.9965640062738,403.34114963612075,409.6322937011719,14348900,0.0,0.0
2024-06-05 00:00:00-04:00,411.3454112041521,417.5183874951578,409.8587651411263,417.4494934082031,16988000,0.0,0.0
2024-06-06 00:00:00-04:00,417.44948005128595,418.7293536763162,414.0725281736093,417.9515686035156,14861300,0.0,0.0
2024-06-07 00:00:00-04:00,419.60557647742206,419.6843254469309,416.45507688003147,417.29193115234375,13621700,0.0,0.0
2024-06-10 00:00:00-04:00,418.12879037210877,421.45646767892094,417.33132559781046,421.2497253417969,13982900,0.0,0.0
2024-06-11 00:00:00-04:00,418.89671156901073,426.1231387794062,418.67025946007556,425.98529052734375,14551100,0.0,0.0
2024-06-12 00:00:00-04:00,428.5844790234761,436.53944727057524,426.54650007534946,434.23565673828125,22366200,0.0,0.0
2024-06-13 00:00:00-04:00,434.0289338170149,436.52964196122593,432.57182236972,434.74761962890625,15960600,0.0,0.0
2024-06-14 00:00:00-04:00,431.49865916361745,436.2834778568933,429.96279885352675,435.7222900390625,13582000,0.0,0.0
2024-06-17 00:00:00-04:00,435.741958721063,443.9627681496181,433.9008973733048,441.4325256347656,20790000,0.0,0.0
2024-06-18 00:00:00-04:00,442.75181252074634,443.1751821409538,438.00641324566425,439.4339599609375,17112500,0.0,0.0
2024-06-20 00:00:00-04:00,439.3945559147101,439.6210080275433,434.4423844149745,438.8038635253906,19877400,0.0,0.0
2024-06-21 00:00:00-04:00,440.45787995794916,443.6083496603445,439.60134591371855,442.82073974609375,34187100,0.0,0.0
2024-06-24 00:00:00-04:00,442.84045705555275,445.74482519591487,439.5029244573709,440.7434387207031,15913700,0.0,0.0
2024-06-25 00:00:00-04:00,441.3143898379412,444.4353547941903,439.83759879553867,443.9726257324219,16413400,0.0,0.0
2024-06-26 00:00:00-04:00,442.05279974277113,446.5816317625772,441.25533495755695,445.1639099121094,16507000,0.0,0.0
2024-06-27 00:00:00-04:00,445.1836151073107,449.11190006347704,444.7799552473841,445.84326171875,14806300,0.0,0.0
2024-06-28 00:00:00-04:00,446.05981801420484,448.33407381119525,439.5028621939787,440.0345153808594,28362300,0.0,0.0
2024-07-01 00:00:00-04:00,441.71806471797646,450.2932899171113,438.7644825324962,449.6632080078125,17662800,0.0,0.0
2024-07-02 00:00:00-04:00,446.18782328625804,452.4789376582484,446.09918938158694,452.1737365722656,13979800,0.0,0.0
2024-07-03 00:00:00-04:00,451.1005881786126,453.88678735468443,450.79538710423196,453.6406555175781,9932800,0.0,0.0
2024-07-05 00:00:00-04:00,452.49864781422883,461.1034381760004,451.86856586852235,460.3256530761719,16000300,0.0,0.0
2024-07-08 00:00:00-04:00,459.33126311315795,460.4634937005408,457.27360437796756,459.02606201171875,12962300,0.0,0.0
2024-07-09 00:00:00-04:00,459.77431483044427,460.09919566591896,450.9135678636905,452.42974853515625,17207200,0.0,0.0
2024-07-10 00:00:00-04:00,454.0837171765978,459.24263100795065,451.76021694759896,459.035888671875,18196100,0.0,0.0
2024-07-11 00:00:00-04:00,455.81649732303464,457.5886345893225,444.5633265323156,447.66461181640625,23111200,0.0,0.0
2024-07-12 00:00:00-04:00,447.3003398715442,449.2989293786312,443.6772860929006,446.53240966796875,16324300,0.0,0.0
2024-07-15 00:00:00-04:00,446.28627396172595,450.185024234339,444.44521246679955,446.9360656738281,14429400,0.0,0.0
2024-07-16 00:00:00-04:00,447.19208006387777,447.27082904351875,439.74905460392523,442.5647888183594,17175700,0.0,0.0
2024-07-17 00:00:00-04:00,435.74198947896895,437.9670310742686,432.38474735385836,436.6575927734375,21778000,0.0,0.0
2024-07-18 00:00:00-04:00,437.46491051123894,437.7701116080265,427.6787055457858,433.55633544921875,20794800,0.0,0.0
2024-07-19 00:00:00-04:00,426.39883667006126,434.3144456334854,425.31585048613374,430.3467712402344,20940400,0.0,0.0
2024-07-22 00:00:00-04:00,434.95437784378936,437.7208974938516,432.1189340633458,436.0865783691406,15808800,0.0,0.0
2024-07-23 00:00:00-04:00,437.03166701756135,441.4522150715158,436.24405718750495,437.96697998046875,13107100,0.0,0.0
2024-07-24 00:00:00-04:00,433.6350720518326,434.649133994153,420.9740350363965,422.2637634277344,26805800,0.0,0.0
2024-07-25 00:00:00-04:00,422.1653487650477,423.14987619224735,411.05005574464656,411.92626953125,29943800,0.0,0.0
2024-07-26 00:00:00-04:00,411.7293557750341,422.28349032231534,410.8137224917234,418.68994140625,23583800,0.0,0.0
2024-07-29 00:00:00-04:00,424.9022832711689,425.4634710488169,418.12876061583677,420.1273498535156,15125800,0.0,0.0
2024-07-30 00:00:00-04:00,421.1020622928212,422.4114705197089,410.90234276735913,416.3763427734375,32687600,0.0,0.0
2024-07-31 00:00:00-04:00,413.9937419087569,415.2539356882569,405.83200193737093,411.87701416015625,42891400,0.0,0.0
2024-08-01 00:00:00-04:00,414.27930323794226,420.8460843318748,406.69843005351635,410.6562194824219,30296400,0.0,0.0
2024-08-02 00:00:00-04:00,406.10766494731143,408.57883813707474,398.08377329176966,402.1695556640625,29437900,0.0,0.0
2024-08-05 00:00:00-04:00,383.1484957861814,394.8348298232827,379.6140164017355,389.03594970703125,40709200,0.0,0.0
2024-08-06 00:00:00-04:00,393.81095153508136,399.39323499306323,392.3341604668248,393.4269714355469,24946500,0.0,0.0
2024-08-07 00:00:00-04:00,402.3173368345742,403.73502880977026,391.32015130804484,392.2652893066406,20650900,0.0,0.0
2024-08-08 00:00:00-04:00,396.2132187300544,399.58028569311574,393.7519001712231,396.4593505859375,20203000,0.0,0.0
2024-08-09 00:00:00-04:00,397.7785627439822,401.7363516629641,396.03596024402367,399.7377624511719,19276700,0.0,0.0
2024-08-12 00:00:00-04:00,400.76175687200634,402.4354656198074,397.9853821448799,400.515625,16762900,0.0,0.0
2024-08-13 00:00:00-04:00,403.2525929980432,408.52967573215994,403.23291326546496,407.6042175292969,19414300,0.0,0.0
2024-08-14 00:00:00-04:00,408.3820014539116,411.25683501944593,406.06838582856113,410.4101257324219,18267000,0.0,0.0
2024-08-15 00:00:00-04:00,414.0495331175792,415.34158622213624,411.9388626649199,415.2626953125,20752100,0.75,0.0
2024-08-16 00:00:00-04:00,414.8386210132459,415.56847485047064,411.58380640221424,412.73779296875,22775600,0.0,0.0
2024-08-19 00:00:00-04:00,413.22102581055816,415.97281647426513,410.7552711189502,415.7558288574219,15234000,0.0,0.0
2024-08-20 00:00:00-04:00,415.92356696995296,420.0265568174448,415.8643912576991,418.9810791015625,16387600,0.0,0.0
2024-08-21 00:00:00-04:00,418.27090283610073,420.55913050260955,415.943244764668,418.3301086425781,16067300,0.0,0.0
2024-08-22 00:00:00-04:00,418.5470440541718,420.94378045645306,408.9306008917766,409.85772705078125,19361900,0.0,0.0
2024-08-23 00:00:00-04:00,411.26821033098173,413.51697764071497,406.4451792024677,411.080810546875,18493800,0.0,0.0
2024-08-26 00:00:00-04:00,410.6665432369522,411.56408163461276,405.7054455704439,407.82598876953125,13152800,0.0,0.0
2024-08-27 00:00:00-04:00,407.2046168469379,408.68406980179446,404.6303831532702,408.17120361328125,13492900,0.0,0.0
2024-08-28 00:00:00-04:00,409.19692623598894,409.315277644923,401.73061382710534,404.9755554199219,14882700,0.0,0.0
2024-08-29 00:00:00-04:00,409.2561363555491,416.26872882049446,404.975589475056,407.4610595703125,17045200,0.0,0.0
2024-08-30 00:00:00-04:00,409.90708149754283,411.7711764633265,406.4846126518204,411.4259948730469,24308300,0.0,0.0
2024-09-03 00:00:00-04:00,412.1853985449122,414.1284143405953,401.4544298925835,403.8314208984375,20313600,0.0,0.0
2024-09-04 00:00:00-04:00,400.3498254636215,405.6068015782242,398.830912042889,403.2988586425781,15135800,0.0,0.0
2024-09-05 00:00:00-04:00,402.036335234427,407.4412799387572,400.5667551830583,402.7958068847656,14195500,0.0,0.0
2024-09-06 00:00:00-04:00,403.4566777506577,405.0248942566708,395.30981392110493,396.197509765625,19609500,0.0,0.0
2024-09-09 00:00:00-04:00,401.6615826272171,403.0522719406784,396.6413094868822,400.16241455078125,15295100,0.0,0.0
2024-09-10 00:00:00-04:00,402.6084940695935,410.62710415809914,402.11534306269766,408.52630615234375,19594300,0.0,0.0
2024-09-11 00:00:00-04:00,409.80842324527,418.1821164133012,403.9695029843538,417.2451477050781,19266900,0.0,0.0
2024-09-12 00:00:00-04:00,417.511513528787,421.5158973973183,414.00028067952854,421.1509704589844,17395700,0.0,0.0
2024-09-13 00:00:00-04:00,419.9969351521576,425.914746697553,419.6320082561189,424.6917419433594,15874600,0.0,0.0
2024-09-16 00:00:00-04:00,424.70160374609685,427.5914610863902,422.3542004104568,425.43145751953125,13834700,0.0,0.0
2024-09-17 00:00:00-04:00,434.1997005769437,435.79750485485505,426.3487157034463,429.18927001953125,18874200,0.0,0.0
2024-09-18 00:00:00-04:00,429.04132931995406,430.05721907964937,424.5142071811442,424.9087219238281,18898000,0.0,0.0
2024-09-19 00:00:00-04:00,435.1860014052933,435.452292084435,430.91529729082623,432.6807861328125,21706600,0.0,0.0
2024-09-20 00:00:00-04:00,431.23088727806737,433.2232061386539,428.27198178833163,429.3075866699219,55167100,0.0,0.0
2024-09-23 00:00:00-04:00,428.33121902605126,430.48135010026584,424.4945200082598,427.57177734375,15128900,0.0,0.0
2024-09-24 00:00:00-04:00,427.0686909653906,427.41390262464773,420.26321438100086,423.2911682128906,17015800,0.0,0.0
2024-09-25 00:00:00-04:00,423.94215074360574,427.1870925626301,422.69943076362244,426.19091796875,13396400,0.0,0.0
2024-09-26 00:00:00-04:00,429.1300753187062,429.33719028271923,423.2517246244965,425.40185546875,14492000,0.0,0.0
2024-09-27 00:00:00-04:00,425.6089779793521,425.93447445668835,421.6144673905514,422.15692138671875,14896100,0.0,0.0
2024-09-30 00:00:00-04:00,422.3443332995087,424.52408219664926,419.54323948144145,424.40570068359375,16807300,0.0,0.0
2024-10-01 00:00:00-04:00,422.58108089859957,422.61066875300435,413.07311568923785,414.9273681640625,19092900,0.0,0.0
2024-10-02 00:00:00-04:00,416.7914961856054,417.02822913913116,411.00190811888234,411.4161682128906,16582300,0.0,0.0
2024-10-03 00:00:00-04:00,411.9092940444477,413.8029769595959,408.6150490966078,410.834228515625,13686400,0.0,0.0
2024-10-04 00:00:00-04:00,412.5109097932594,414.00023534021534,409.28571331626097,410.36077880859375,19169700,0.0,0.0
2024-10-07 00:00:00-04:00,410.30158600641573,411.3963666559109,403.3974727803463,403.9300842285156,20919800,0.0,0.0
2024-10-08 00:00:00-04:00,405.27145839926953,409.966265233936,402.57887338489604,409.0292663574219,19229300,0.0,0.0
2024-10-09 00:00:00-04:00,410.16348810998284,414.6215919010832,408.62485957486433,411.7415771484375,14974300,0.0,0.0
2024-10-10 00:00:00-04:00,409.54216908706456,411.63312440285347,407.49064417755886,410.143798828125,13848400,0.0,0.0
2024-10-11 00:00:00-04:00,410.4396908978323,411.41612015597997,407.589263932771,410.6172180175781,14144900,0.0,0.0
2024-10-14 00:00:00-04:00,412.0473312101826,418.2314633461143,411.80075573680847,413.3985900878906,16653100,0.0,0.0
2024-10-15 00:00:00-04:00,416.3969398711013,416.69284850861214,409.57174739931537,413.0040588378906,18900200,0.0,0.0
2024-10-16 00:00:00-04:00,409.4829836231505,410.65665522282575,404.85722518493617,410.4199523925781,15508900,0.0,0.0
2024-10-17 00:00:00-04:00,416.57450753710987,416.7126042679644,409.8972536844407,411.01177978515625,14820000,0.0,0.0
2024-10-18 00:00:00-04:00,411.4260201751563,413.90161766396704,410.5580696214905,412.4320373535156,17145300,0.0,0.0
2024-10-21 00:00:00-04:00,410.41998166329415,413.22107571933117,408.08245074925037,413.0435485839844,14206100,0.0,0.0
2024-10-22 00:00:00-04:00,412.75749822543423,424.68188532771023,412.3136804024992,421.6539611816406,25482200,0.0,0.0
2024-10-23 00:00:00-04:00,424.9580432083023,425.17503084101816,416.74216121867397,418.7838134765625,19654400,0.0,0.0
2024-10-24 00:00:00-04:00,419.5037748840412,420.144895200207,416.6139175340375,418.9120178222656,13581600,0.0,0.0
2024-10-25 00:00:00-04:00,420.91418182997273,426.5952599466425,420.7267820728724,422.2851257324219,16899100,0.0,0.0
2024-10-28 00:00:00-04:00,425.7471405789212,426.02330394508874,420.46054601286414,420.74658203125,14882400,0.0,0.0
2024-10-29 00:00:00-04:00,422.1372070838931,427.23640107681365,419.96733089551304,426.0331115722656,17644100,0.0,0.0
2024-10-30 00:00:00-04:00,431.4479095602445,432.4933871760131,426.1810609771617,426.60516357421875,29749100,0.0,0.0
2024-10-31 00:00:00-04:00,409.6703738017444,410.4594334413064,400.73448031809437,400.7838134765625,53971000,0.0,0.0
2024-11-01 00:00:00-04:00,403.40736208449033,409.80845197934053,401.9180365381017,404.74871826171875,24230400,0.0,0.0
2024-11-04 00:00:00-05:00,404.1864784886832,404.79801090779887,400.0144410053543,402.8648376464844,19672300,0.0,0.0
2024-11-05 00:00:00-05:00,402.7761220934701,409.21667261639857,402.49008610038965,405.82379150390625,17626000,0.0,0.0
2024-11-06 00:00:00-05:00,406.77066424480597,414.69066771455005,404.8966664565658,414.4243469238281,26681800,0.0,0.0
2024-11-07 00:00:00-05:00,415.5092398399127,421.0029483375747,414.12842327754487,419.6023864746094,19901800,0.0,0.0
2024-11-08 00:00:00-05:00,419.4939629624982,420.65779206836214,416.00244554535874,416.7520446777344,16891400,0.0,0.0
2024-11-11 00:00:00-05:00,416.7323203125478,418.9909603752076,410.3016419524007,412.28411865234375,24503300,0.0,0.0
2024-11-12 00:00:00-05:00,412.5207686609151,418.6259798148705,411.485163708279,417.23529052734375,19401200,0.0,0.0
2024-11-13 00:00:00-05:00,415.8643777407356,423.44901221052845,412.481339102593,419.3756103515625,21502200,0.0,0.0
2024-11-14 00:00:00-05:00,419.17835521776294,422.30494584048273,414.2468451563775,421.04248046875,30246900,0.0,0.0
2024-11-15 00:00:00-05:00,414.06935196516207,417.0085129390011,407.9740122534604,409.31536865234375,28247600,0.0,0.0
2024-11-18 00:00:00-05:00,409.1870572477352,412.66870168958155,406.45501186857297,410.06488037109375,24727000,0.0,0.0
2024-11-19 00:00:00-05:00,407.4511618868994,412.2150169012381,405.912533336808,412.06707763671875,18133500,0.0,0.0
2024-11-20 00:00:00-05:00,411.1596854793811,411.57394553855335,404.9558378403451,409.798583984375,19191700,0.0,0.0
2024-11-21 00:00:00-05:00,414.5818472703372,414.85856338751086,405.47983232208855,408.0295715332031,20780200,0.83,0.0
2024-11-22 00:00:00-05:00,406.547145598137,412.50644943843054,406.2407824115055,412.11114501953125,24814600,0.0,0.0
2024-11-25 00:00:00-05:00,413.4749606494442,416.14328803070504,409.9863472135053,413.8801574707031,27691100,0.0,0.0
2024-11-26 00:00:00-05:00,414.6707766023476,424.0099980685231,413.93946191933657,422.9722900390625,23458900,0.0,0.0
2024-11-27 00:00:00-05:00,420.12608556589345,422.22125646736464,417.07231569319254,418.03094482421875,18332400,0.0,0.0
2024-11-29 00:00:00-05:00,415.16493646523105,419.8987878079345,412.90177557031507,418.49542236328125,16271900,0.0,0.0
2024-12-02 00:00:00-05:00,416.6275643373692,427.9235529659965,416.370602899235,425.92724609375,20207200,0.0,0.0
2024-12-03 00:00:00-05:00,424.80061260374794,427.3997836787713,422.72522667678595,426.1446838378906,18302000,0.0,0.0
2024-12-04 00:00:00-05:00,427.95320145991604,434.5153692878957,427.5578970490266,432.291748046875,26009400,0.0,0.0
2024-12-05 00:00:00-05:00,432.7859063083414,439.44687793021666,431.0564230401268,437.4307861328125,21697800,0.0,0.0
2024-12-06 00:00:00-05:00,437.1145294101148,440.8699968788184,436.5907442566123,438.3696594238281,18821000,0.0,0.0
2024-12-09 00:00:00-05:00,437.41103647885797,443.0738395996816,435.33565050126293,440.7909240722656,19144400,0.0,0.0
2024-12-10 00:00:00-05:00,439.1800467406791,444.34871163189086,436.42274787532307,438.1324462890625,18469500,0.0,0.0
2024-12-11 00:00:00-05:00,438.84401807874156,445.0701760009867,438.84401807874156,443.7261047363281,19200200,0.0,0.0
2024-12-12 00:00:00-05:00,443.8446923743848,450.81205740820604,443.8446923743848,444.2894287109375,20834800,0.0,0.0
2024-12-13 00:00:00-05:00,443.1825414368637,446.13747735633456,440.3560560775405,442.0262451171875,20177800,0.0,0.0
2024-12-16 00:00:00-05:00,442.0262333394617,446.87867253224385,440.0595735829624,446.29559326171875,23598800,0.0,0.0
2024-12-17 00:00:00-05:00,445.7224840542358,449.95230522527515,444.29936383222275,449.13201904296875,22733500,0.0,0.0
2024-12-18 00:00:00-05:00,446.02882636391814,447.3432204529913,431.89645846414146,432.26214599609375,24444500,0.0,0.0
2024-12-19 00:00:00-05:00,436.4425256398133,437.98423408144293,431.2046739034814,431.9063415527344,22963700,0.0,0.0
2024-12-20 00:00:00-05:00,428.03227991601136,438.5376604876813,423.6048219518138,431.48138427734375,64263700,0.0,0.0
2024-12-23 00:00:00-05:00,431.6197693083459,432.5191043348879,427.7556054663108,430.1472473144531,19152500,0.0,0.0
2024-12-24 00:00:00-05:00,429.55422661934296,434.44620567192754,429.0996280307953,434.1793518066406,7164500,0.0,0.0
2024-12-26 00:00:00-05:00,433.9322924323696,435.7705018127553,431.5110338839644,432.9736633300781,8194200,0.0,0.0
2024-12-27 00:00:00-05:00,429.5048352492743,430.117561657289,421.351556737901,425.4825439453125,18117700,0.0,0.0
2024-12-30 00:00:00-05:00,421.0649558192297,422.5374777077036,416.9537232035626,419.849365234375,13158700,0.0,0.0
