Date,Open,High,Low,Close,Volume,Dividends,Stock Splits
2019-01-02 00:00:00-05:00,3.2348809239183947,3.429013258388677,3.2202714611216474,3.373051643371582,508752000,0.0,0.0
2019-01-03 00:00:00-05:00,3.3128810650449374,3.3468047509537686,3.161834173940892,3.169262647628784,705552000,0.0,0.0
2019-01-04 00:00:00-05:00,3.242309633257826,3.4104422086734654,3.2116051054063632,3.3723092079162598,585620000,0.0,0.0
2019-01-07 00:00:00-05:00,3.4295095174791683,3.587737410041579,3.378252408279678,3.55084228515625,709160000,0.0,0.0
2019-01-08 00:00:00-05:00,3.63230781142824,3.6345365657870636,3.389889803420566,3.462441921234131,786016000,0.0,0.0
2019-01-09 00:00:00-05:00,3.513698909920698,3.5778321572029506,3.4631849627780333,3.5305371284484863,617260000,0.0,0.0
2019-01-10 00:00:00-05:00,3.5112232812615605,3.60482271243211,3.4508043821688683,3.596156120300293,523156000,0.0,0.0
2019-01-11 00:00:00-05:00,3.57387062673555,3.7080797783897244,3.5461375306410936,3.6852989196777344,874764000,0.0,0.0
2019-01-14 00:00:00-05:00,3.6330505989268924,3.750421503288713,3.6095268272091663,3.7251644134521484,730168000,0.0,0.0
2019-01-15 00:00:00-05:00,3.7578510668778264,3.797222431176594,3.6927276413992356,3.7110514640808105,617012000,0.0,0.0
2019-01-16 00:00:00-05:00,3.7382891076955467,3.77122215927641,3.6800989606620003,3.685546398162842,470104000,0.0,0.0
2019-01-17 00:00:00-05:00,3.6526129641538416,3.7967265753472876,3.6253748349137225,3.7568600177764893,493436000,0.0,0.0
2019-01-18 00:00:00-05:00,3.806631345995397,3.911869037587816,3.7551267594139857,3.885869026184082,651336000,0.0,0.0
2019-01-22 00:00:00-05:00,3.8556598047693034,3.8672978334715524,3.6536035256723487,3.6838128566741943,661552000,0.0,0.0
2019-01-23 00:00:00-05:00,3.7390312028053936,3.8276783812887025,3.665488687412012,3.696688413619995,591020000,0.0,0.0
2019-01-24 00:00:00-05:00,3.781127272802894,3.9259835875739695,3.7764225172060657,3.908402919769287,708972000,0.0,0.0
2019-01-25 00:00:00-05:00,3.848973687391146,3.9836777833396004,3.7464599562394896,3.965601682662964,1154572000,0.0,0.0
2019-01-28 00:00:00-05:00,3.3812238348954637,3.507261357582652,3.24379600096317,3.4173760414123535,2511528000,0.0,0.0
2019-01-29 00:00:00-05:00,3.371318852816988,3.419604521098029,3.2440432219899566,3.258652687072754,1153932000,0.0,0.0
2019-01-30 00:00:00-05:00,3.3346718522928787,3.4163857793900756,3.255186443907979,3.402024030685425,974228000,0.0,0.0
2019-01-31 00:00:00-05:00,3.3988046746644693,3.595165806236764,3.377014216677439,3.559508800506592,842852000,0.0,0.0
2019-02-01 00:00:00-05:00,3.5780798883137495,3.634784430377582,3.5305373742978947,3.583775043487549,625048000,0.0,0.0
2019-02-04 00:00:00-05:00,3.599622614798295,3.7311078003189513,3.5775846762279366,3.693965196609497,528592000,0.0,0.0
2019-02-05 00:00:00-05:00,3.7058507771176155,3.7496791731204335,3.672174809486618,3.713031768798828,542424000,0.0,0.0
2019-02-06 00:00:00-05:00,3.7462121158666477,3.852935634337346,3.740764679334383,3.7885549068450928,702464000,0.0,0.0
2019-02-07 00:00:00-05:00,3.7422505305478992,3.7444790489285333,3.6075464299573263,3.6503841876983643,637120000,0.0,0.0
2019-02-08 00:00:00-05:00,3.5832798133270645,3.679603194977889,3.5689180664556606,3.6689558029174805,461604000,0.0,0.0
2019-02-11 00:00:00-05:00,3.624879825182458,3.6791081322542047,3.578079991863121,3.6263656616210938,495180000,0.0,0.0
2019-02-12 00:00:00-05:00,3.664745608215041,3.758840455010406,3.6503836277041213,3.7432403564453125,591060000,0.0,0.0
2019-02-13 00:00:00-05:00,3.7727078257234665,3.858631301098717,3.759088760291424,3.785583972930908,605372000,0.0,0.0
2019-02-14 00:00:00-05:00,3.7845934521398967,3.8546693413233784,3.74150773868974,3.8264408111572266,827264000,0.0,0.0
2019-02-15 00:00:00-05:00,4.034935762176138,4.0577163863646435,3.8732412210396645,3.896022081375122,1516748000,0.0,0.0
2019-02-19 00:00:00-05:00,3.885374605031909,3.959164862996342,3.8663080993545185,3.8786888122558594,551892000,0.0,0.0
2019-02-20 00:00:00-05:00,3.907906850947188,3.9930874019007936,3.8967642591234353,3.92598295211792,540988000,0.0,0.0
2019-02-21 00:00:00-05:00,3.9386115010375433,3.9631254384785057,3.8425356068869903,3.857145071029663,448548000,0.0,0.0
2019-02-22 00:00:00-05:00,3.908898059387055,3.960650134003871,3.895278992952339,3.941831111907959,401740000,0.0,0.0
2019-02-25 00:00:00-05:00,4.025278219081672,4.092630154426869,3.9207832069845323,3.929450035095215,656020000,0.0,0.0
2019-02-26 00:00:00-05:00,3.924745147447787,3.980706770363881,3.856650060045319,3.890078544616699,488464000,0.0,0.0
2019-02-27 00:00:00-05:00,3.875717408161542,3.902212387421229,3.7912795242699078,3.848231792449951,500256000,0.0,0.0
2019-02-28 00:00:00-05:00,3.8420343108237707,3.8643429349671288,3.801383218768535,3.8236916065216064,324944000,0.004,0.0
2019-03-01 00:00:00-05:00,3.8735145504391952,3.920114645041173,3.8152644321867233,3.877976417541504,357188000,0.0,0.0
2019-03-04 00:00:00-05:00,3.916396307522011,3.9392006420677186,3.829640599606062,3.886155843734741,409992000,0.0,0.0
2019-03-05 00:00:00-05:00,3.870539680751214,3.917883454737757,3.816255487925633,3.879711151123047,362924000,0.0,0.0
2019-03-06 00:00:00-05:00,3.8707880269861183,3.8792155779351165,3.7661855511122075,3.7689120769500732,403524000,0.0,0.0
2019-03-07 00:00:00-05:00,3.74536338040612,3.755030560397522,3.6536503391344715,3.6997547149658203,450104000,0.0,0.0
2019-03-08 00:00:00-05:00,3.610521625866339,3.7446211400673826,3.5892044174478834,3.7339625358581543,422416000,0.0,0.0
2019-03-11 00:00:00-04:00,3.757509054703572,4.017031980745326,3.710413025385301,3.994227886199951,859728000,0.0,0.0
2019-03-12 00:00:00-04:00,4.021989809263708,4.074786629138914,3.9458927102492316,4.028434753417969,579576000,0.0,0.0
2019-03-13 00:00:00-04:00,4.065863269613638,4.208885994672627,4.058426904875303,4.1796369552612305,768900000,0.0,0.0
2019-03-14 00:00:00-04:00,4.188808493413833,4.200706488078726,4.096103797162113,4.103787899017334,519384000,0.0,0.0
2019-03-15 00:00:00-04:00,4.146918075590544,4.251768511099473,4.143447866293532,4.209134578704834,661484000,0.0,0.0
2019-03-18 00:00:00-04:00,4.240614399309603,4.294403118729659,4.160799108934964,4.187817573547363,486992000,0.0,0.0
2019-03-19 00:00:00-04:00,4.282257440795719,4.39974957567434,4.265402338243507,4.355380058288574,854972000,0.0,0.0
2019-03-20 00:00:00-04:00,4.3843807498112275,4.437673521455852,4.2882058347189105,4.322908401489258,719148000,0.0,0.0
2019-03-21 00:00:00-04:00,4.345960748082415,4.585653881326078,4.341003170959589,4.5593791007995605,824312000,0.0,0.0
2019-03-22 00:00:00-04:00,4.532112191981738,4.5806951113483825,4.385867014405987,4.399747848510742,747644000,0.0,0.0
2019-03-25 00:00:00-04:00,4.359098568846415,4.423297453120556,4.241358694459646,4.3075408935546875,525212000,0.0,0.0
2019-03-26 00:00:00-04:00,4.449075417579673,4.505094712857802,4.327865357021131,4.3841328620910645,703508000,0.0,0.0
2019-03-27 00:00:00-04:00,4.409664422261027,4.4560163056173785,4.305557660121188,4.374961853027344,474372000,0.0,0.0
2019-03-28 00:00:00-04:00,4.400988196292479,4.459238546118691,4.340507267685018,4.393552303314209,480264000,0.0,0.0
2019-03-29 00:00:00-04:00,4.460230594950168,4.475103328561793,4.40991255062805,4.450811386108398,456896000,0.0,0.0
2019-04-01 00:00:00-04:00,4.542524769376166,4.548473768374413,4.470889517113949,4.518233299255371,483824000,0.0,0.0
2019-04-02 00:00:00-04:00,4.542277092500362,4.58044940319599,4.499394940844247,4.5360798835754395,440920000,0.0,0.0
2019-04-03 00:00:00-04:00,4.585654069826234,4.734378080160501,4.5806964924996185,4.675384044647217,783504000,0.0,0.0
2019-04-04 00:00:00-04:00,4.660016045538845,4.708847191535176,4.603749006002984,4.666460990905762,457376000,0.0,0.0
2019-04-05 00:00:00-04:00,4.709590777561988,4.750490082301822,4.673153576189871,4.733138561248779,481744000,0.0,0.0
2019-04-08 00:00:00-04:00,4.702651143996761,4.77899624193223,4.678607409436,4.753961086273193,424192000,0.0,0.0
2019-04-09 00:00:00-04:00,4.720497462602522,4.731651775718686,4.649109953215193,4.691248416900635,439972000,0.0,0.0
2019-04-10 00:00:00-04:00,4.690505058897401,4.78742320116161,4.686043427897053,4.76164436340332,444772000,0.0,0.0
2019-04-11 00:00:00-04:00,4.764122784482669,4.795602881676551,4.698436537073652,4.747763156890869,374600000,0.0,0.0
2019-04-12 00:00:00-04:00,4.786430241363831,4.790396396967213,4.701161914525343,4.709837436676025,471708000,0.0,0.0
2019-04-15 00:00:00-04:00,4.702155077037097,4.707112655182622,4.5385587804801535,4.578218460083008,440092000,0.0,0.0
2019-04-16 00:00:00-04:00,4.617382435474857,4.684060108921409,4.584663177793732,4.665221691131592,394964000,0.0,0.0
2019-04-17 00:00:00-04:00,4.700171357591933,4.7209926145799885,4.6201083293303,4.642416954040527,351004000,0.0,0.0
2019-04-18 00:00:00-04:00,4.649109362959098,4.683067772083667,4.590115332177181,4.617877006530762,380988000,0.0,0.0
2019-04-22 00:00:00-04:00,4.59432917131352,4.687281610127979,4.562849551023288,4.671665668487549,279936000,0.0,0.0
2019-04-23 00:00:00-04:00,4.684803889778941,4.757431036430355,4.675136943623363,4.726198673248291,346856000,0.0,0.0
2019-04-24 00:00:00-04:00,4.736608833155228,4.779243243282639,4.675880163403559,4.738592147827148,318204000,0.0,0.0
2019-04-25 00:00:00-04:00,4.698435532353966,4.720744153643242,4.553429966754181,4.632997035980225,499296000,0.0,0.0
2019-04-26 00:00:00-04:00,4.479316438242559,4.483778541684182,4.295642587770011,4.414373874664307,868988000,0.0,0.0
2019-04-29 00:00:00-04:00,4.422305273533989,4.472871519131866,4.350174087910344,4.445109844207764,391920000,0.0,0.0
2019-04-30 00:00:00-04:00,4.412886940548845,4.512036136906894,4.393800785257262,4.486505508422852,362920000,0.0,0.0
2019-05-01 00:00:00-04:00,4.538805714430242,4.580944171260318,4.4731190044189075,4.473367214202881,354280000,0.0,0.0
2019-05-02 00:00:00-04:00,4.4830342512147485,4.582431161421947,4.439904372692867,4.540788650512695,394684000,0.0,0.0
2019-05-03 00:00:00-04:00,4.549216779186023,4.559131460862227,4.474854539101852,4.536327362060547,336824000,0.0,0.0
2019-05-06 00:00:00-04:00,4.3501735919769935,4.470144483988638,4.312992714045154,4.457998752593994,422176000,0.0,0.0
2019-05-07 00:00:00-04:00,4.409664416633841,4.409664416633841,4.242845671273384,4.290933132171631,555220000,0.0,0.0
2019-05-08 00:00:00-04:00,4.263417907341127,4.3910724144750946,4.251519914220429,4.311009407043457,419168000,0.0,0.0
2019-05-09 00:00:00-04:00,4.242100839419127,4.251767781834073,4.099821809864849,4.218552589416504,660248000,0.0,0.0
2019-05-10 00:00:00-04:00,4.187817580474004,4.253256086285527,4.06512014568711,4.184595108032227,569500000,0.0,0.0
2019-05-13 00:00:00-04:00,4.052726782997496,4.075779091969789,3.911686876259981,3.927550792694092,656912000,0.0,0.0
2019-05-14 00:00:00-04:00,3.967209629629472,4.051734749753598,3.9285416198787013,4.016536712646484,524880000,0.0,0.0
2019-05-15 00:00:00-04:00,3.9610132584113797,3.9919974055631218,3.901771726020397,3.9555602073669434,502320000,0.0,0.0
2019-05-16 00:00:00-04:00,3.9501069539339073,4.013314643034374,3.9077207575150528,3.9706802368164062,781088000,0.0,0.0
2019-05-17 00:00:00-04:00,3.928789526610234,4.0579314152164665,3.8405466983458,3.879958391189575,1022068000,0.0,0.0
2019-05-20 00:00:00-04:00,3.7813056382624497,3.8363335181039435,3.736688387279552,3.7614758014678955,572064000,0.0,0.0
2019-05-21 00:00:00-04:00,3.8222051014554737,3.8593859901925756,3.7835368447903055,3.843522071838379,361848000,0.0,0.0
2019-05-22 00:00:00-04:00,3.8048539998931146,3.8308805743775762,3.7617238764197856,3.772630453109741,325868000,0.0,0.0
2019-05-23 00:00:00-04:00,3.7104138991528792,3.7104138991528792,3.591930587012482,3.651668071746826,591844000,0.0,0.0
2019-05-24 00:00:00-04:00,3.670506072343846,3.705704114217534,3.5911867278095704,3.597879409790039,357584000,0.0,0.0
2019-05-28 00:00:00-04:00,3.615478059102354,3.6481973089986552,3.550783006705381,3.5527660846710205,428356000,0.0,0.0
2019-05-29 00:00:00-04:00,3.5051742789553133,3.540124343200313,3.4439496731796475,3.478652000427246,559800000,0.0,0.0
2019-05-30 00:00:00-04:00,3.4818780247487977,3.5176125138521255,3.413883216548016,3.452099323272705,394300000,0.004,0.0
2019-05-31 00:00:00-04:00,3.403213198882425,3.4704634892612543,3.359785827593994,3.361522912979126,389720000,0.0,0.0
2019-06-03 00:00:00-04:00,3.372688926310871,3.4114013059025963,3.290549425375923,3.3198318481445312,478644000,0.0,0.0
2019-06-04 00:00:00-04:00,3.383856373826162,3.5538434001141703,3.3617705442284787,3.5486321449279785,641836000,0.0,0.0
2019-06-05 00:00:00-04:00,3.6223349221050043,3.6277944343818405,3.469718964759109,3.5059497356414795,511616000,0.0,0.0
2019-06-06 00:00:00-04:00,3.5101680748232,3.592555843398238,3.507686457076579,3.567988395690918,408140000,0.0,0.0
2019-06-07 00:00:00-04:00,3.573944473908411,3.64491694860971,3.5548362996995038,3.6106715202331543,348856000,0.0,0.0
2019-06-10 00:00:00-04:00,3.6667542880905364,3.751871926796755,3.6667542880905364,3.6833808422088623,402780000,0.0,0.0
2019-06-11 00:00:00-04:00,3.7431863298375854,3.780906161129714,3.7014962889274483,3.740952968597412,383872000,0.0,0.0
2019-06-12 00:00:00-04:00,3.6975258640966544,3.7037299087080866,3.612904730873607,3.628042221069336,358892000,0.0,0.0
2019-06-13 00:00:00-04:00,3.6501285669002215,3.6975263857824703,3.63250945637403,3.6791629791259766,308080000,0.0,0.0
2019-06-14 00:00:00-04:00,3.5861045203899655,3.6104237166846116,3.5446624894290077,3.5893304347991943,394428000,0.0,0.0
2019-06-17 00:00:00-04:00,3.5875925454851405,3.6359831440619303,3.5647621832656573,3.5990078449249268,276040000,0.0,0.0
2019-06-18 00:00:00-04:00,3.6603023633506604,3.849149070172521,3.6493835766947877,3.7938103675842285,581920000,0.0,0.0
2019-06-19 00:00:00-04:00,3.829048729718864,3.8404637930278342,3.7737097883346435,3.7997663021087646,331644000,0.0,0.0
2019-06-20 00:00:00-04:00,3.890343687227134,3.9042403700145063,3.8096929917731086,3.8240859508514404,350168000,0.0,0.0
2019-06-21 00:00:00-04:00,3.809195823753906,3.8583307149583783,3.759564419714578,3.7660164833068848,434428000,0.0,0.0
2019-06-24 00:00:00-04:00,3.7873585064817115,3.8178817434588725,3.7402087138632987,3.788351058959961,282948000,0.0,0.0
2019-06-25 00:00:00-04:00,3.793314392133921,3.868257549349684,3.756339089777915,3.759068727493286,311868000,0.0,0.0
2019-06-26 00:00:00-04:00,3.8863726800215015,4.0131806021573935,3.8734685516761678,3.952133893966675,584072000,0.0,0.0
2019-06-27 00:00:00-04:00,4.037748373830597,4.069760442698096,4.001765621336326,4.050652503967285,445440000,0.0,0.0
2019-06-28 00:00:00-04:00,4.094576480462772,4.103758420847202,4.02881525208753,4.07546854019165,397668000,0.0,0.0
2019-07-01 00:00:00-04:00,4.282429770761454,4.316675433416628,4.086138206588349,4.123610019683838,709756000,0.0,0.0
2019-07-02 00:00:00-04:00,4.106984405330587,4.12807792581039,4.012685269424141,4.025837421417236,400228000,0.0,0.0
2019-07-03 00:00:00-04:00,4.049162668133274,4.05487043601337,3.9789347351642497,4.038740158081055,246636000,0.0,0.0
2019-07-05 00:00:00-04:00,3.9804254839025583,3.984892208196945,3.9129266864616765,3.9762067794799805,396552000,0.0,0.0
2019-07-08 00:00:00-04:00,3.9166477915283986,3.935507708463473,3.8712353210074615,3.901262044906616,329788000,0.0,0.0
2019-07-09 00:00:00-04:00,3.8590755684712126,3.9317853634338737,3.846419695875436,3.9037437438964844,342860000,0.0,0.0
2019-07-10 00:00:00-04:00,3.947171065308045,4.02931058133632,3.933274383924666,3.971986770629883,452076000,0.0,0.0
2019-07-11 00:00:00-04:00,4.044945855923083,4.167038849767303,4.007722520722885,4.126341342926025,682560000,0.0,0.0
2019-07-12 00:00:00-04:00,4.154133417324343,4.230317623047764,4.154133417324343,4.159344673156738,506392000,0.0,0.0
2019-07-15 00:00:00-04:00,4.180437000605939,4.196566803126031,4.122616689964118,4.150906085968018,289840000,0.0,0.0
2019-07-16 00:00:00-04:00,4.13601758306642,4.173240902590646,4.0906048776539645,4.1461920738220215,341444000,0.0,0.0
2019-07-17 00:00:00-04:00,4.147927754542017,4.218404159994443,4.118645337721644,4.211455821990967,348204000,0.0,0.0
2019-07-18 00:00:00-04:00,4.221880117074637,4.285904251028314,4.165300363666134,4.22312068939209,442192000,0.0,0.0
2019-07-19 00:00:00-04:00,4.261338087568565,4.267789917184944,4.173986817984335,4.179942607879639,344896000,0.0,0.0
2019-07-22 00:00:00-04:00,4.201283033217133,4.264314613440293,4.193838179494945,4.251410484313965,315940000,0.0,0.0
2019-07-23 00:00:00-04:00,4.290619028595652,4.361094983373158,4.274984789744258,4.359109878540039,428176000,0.0,0.0
2019-07-24 00:00:00-04:00,4.402290445777163,4.439265757152226,4.326354717535327,4.433557987213135,366236000,0.0,0.0
2019-07-25 00:00:00-04:00,4.392116116025074,4.404772228978653,4.279205072186886,4.302531719207764,392700000,0.0,0.0
2019-07-26 00:00:00-04:00,4.32957936095483,4.3911218696456285,4.32957936095483,4.344468593597412,274160000,0.0,0.0
2019-07-29 00:00:00-04:00,4.337272866461397,4.354395699492456,4.2501701091487964,4.338265419006348,248160000,0.0,0.0
2019-07-30 00:00:00-04:00,4.291859034016894,4.366057642208287,4.277465842577055,4.353898048400879,197772000,0.0,0.0
2019-07-31 00:00:00-04:00,4.322382761447272,4.323375787221284,4.144703092569086,4.1868896484375,359416000,0.0,0.0
2019-08-01 00:00:00-04:00,4.197312436118388,4.2876413418581345,4.040477778383073,4.092590808868408,421212000,0.0,0.0
2019-08-02 00:00:00-04:00,4.000026702880859,4.069262538224484,3.952629144156264,4.000026702880859,428348000,0.0,0.0
2019-08-05 00:00:00-04:00,3.8166408797478337,3.817881688657887,3.6950444464837853,3.74194598197937,589156000,0.0,0.0
2019-08-06 00:00:00-04:00,3.8166409945805504,3.862053466086372,3.7330124121395962,3.78065824508667,361272000,0.0,0.0
2019-08-07 00:00:00-04:00,3.7198604941277384,3.830786414031856,3.702489640001422,3.8188748359680176,372560000,0.0,0.0
2019-08-08 00:00:00-04:00,3.876447061037143,3.9285598589107837,3.8191230070421525,3.927319049835205,309300000,0.0,0.0
2019-08-09 00:00:00-04:00,3.886373693798237,3.889847864900533,3.7756960215533284,3.8260717391967773,341816000,0.0,0.0
2019-08-12 00:00:00-04:00,3.7739583908097614,3.8260711864760557,3.7364868102909505,3.75832462310791,279200000,0.0,0.0
2019-08-13 00:00:00-04:00,3.7568354485894377,3.918385086800619,3.717875040369741,3.872476100921631,351956000,0.0,0.0
2019-08-14 00:00:00-04:00,3.7843801116930753,3.7955471539062873,3.6804027985599177,3.7240781784057617,419880000,0.0,0.0
2019-08-15 00:00:00-04:00,3.74293895838976,3.7627914298790195,3.6575732836539174,3.6918187141418457,477200000,0.0,0.0
2019-08-16 00:00:00-04:00,3.954367259111893,4.00871317017012,3.8930725347505315,3.959578514099121,1007960000,0.0,0.0
2019-08-19 00:00:00-04:00,4.072737880593051,4.2538917113035914,4.056607602337402,4.238009452819824,815112000,0.0,0.0
2019-08-20 00:00:00-04:00,4.232551495488512,4.233048008507014,4.144704190238062,4.165797710418701,463188000,0.0,0.0
2019-08-21 00:00:00-04:00,4.23180660154158,4.30426815019991,4.210217043504893,4.2491774559021,427244000,0.0,0.0
2019-08-22 00:00:00-04:00,4.258854800460947,4.301289372684599,4.216171735153766,4.255380630493164,303488000,0.0,0.0
2019-08-23 00:00:00-04:00,4.178948538511534,4.233294687427818,4.011194876201635,4.031047344207764,568056000,0.0,0.0
2019-08-26 00:00:00-04:00,4.109713137439281,4.133784308031125,4.0675265839612145,4.105742454528809,318208000,0.0,0.0
2019-08-27 00:00:00-04:00,4.143959091471172,4.146688729399361,3.9858838515691355,4.015166282653809,290968000,0.0,0.0
2019-08-28 00:00:00-04:00,3.9888355777669298,4.057394231895982,3.949587864929308,4.004733085632324,255612000,0.004,0.0
2019-08-29 00:00:00-04:00,4.0961450900854235,4.180601728956362,4.09266748050093,4.148309707641602,357976000,0.0,0.0
2019-08-30 00:00:00-04:00,4.194512616324888,4.244193164669285,4.142844997659137,4.160978317260742,290616000,0.0,0.0
2019-09-03 00:00:00-04:00,4.088196553572964,4.121233846385008,4.055159260760922,4.078011989593506,296140000,0.0,0.0
2019-09-04 00:00:00-04:00,4.138621157565341,4.199479791476243,4.138621157565341,4.192027568817139,227728000,0.0,0.0
2019-09-05 00:00:00-04:00,4.294121111738001,4.470983126943168,4.292382307110529,4.464773178100586,695676000,0.0,0.0
2019-09-06 00:00:00-04:00,4.441423762629625,4.498307794844706,4.399692444164962,4.437697887420654,376976000,0.0,0.0
2019-09-09 00:00:00-04:00,4.468747664893921,4.57009581931913,4.4672571254435836,4.483651638031006,417524000,0.0,0.0
2019-09-10 00:00:00-04:00,4.450861340895248,4.576800991316352,4.441173784814077,4.550222396850586,352812000,0.0,0.0
2019-09-11 00:00:00-04:00,4.564879748688695,4.626980194188536,4.5358165961629755,4.578790187835693,361512000,0.0,0.0
2019-09-12 00:00:00-04:00,4.6252394080161,4.679887606082754,4.569348936249866,4.577297687530518,327840000,0.0,0.0
2019-09-13 00:00:00-04:00,4.510727553957993,4.547739457034524,4.475702720883678,4.519421577453613,324592000,0.0,0.0
2019-09-16 00:00:00-04:00,4.4444047777332525,4.5109763688048865,4.433971948267542,4.4764485359191895,231832000,0.0,0.0
2019-09-17 00:00:00-04:00,4.4831541821322025,4.502032765310931,4.436702993756735,4.497809886932373,223048000,0.0,0.0
2019-09-18 00:00:00-04:00,4.490855456841406,4.506504699218102,4.38429089143522,4.470734596252441,258152000,0.0,0.0
2019-09-19 00:00:00-04:00,4.4766967988047615,4.495078856815174,4.384539664785912,4.39522123336792,245476000,0.0,0.0
2019-09-20 00:00:00-04:00,4.394227465347032,4.4178254630479215,4.279465873580673,4.289649963378906,350244000,0.0,0.0
2019-09-23 00:00:00-04:00,4.289898995536494,4.388514346249962,4.286172646537439,4.343056678771973,249712000,0.0,0.0
2019-09-24 00:00:00-04:00,4.374355039009405,4.403914718861197,4.250154162024822,4.285675525665283,317268000,0.0,0.0
2019-09-25 00:00:00-04:00,4.28517829278737,4.4468880685788506,4.240465903650763,4.427264213562012,308432000,0.0,0.0
2019-09-26 00:00:00-04:00,4.417576506449211,4.426270529177949,4.354233799381316,4.405156135559082,234564000,0.0,0.0
2019-09-27 00:00:00-04:00,4.363425652757466,4.4140997332501275,4.205938731326209,4.266549110412598,362056000,0.0,0.0
2019-09-30 00:00:00-04:00,4.2923830327616175,4.3341143508758595,4.261084070387128,4.323929786682129,186184000,0.0,0.0
2019-10-01 00:00:00-04:00,4.3470300745038895,4.4960712003874725,4.317470398867783,4.322189807891846,366008000,0.0,0.0
2019-10-02 00:00:00-04:00,4.300331682329208,4.312255051152552,4.226059603195252,4.298344612121582,293372000,0.0,0.0
2019-10-03 00:00:00-04:00,4.30281615031141,4.509983162740951,4.272511194825309,4.503773212432861,450588000,0.0,0.0
2019-10-04 00:00:00-04:00,4.506008647850153,4.549479248546061,4.440927590168033,4.520167827606201,265524000,0.0,0.0
2019-10-07 00:00:00-04:00,4.585000137627918,4.678399071208503,4.576306113161044,4.578790187835693,480984000,0.0,0.0
2019-10-08 00:00:00-04:00,4.487129724048681,4.487129724048681,4.384291493041404,4.4024248123168945,444436000,0.0,0.0
2019-10-09 00:00:00-04:00,4.47917972567834,4.538299551257255,4.450365319380643,4.488867282867432,292412000,0.0,0.0
2019-10-10 00:00:00-04:00,4.486634125044649,4.597421133988705,4.481417709120079,4.546498775482178,309124000,0.0,0.0
2019-10-11 00:00:00-04:00,4.630456076046907,4.703237589078241,4.611577494595454,4.620023250579834,446404000,0.0,0.0
2019-10-14 00:00:00-04:00,4.61132922970183,4.654302809756783,4.580279015346232,4.633437156677246,200040000,0.0,0.0
2019-10-15 00:00:00-04:00,4.723607756181353,4.950398575300106,4.709696845354287,4.877864837646484,664124000,0.0,0.0
2019-10-16 00:00:00-04:00,4.843834501041377,4.9486602675172895,4.812784279880855,4.8242106437683105,428944000,0.0,0.0
2019-10-17 00:00:00-04:00,4.868675166363097,4.913635829593668,4.7717981463333325,4.826198577880859,263436000,0.0,0.0
2019-10-18 00:00:00-04:00,4.826694307935425,4.859235065815484,4.657532778080499,4.731804847717285,307440000,0.0,0.0
2019-10-21 00:00:00-04:00,4.793160569496206,4.882337095465651,4.774281981387723,4.868923187255859,261868000,0.0,0.0
2019-10-22 00:00:00-04:00,4.925807185318741,5.030881219658988,4.8512868422431765,4.858987331390381,328720000,0.0,0.0
2019-10-23 00:00:00-04:00,4.7770146283676835,4.860228993304525,4.745219137599581,4.846070289611816,279916000,0.0,0.0
2019-10-24 00:00:00-04:00,4.8873037697684545,4.923570399024333,4.853272949352469,4.890036582946777,232020000,0.0,0.0
2019-10-25 00:00:00-04:00,4.970518220820409,5.101674291975892,4.962817733779943,5.080808639526367,423092000,0.0,0.0
2019-10-28 00:00:00-04:00,5.124527570807019,5.189112078588046,5.095216158575196,5.136699676513672,330792000,0.0,0.0
2019-10-29 00:00:00-04:00,5.122789176999456,5.12924786518978,5.021193234752128,5.0405683517456055,211236000,0.0,0.0
2019-10-30 00:00:00-04:00,5.0673965602975635,5.073109979768941,4.974494151837034,5.042556285858154,205960000,0.0,0.0
2019-10-31 00:00:00-04:00,5.021689363981352,5.0425550187031005,4.9136347421803634,4.993371486663818,209732000,0.0,0.0
2019-11-01 00:00:00-04:00,4.958099912570321,5.064664501584004,4.933011371391051,5.03237247467041,283640000,0.0,0.0
2019-11-04 00:00:00-05:00,5.1133497137797965,5.2412769351408395,5.090248722853118,5.228856563568115,376716000,0.0,0.0
2019-11-05 00:00:00-05:00,5.228607194778429,5.254689258893449,5.158806284773975,5.206748008728027,300868000,0.0,0.0
2019-11-06 00:00:00-05:00,5.182655086783872,5.208240156857396,5.070128820646721,5.157566547393799,269012000,0.0,0.0
2019-11-07 00:00:00-05:00,5.244009765902245,5.2586654740785965,5.130489975417849,5.175202369689941,280340000,0.0,0.0
2019-11-08 00:00:00-05:00,5.15831147084381,5.1928393025780455,5.120802560053755,5.16129207611084,189100000,0.0,0.0
2019-11-11 00:00:00-05:00,5.16054779221556,5.194330360639648,5.074352329075755,5.171229362487793,243436000,0.0,0.0
2019-11-12 00:00:00-05:00,5.209480347760748,5.2626384845378045,5.174455523242987,5.206748008728027,283504000,0.0,0.0
2019-11-13 00:00:00-05:00,5.17545020261961,5.203022811864566,5.114592039558323,5.180915355682373,300188000,0.0,0.0
2019-11-14 00:00:00-05:00,5.1898585540740285,5.213457027543398,5.129993915496387,5.211221218109131,518080000,0.0,0.0
2019-11-15 00:00:00-05:00,5.208984947465319,5.260652561120242,4.983932909683737,5.072115898132324,1053628000,0.0,0.0
2019-11-18 00:00:00-05:00,5.064663468615245,5.299651321277817,5.061682863543426,5.273072719573975,574588000,0.0,0.0
2019-11-19 00:00:00-05:00,5.24202109431378,5.2656190846197255,5.108380956750247,5.166506767272949,414564000,0.0,0.0
2019-11-20 00:00:00-05:00,5.143656503190668,5.329460857686397,5.130987862956122,5.245749473571777,472588000,0.0,0.0
2019-11-21 00:00:00-05:00,5.241277770166367,5.296919527552921,5.199297713003257,5.2209086418151855,288388000,0.0,0.0
2019-11-22 00:00:00-05:00,5.243512616116402,5.289963813904937,5.214946470298649,5.238544940948486,224100000,0.0,0.0
2019-11-25 00:00:00-05:00,5.366472163475753,5.499864084447164,5.353555259338752,5.494895935058594,506476000,0.0,0.0
2019-11-26 00:00:00-05:00,5.4772591154009564,5.481978999429625,5.383860181618634,5.390318870544434,385244000,0.0,0.0
2019-11-27 00:00:00-05:00,5.435809803647838,5.4701141901312225,5.3987705869446065,5.4251203536987305,215784000,0.004,0.0
2019-11-29 00:00:00-05:00,5.394294186408728,5.4226324792819485,5.3639664095826225,5.38783073425293,141556000,0.0,0.0
2019-12-02 00:00:00-05:00,5.38087103973987,5.3942948425342525,5.18647766664446,5.201641082763672,372036000,0.0,0.0
2019-12-03 00:00:00-05:00,5.018186152052847,5.166094076664347,4.980898491762538,5.162117004394531,465232000,0.0,0.0
2019-12-04 00:00:00-05:00,5.245641816283171,5.268014509863485,5.177281018849271,5.205868244171143,273424000,0.0,0.0
2019-12-05 00:00:00-05:00,5.227745109280793,5.2434059031604034,5.158389555350193,5.188965797424316,184884000,0.0,0.0
2019-12-06 00:00:00-05:00,5.258070411204777,5.307041784962979,5.248126782890336,5.274228096008301,232236000,0.0,0.0
2019-12-09 00:00:00-05:00,5.251358509506359,5.328917103461136,5.242658071800371,5.274228096008301,211880000,0.0,0.0
2019-12-10 00:00:00-05:00,5.304307007637459,5.370928180069909,5.251607009810298,5.319222450256348,256388000,0.0,0.0
2019-12-11 00:00:00-05:00,5.329663470004647,5.408216340025426,5.327177562670897,5.40274715423584,233796000,0.0,0.0
2019-12-12 00:00:00-05:00,5.373911044033196,5.588191212847948,5.364962157672717,5.57004451751709,404348000,0.0,0.0
2019-12-13 00:00:00-05:00,5.573028398203756,5.692100660056325,5.514113388523606,5.568056583404541,454704000,0.0,0.0
2019-12-16 00:00:00-05:00,5.6155364256371545,5.669230698851014,5.58744609823879,5.596892356872559,320976000,0.0,0.0
2019-12-17 00:00:00-05:00,5.6155358371238275,5.697568877641855,5.606089579480036,5.674947738647461,321196000,0.0,0.0
2019-12-18 00:00:00-05:00,5.709750456453109,5.765682192204771,5.7012984654260315,5.705276012420654,343548000,0.0,0.0
2019-12-19 00:00:00-05:00,5.739828178492925,5.8666065962247975,5.734856364274819,5.853182792663574,445360000,0.0,0.0
2019-12-20 00:00:00-05:00,5.919556591738878,5.97573677951805,5.900415623542293,5.950381278991699,603044000,0.0,0.0
2019-12-23 00:00:00-05:00,5.978967449642864,6.0110348480351705,5.926018998728903,5.936707973480225,355060000,0.0,0.0
2019-12-24 00:00:00-05:00,5.921295466463711,5.9488884205613335,5.886990610204326,5.931735992431641,138864000,0.0,0.0
2019-12-26 00:00:00-05:00,5.935216236710832,5.973995536815829,5.91632372070032,5.945905685424805,182852000,0.0,0.0
2019-12-27 00:00:00-05:00,5.9610684104857095,5.974492213404706,5.861882950029795,5.888233184814453,254644000,0.0,0.0
2019-12-30 00:00:00-05:00,5.866359228302341,5.871579491951401,5.743806782668627,5.775128364562988,258056000,0.0,0.0
2019-12-31 00:00:00-05:00,5.73982842397939,5.858652228527245,5.720687459973178,5.84920597076416,231004000,0.0,0.0
2020-01-02 00:00:00-05:00,5.934968095675587,5.963803768157959,5.884505550296847,5.963803768157959,237536000,0.0,0.0
2020-01-03 00:00:00-05:00,5.844233438817881,5.91209732246454,5.81937484385445,5.868346214294434,205384000,0.0,0.0
2020-01-06 00:00:00-05:00,5.775128136185318,5.898177473983396,5.749026818972195,5.8929572105407715,262636000,0.0,0.0
2020-01-07 00:00:00-05:00,5.921295812236685,6.010040762284661,5.876301978898439,5.964301109313965,314856000,0.0,0.0
2020-01-08 00:00:00-05:00,5.960074415808599,6.01675195985036,5.920052401950536,5.975486755371094,277108000,0.0,0.0
2020-01-09 00:00:00-05:00,6.0617445441120035,6.113450263336091,5.987417691261928,6.041111946105957,255112000,0.0,0.0
2020-01-10 00:00:00-05:00,6.148253347803174,6.178580656241072,6.059259958542958,6.073429107666016,316296000,0.0,0.0
2020-01-13 00:00:00-05:00,6.156456910250187,6.288952489506994,6.133835297475145,6.263845443725586,319840000,0.0,0.0
2020-01-14 00:00:00-05:00,6.221089716905771,6.2464456898529646,6.1338363992497795,6.147011756896973,359088000,0.0,0.0
2020-01-15 00:00:00-05:00,6.15968906872303,6.182061762177155,6.0786502856138,6.104503154754639,263104000,0.0,0.0
2020-01-16 00:00:00-05:00,6.157947570616695,6.1939925100533255,6.13458061433752,6.188026428222656,284192000,0.0,0.0
2020-01-17 00:00:00-05:00,6.207167801208955,6.214625522525774,6.149247540649398,6.196727275848389,253792000,0.0,0.0
2020-01-21 00:00:00-05:00,6.160185135994632,6.196975895565761,6.129360458357694,6.163416862487793,217916000,0.0,0.0
2020-01-22 00:00:00-05:00,6.208659581685237,6.303867502720389,6.189767066563044,6.217360019683838,239240000,0.0,0.0
2020-01-23 00:00:00-05:00,6.257382526569026,6.294172814743435,6.168637584590366,6.2857208251953125,244516000,0.0,0.0
2020-01-24 00:00:00-05:00,6.40106482430508,6.450782022304533,6.172366566956607,6.226558208465576,373512000,0.0,0.0
2020-01-27 00:00:00-05:00,5.922289664238681,6.021972504994483,5.772890101483585,5.971012592315674,470536000,0.0,0.0
2020-01-28 00:00:00-05:00,6.036888255320021,6.196479916088812,5.98369087701763,6.164164066314697,310976000,0.0,0.0
2020-01-29 00:00:00-05:00,6.149745001380459,6.185789943729785,6.0639828644708,6.103756904602051,258848000,0.0,0.0
2020-01-30 00:00:00-05:00,6.006064532152294,6.123894103002295,5.951127531328687,6.110470294952393,290504000,0.0,0.0
2020-01-31 00:00:00-05:00,6.064729017650381,6.076661182932319,5.835533866568299,5.877295970916748,370420000,0.0,0.0
2020-02-03 00:00:00-05:00,5.859148940575211,5.993633529611149,5.852934409802068,5.974244117736816,255564000,0.0,0.0
2020-02-04 00:00:00-05:00,6.115937429917117,6.162422897112003,6.065971787601257,6.14328145980835,271544000,0.0,0.0
2020-02-05 00:00:00-05:00,6.26409483893888,6.274286917530958,6.150242834852348,6.233519077301025,208220000,0.0,0.0
2020-02-06 00:00:00-05:00,6.267823274549807,6.320274353027344,6.186784499679763,6.320274353027344,218284000,0.0,0.0
2020-02-07 00:00:00-05:00,6.2802521818150865,6.302376423964702,6.2287948985436135,6.254150867462158,189752000,0.0,0.0
2020-02-10 00:00:00-05:00,6.276771965769414,6.537786055878757,6.2718001514092725,6.537040710449219,529608000,0.0,0.0
2020-02-11 00:00:00-05:00,6.645175522806371,6.7739424891195545,6.58327770993193,6.659344673156738,638556000,0.0,0.0
2020-02-12 00:00:00-05:00,6.712044595791938,6.78140012988903,6.673265295025126,6.774936676025391,374644000,0.0,0.0
2020-02-13 00:00:00-05:00,6.717017237996871,6.798304473458511,6.689672728229465,6.731186389923096,528016000,0.0,0.0
2020-02-14 00:00:00-05:00,7.140853762856807,7.332512804476498,7.109532184607518,7.2037458419799805,1041924000,0.0,0.0
2020-02-18 00:00:00-05:00,7.10058231335741,7.390681460600546,7.081192901778724,7.372285842895508,620164000,0.0,0.0
2020-02-19 00:00:00-05:00,7.494590248906968,7.8406206663356475,7.494590248906968,7.822970867156982,694332000,0.0,0.0
2020-02-20 00:00:00-05:00,7.774995955190599,7.863243548223132,7.366819188674874,7.673821926116943,810052000,0.0,0.0
2020-02-21 00:00:00-05:00,7.561709436571416,7.586816487039171,7.225373675917475,7.310141086578369,768180000,0.0,0.0
2020-02-24 00:00:00-05:00,6.716518843394687,7.006866456625877,6.662078754814775,6.793331623077393,856916000,0.0,0.0
2020-02-25 00:00:00-05:00,6.86840412228699,6.930301930876322,6.412499271487127,6.5141706466674805,1055496000,0.0,0.0
2020-02-26 00:00:00-05:00,6.514419911465364,6.847275480502582,6.51292874628162,6.653378963470459,747732000,0.0,0.0
2020-02-27 00:00:00-05:00,6.340222462355224,6.6411905100878075,6.190733538467209,6.283013820648193,906416000,0.004,0.0
2020-02-28 00:00:00-05:00,6.0307988288926,6.777000110355166,6.0141338073688475,6.717552661895752,1133252000,0.0,0.0
2020-03-02 00:00:00-05:00,6.887436000024887,6.904598685338675,6.491949395482949,6.8757452964782715,890744000,0.0,0.0
2020-03-03 00:00:00-05:00,6.931463350129404,6.991159391430268,6.528265881212004,6.613581657409668,652792000,0.0,0.0
2020-03-04 00:00:00-05:00,6.7207843015651045,7.0861740517049165,6.646163911200993,7.076722145080566,597408000,0.0,0.0
2020-03-05 00:00:00-05:00,6.877486969671298,7.044138573937588,6.753120114977706,6.797643661499023,540328000,0.0,0.0
2020-03-06 00:00:00-05:00,6.618307294181749,6.675765011958639,6.417330292148614,6.617312431335449,515412000,0.0,0.0
2020-03-09 00:00:00-04:00,5.967122164255437,6.45215313065251,5.924340216709666,6.104920864105225,614160000,0.0,0.0
2020-03-10 00:00:00-04:00,6.3810155877339705,6.493940830230713,6.118601874560568,6.493940830230713,580648000,0.0,0.0
2020-03-11 00:00:00-04:00,6.354151552200165,6.382507276245163,6.03353389422231,6.130539894104004,499964000,0.0,0.0
2020-03-12 00:00:00-04:00,5.607950774664352,5.8731009372494505,5.367674080920537,5.380359649658203,816540000,0.0,0.0
2020-03-13 00:00:00-04:00,5.733312524970292,5.99498043118963,5.4624417815793365,5.990503311157227,634836000,0.0,0.0
2020-03-16 00:00:00-04:00,5.283353073561972,5.62386990228448,4.825434365934162,4.885130405426025,726972000,0.0,0.0
2020-03-17 00:00:00-04:00,4.997308990591307,5.493532962867673,4.750814071544446,5.404237270355225,833632000,0.0,0.0
2020-03-18 00:00:00-04:00,4.977161561552436,5.221915344621923,4.494120840313374,5.044816970825195,874268000,0.0,0.0
2020-03-19 00:00:00-04:00,5.023426414589291,5.3908064456390665,4.810261985939699,5.297282695770264,765512000,0.0,0.0
2020-03-20 00:00:00-04:00,5.447267152042697,5.728833652375301,5.102273776073664,5.117695331573486,804636000,0.0,0.0
2020-03-23 00:00:00-04:00,5.116700479033214,5.384587051709071,4.937860991668966,5.290316581726074,643876000,0.0,0.0
2020-03-24 00:00:00-04:00,5.696002435464178,6.284506733213007,5.672372901435857,6.197947025299072,1101644000,0.0,0.0
2020-03-25 00:00:00-04:00,6.312862293100567,6.512346769675058,6.060646288704762,6.109398365020752,793432000,0.0,0.0
2020-03-26 00:00:00-04:00,6.316344419292104,6.522296211921472,6.218343548888782,6.3984270095825195,696108000,0.0,0.0
2020-03-27 00:00:00-04:00,6.21834277196547,6.544681468954972,6.185509929720243,6.286247253417969,638828000,0.0,0.0
2020-03-30 00:00:00-04:00,6.351665287996272,6.615323422121573,6.307639399931051,6.6061201095581055,602252000,0.0,0.0
2020-03-31 00:00:00-04:00,6.646165858837686,6.850127939399178,6.411112532873949,6.55662202835083,949960000,0.0,0.0
2020-04-01 00:00:00-04:00,6.358879801377593,6.505135114221818,6.0014492584396075,6.0459723472595215,656912000,0.0,0.0
2020-04-02 00:00:00-04:00,6.07507330262306,6.367584352475829,6.027067963993508,6.354401588439941,675764000,0.0,0.0
2020-04-03 00:00:00-04:00,6.316843165586371,6.35838166203492,5.929564860651312,6.066865921020508,663212000,0.0,0.0
2020-04-06 00:00:00-04:00,6.348680785913567,6.712827199705411,6.2912230611282824,6.676014423370361,727884000,0.0,0.0
2020-04-07 00:00:00-04:00,6.897384681264643,6.9210146839763675,6.399917332175145,6.442948341369629,784520000,0.0,0.0
2020-04-08 00:00:00-04:00,6.551895173160466,6.664820405786756,6.482000959912944,6.639946937561035,542444000,0.0,0.0
2020-04-09 00:00:00-04:00,6.765557136655976,6.7884404027807115,6.477523263677439,6.54045295715332,525564000,0.0,0.0
2020-04-13 00:00:00-04:00,6.480757091589397,6.720785167160998,6.392456735653417,6.7120795249938965,398408000,0.0,0.0
2020-04-14 00:00:00-04:00,6.840176949824809,7.0968700332485595,6.812567493136743,7.062793731689453,530948000,0.0,0.0
2020-04-15 00:00:00-04:00,6.894898714057057,7.0682662463296895,6.849629373283734,6.985437870025635,366148000,0.0,0.0
2020-04-16 00:00:00-04:00,7.1406481386780065,7.4371386115629985,7.127465375917318,7.330183029174805,745620000,0.0,0.0
2020-04-17 00:00:00-04:00,7.41226513448081,7.433656345818027,7.137165873276941,7.270984649658203,539120000,0.0,0.0
2020-04-20 00:00:00-04:00,7.144627829354325,7.300335006334705,7.095627159726841,7.139901638031006,449388000,0.0,0.0
2020-04-21 00:00:00-04:00,7.022001664063456,7.083189755050889,6.643926307064967,6.703622341156006,735160000,0.0,0.0
2020-04-22 00:00:00-04:00,6.895645491403493,7.160298464980973,6.850127550160316,7.117516040802002,483356000,0.0,0.0
2020-04-23 00:00:00-04:00,7.159552544590378,7.291381131883478,7.03916511801574,7.064287185668945,424160000,0.0,0.0
2020-04-24 00:00:00-04:00,7.054089846138695,7.2050708569107,6.979469430727479,7.203081130981445,352328000,0.0,0.0
2020-04-27 00:00:00-04:00,7.337397099199471,7.54906948075769,7.312772226192204,7.389382362365723,479388000,0.0,0.0
2020-04-28 00:00:00-04:00,7.536632530726662,7.566480789850535,7.241634568960474,7.247106552124023,442904000,0.0,0.0
2020-04-29 00:00:00-04:00,7.381671801019242,7.476439492546448,7.30655419417302,7.423707962036133,379160000,0.0,0.0
2020-04-30 00:00:00-04:00,7.3697314829466665,7.423706940505074,7.2560604626028455,7.269989490509033,375916000,0.0,0.0
2020-05-01 00:00:00-04:00,7.0727439323957615,7.185917767812462,6.985438429326991,7.033692836761475,342096000,0.0,0.0
2020-05-04 00:00:00-04:00,6.98643230513877,7.259044619148258,6.98643230513877,7.245364189147949,317556000,0.0,0.0
2020-05-05 00:00:00-04:00,7.349336431311147,7.468728519073253,7.245365430153509,7.306305408477783,368896000,0.0,0.0
2020-05-06 00:00:00-04:00,7.38565081334239,7.511758806368057,7.3478431802598525,7.407041549682617,323464000,0.0,0.0
2020-05-07 00:00:00-04:00,7.546083299397135,7.646322956404003,7.494844309602577,7.583144664764404,373732000,0.0,0.0
2020-05-08 00:00:00-04:00,7.654780572992808,7.779147440058237,7.620952864853898,7.7729291915893555,339216000,0.0,0.0
2020-05-11 00:00:00-04:00,7.767952289627352,8.071407666336281,7.7393479749152805,8.024645805358887,469060000,0.0,0.0
2020-05-12 00:00:00-04:00,8.08235272343663,8.131104316123853,7.753278049532233,7.762978553771973,493060000,0.0,0.0
2020-05-13 00:00:00-04:00,7.87739824289948,8.037582561321718,7.556282865827379,7.740594863891602,625852000,0.0,0.0
2020-05-14 00:00:00-04:00,7.8020291552258385,7.995295322692752,7.648560336924135,7.989823341369629,602312000,0.0,0.0
2020-05-15 00:00:00-04:00,7.849784603136487,8.457440581855115,7.834114452822765,8.44774055480957,987660000,0.0,0.0
2020-05-18 00:00:00-04:00,8.716126976105572,8.871336954115424,8.636532261563676,8.705928802490234,774460000,0.0,0.0
2020-05-19 00:00:00-04:00,8.745727533174101,9.04147176793053,8.718366667845403,8.760900497436523,717320000,0.0,0.0
2020-05-20 00:00:00-04:00,8.945457898801426,8.997194547800392,8.843725728905925,8.924564361572266,587536000,0.0,0.0
2020-05-21 00:00:00-04:00,9.005652192681852,9.006646580896131,8.693242552685641,8.730801582336426,761068000,0.0,0.0
2020-05-22 00:00:00-04:00,8.780550482687504,9.046945086488144,8.669118239607736,8.9805326461792,1038764000,0.0,0.0
2020-05-26 00:00:00-04:00,9.110369079581073,9.135243019223017,8.62807463372257,8.673592567443848,770780000,0.0,0.0
2020-05-27 00:00:00-04:00,8.581313337076326,8.589023642130156,7.956245377477276,8.48206901550293,1175892000,0.0,0.0
2020-05-28 00:00:00-04:00,8.369638474669662,8.716124849432788,8.336805639211011,8.444010734558105,734896000,0.0,0.0
2020-05-29 00:00:00-04:00,8.511170268712194,8.830544471740723,8.442022323211523,8.830544471740723,745256000,0.0,0.0
2020-06-01 00:00:00-04:00,8.788508028577247,8.79596973608388,8.645485958689513,8.76164436340332,389876000,0.0,0.0
2020-06-02 00:00:00-04:00,8.751696604772091,8.792488351879058,8.614146503329726,8.780549049377441,391320000,0.0,0.0
2020-06-03 00:00:00-04:00,8.777565804011429,8.821342618286915,8.655934444253308,8.725082397460938,365440000,0.0,0.0
2020-06-04 00:00:00-04:00,8.68775667418007,8.902014215850874,8.63748960283906,8.726079940795898,424280000,0.004,0.0
2020-06-05 00:00:00-04:00,8.753948023245258,8.955513667793715,8.667846716392749,8.87886905670166,481748000,0.0,0.0
2020-06-08 00:00:00-04:00,8.836316752947287,8.84875892563933,8.645700047300858,8.764400482177734,387736000,0.0,0.0
2020-06-09 00:00:00-04:00,8.759422705552621,9.067744029316774,8.710897571535652,9.004287719726562,468488000,0.0,0.0
2020-06-10 00:00:00-04:00,9.125476073854845,9.456193647383984,9.111291031556593,9.32355785369873,632180000,0.0,0.0
2020-06-11 00:00:00-04:00,9.10780969358321,9.218546652685198,8.745488699129474,8.755691528320312,583652000,0.0,0.0
2020-06-12 00:00:00-04:00,9.120253553153576,9.144889191834984,8.663120633618279,8.891313552856445,570908000,0.0,0.0
2020-06-15 00:00:00-04:00,8.774603216221042,9.139910604567905,8.703432128605263,9.131449699401855,400004000,0.0,0.0
2020-06-16 00:00:00-04:00,9.182463952946726,9.224021398349738,8.797994456053088,9.026684761047363,535716000,0.0,0.0
2020-06-17 00:00:00-04:00,9.071725930471368,9.256121053617617,9.028425617741286,9.193411827087402,408304000,0.0,0.0
2020-06-18 00:00:00-04:00,9.184454427604352,9.239698546814658,9.072472976600096,9.175496101379395,254408000,0.0,0.0
2020-06-19 00:00:00-04:00,9.19988027415094,9.401445876405885,9.184700391579645,9.21854305267334,524160000,0.0,0.0
2020-06-22 00:00:00-04:00,9.257116662206737,9.48730014807517,9.230489448016012,9.482820510864258,398468000,0.0,0.0
2020-06-23 00:00:00-04:00,9.506958630029597,9.598036991562761,9.364120951569074,9.406424522399902,375108000,0.0,0.0
2020-06-24 00:00:00-04:00,9.432554214069048,9.51243491377942,9.102334014129077,9.192914962768555,449372000,0.0,0.0
2020-06-25 00:00:00-04:00,9.312609776761736,9.461171600336776,9.139909742005443,9.446240425109863,376072000,0.0,0.0
2020-06-26 00:00:00-04:00,9.456195773769487,9.456195773769487,9.082924887962797,9.112786293029785,592084000,0.0,0.0
2020-06-29 00:00:00-04:00,9.127467403493844,9.162057151917535,8.858960660515779,9.157577514648438,342248000,0.0,0.0
2020-06-30 00:00:00-04:00,9.271052779473228,9.482323840413832,9.223772146240533,9.45395565032959,367892000,0.0,0.0
2020-07-01 00:00:00-04:00,9.476848338743391,9.531595028681618,9.369595252046542,9.486055374145508,326648000,0.0,0.0
2020-07-02 00:00:00-04:00,9.594554582855501,9.692600650706597,9.534084693053664,9.567928314208984,364056000,0.0,0.0
2020-07-06 00:00:00-04:00,9.696829246456272,9.863059004757494,9.667713977846143,9.793879508972168,315892000,0.0,0.0
2020-07-07 00:00:00-04:00,9.90038756505966,10.023566685048234,9.805327925441164,9.826231002807617,357800000,0.0,0.0
2020-07-08 00:00:00-04:00,9.947669552928001,10.177854044374415,9.91955006873265,10.16889476776123,365480000,0.0,0.0
2020-07-09 00:00:00-04:00,10.332388382755358,10.521263196295083,10.186314574371659,10.46054458618164,494548000,0.0,0.0
2020-07-10 00:00:00-04:00,10.539921310280201,10.606114366023943,10.330889658654966,10.430926322937012,497676000,0.0,0.0
2020-07-13 00:00:00-04:00,10.546145179705201,10.742485046509767,9.978772887106153,10.005897521972656,457076000,0.0,0.0
2020-07-14 00:00:00-04:00,10.028541788495506,10.354780666830045,9.740376500694476,10.32914924621582,542676000,0.0,0.0
2020-07-15 00:00:00-04:00,10.366228896039699,10.3848916779029,10.00938150824188,10.18009090423584,403984000,0.0,0.0
2020-07-16 00:00:00-04:00,9.968819626685535,10.15968501248177,9.84987050020244,10.088017463684082,344964000,0.0,0.0
2020-07-17 00:00:00-04:00,10.178349454335393,10.201243163954526,10.041234957876577,10.154459953308105,266284000,0.0,0.0
2020-07-20 00:00:00-04:00,10.226872952721909,10.4826878325373,10.109914470168976,10.462282180786133,284852000,0.0,0.0
2020-07-21 00:00:00-04:00,10.464522279095037,10.51130643491116,10.239315860666807,10.28087329864502,277036000,0.0,0.0
2020-07-22 00:00:00-04:00,10.319694993925742,10.553611049792725,10.244045222912812,10.390616416931152,367292000,0.0,0.0
2020-07-23 00:00:00-04:00,10.401813069331192,10.498365907215756,9.98499418719761,10.083040237426758,411660000,0.0,0.0
2020-07-24 00:00:00-04:00,9.829467523808882,10.31695925240339,9.731919815684156,10.147494316101074,473292000,0.0,0.0
2020-07-27 00:00:00-04:00,10.185066298519443,10.393599594490283,10.170632547152719,10.373443603515625,292132000,0.0,0.0
2020-07-28 00:00:00-04:00,10.326414528145886,10.334128352270644,10.162175384539536,10.16839599609375,271636000,0.0,0.0
2020-07-29 00:00:00-04:00,10.342838679361162,10.467759731459614,10.299290598378333,10.417243957519531,284508000,0.0,0.0
2020-07-30 00:00:00-04:00,10.327160428519084,10.574017034136663,10.24777809844735,10.565058708190918,308880000,0.0,0.0
2020-07-31 00:00:00-04:00,10.514543531098658,10.716857247191735,10.384894123228854,10.56580638885498,386080000,0.0,0.0
2020-08-03 00:00:00-04:00,10.683012873856836,11.047574145206553,10.665842352281864,10.959482192993164,412720000,0.0,0.0
2020-08-04 00:00:00-04:00,10.999049569082658,11.175979614257812,10.855713487813759,11.175979614257812,310336000,0.0,0.0
2020-08-05 00:00:00-04:00,11.192153640280633,11.319314022602223,11.114761945386586,11.234705924987793,249924000,0.0,0.0
2020-08-06 00:00:00-04:00,11.297415830981054,11.305628025623456,11.127204783408471,11.283231735229492,244316000,0.0,0.0
2020-08-07 00:00:00-04:00,11.26033652411239,11.451700283827373,10.986604966220375,11.147857666015625,342516000,0.0,0.0
2020-08-10 00:00:00-04:00,11.281988797793014,11.355646995207982,10.806440904133613,11.113518714904785,427796000,0.0,0.0
2020-08-11 00:00:00-04:00,11.022689045250187,11.085399231333554,10.745971010645114,10.799971580505371,354512000,0.0,0.0
2020-08-12 00:00:00-04:00,10.940072354232733,11.41412607866207,10.907721944778629,11.387499809265137,464412000,0.0,0.0
2020-08-13 00:00:00-04:00,11.492759691857554,11.66770001890963,11.303387509274067,11.39023494720459,374460000,0.0,0.0
2020-08-14 00:00:00-04:00,11.476833720238632,11.650778256595569,11.387746937929792,11.510677337646484,366436000,0.0,0.0
2020-08-17 00:00:00-04:00,11.796601930068785,12.352526897277611,11.76275926318703,12.280112266540527,621300000,0.0,0.0
2020-08-18 00:00:00-04:00,12.392592403457424,12.43838077420562,12.030520161674376,12.204215049743652,503448000,0.0,0.0
2020-08-19 00:00:00-04:00,12.239799549527746,12.258213621054422,12.042214226825553,12.082528114318848,622624000,0.0,0.0
2020-08-20 00:00:00-04:00,11.919784161685799,12.317939398909461,11.823977434765848,12.085018157958984,921388000,0.0,0.0
2020-08-21 00:00:00-04:00,12.145488010516427,12.749689506590398,12.139017738747308,12.625017166137695,999868000,0.0,0.0
2020-08-24 00:00:00-04:00,12.824344154765107,12.85296200879442,12.449828743725128,12.661598205566406,490564000,0.0,0.0
2020-08-25 00:00:00-04:00,12.572510303018028,12.702408418241676,12.515772966083365,12.691210746765137,289076000,0.0,0.0
2020-08-26 00:00:00-04:00,12.740234457823048,12.809165264018684,12.61929465873559,12.714105606079102,321244000,0.0,0.0
2020-08-27 00:00:00-04:00,12.722564739853016,12.790749404758962,12.508555946693578,12.570021629333496,317604000,0.0,0.0
2020-08-28 00:00:00-04:00,12.616554992173452,13.087373535062817,12.584204585857165,13.087124824523926,537160000,0.0,0.0
2020-08-31 00:00:00-04:00,13.12196549348428,13.512406931273958,12.97763456666165,13.31283187866211,500840000,0.0,0.0
2020-09-01 00:00:00-04:00,13.421857130089242,13.933391281331938,13.378544809007552,13.76138687133789,511316000,0.004,0.0
2020-09-02 00:00:00-04:00,14.640329615319995,14.66323112605834,13.840046302454015,14.284621238708496,874012000,0.0,0.0
2020-09-03 00:00:00-04:00,13.76910292266537,13.824612353112618,12.823200691803297,12.95936107635498,945128000,0.0,0.0
2020-09-04 00:00:00-04:00,12.728608789534096,13.118171798924816,11.654263373150707,12.568055152893066,1463684000,0.0,0.0
2020-09-08 00:00:00-04:00,11.683886817797339,12.495869670621197,11.653767694372018,11.861617088317871,795728000,0.0,0.0
2020-09-09 00:00:00-04:00,12.346515345038622,12.75400040657726,12.17899096545241,12.660157203674316,736200000,0.0,0.0
2020-09-10 00:00:00-04:00,12.933224521841012,13.008896928842086,12.114520712963447,12.258646965026855,698684000,0.0,0.0
2020-09-11 00:00:00-04:00,12.431648467079839,12.597927988274872,11.844441860177023,12.112032890319824,636928000,0.0,0.0
2020-09-14 00:00:00-04:00,13.024579895343457,13.257569871709805,12.576769791725022,12.816729545593262,1201744000,0.0,0.0
2020-09-15 00:00:00-04:00,13.222722027557282,13.241391347213609,12.772423089111419,12.934968948364258,727556000,0.0,0.0
2020-09-16 00:00:00-04:00,12.901362978238856,13.036278499769432,12.4597762967511,12.460522651672363,556384000,0.0,0.0
2020-09-17 00:00:00-04:00,12.079920915572131,12.53544807871845,11.982841605278239,12.40974235534668,792512000,0.0,0.0
2020-09-18 00:00:00-04:00,12.539430184632225,12.578012742879299,11.937040148177086,12.136674880981445,698460000,0.0,0.0
2020-09-21 00:00:00-04:00,11.873564364275431,12.468487029467878,11.853152604133797,12.46325969696045,721044000,0.0,0.0
2020-09-22 00:00:00-04:00,12.520760350235273,12.593445435426194,12.10307037011186,12.583239555358887,646452000,0.0,0.0
2020-09-23 00:00:00-04:00,12.521256220318886,12.672103437233131,12.027147548800489,12.071455001831055,647012000,0.0,0.0
2020-09-24 00:00:00-04:00,12.020180820740766,12.515285706992461,11.962181636898192,12.294740676879883,731240000,0.0,0.0
2020-09-25 00:00:00-04:00,12.393810139922095,12.827929401956277,12.19293055034486,12.818221092224121,588016000,0.0,0.0
2020-09-28 00:00:00-04:00,12.984004264530533,12.995455019452848,12.695006353439096,12.978776931762695,573808000,0.0,0.0
2020-09-29 00:00:00-04:00,12.881696424064717,13.384767096406364,12.877465181077447,13.168703079223633,621460000,0.0,0.0
2020-09-30 00:00:00-04:00,13.100748073599721,13.563742542883896,13.093529512118515,13.472139358520508,689184000,0.0,0.0
2020-10-01 00:00:00-04:00,13.698660855066128,13.703389669003098,13.402692177151664,13.555779457092285,525004000,0.0,0.0
2020-10-02 00:00:00-04:00,13.167958188027503,13.461187347792777,12.9947079495707,13.00590991973877,552496000,0.0,0.0
2020-10-05 00:00:00-04:00,13.178909786872856,13.585398755238357,13.165716588093956,13.583656311035156,479820000,0.0,0.0
2020-10-06 00:00:00-04:00,13.770348670376706,14.081003232270978,13.60606038275203,13.677251815795898,784420000,0.0,0.0
2020-10-07 00:00:00-04:00,13.939366637867233,14.058351371895522,13.803703815426886,13.903770446777344,418084000,0.0,0.0
2020-10-08 00:00:00-04:00,14.014289350540002,14.023748875043747,13.69865724594298,13.779058456420898,378900000,0.0,0.0
2020-10-09 00:00:00-04:00,13.707619453210627,13.764622541474697,13.601827927722326,13.703387260437012,346892000,0.0,0.0
2020-10-12 00:00:00-04:00,13.929159770375568,14.285117857821534,13.852492225225067,14.164639472961426,434744000,0.0,0.0
2020-10-13 00:00:00-04:00,14.234837322926795,14.286613084948678,13.958285283848605,14.186795234680176,344604000,0.0,0.0
2020-10-14 00:00:00-04:00,14.228863684482796,14.280888235135075,13.89978950534229,14.034456253051758,276100000,0.0,0.0
2020-10-15 00:00:00-04:00,13.751183716753953,13.945342370466278,13.70836895709378,13.909747123718262,267224000,0.0,0.0
2020-10-16 00:00:00-04:00,13.976206063082346,14.060590691280174,13.733009274050568,13.751927375793457,242392000,0.0,0.0
2020-10-19 00:00:00-04:00,13.843032985585035,13.92318542080633,13.348923276048108,13.439531326293945,298068000,0.0,0.0
2020-10-20 00:00:00-04:00,13.524909419998732,13.740227074290004,13.44873945260384,13.586642265319824,229212000,0.0,0.0
2020-10-21 00:00:00-04:00,13.566231333022323,13.732013260286454,13.419367506297078,13.466413497924805,219596000,0.0,0.0
2020-10-22 00:00:00-04:00,13.464174825263315,13.553039484968712,13.174678386058064,13.30337142944336,290480000,0.0,0.0
2020-10-23 00:00:00-04:00,13.391986202058305,13.534618788168892,13.233921352971006,13.531631469726562,233484000,0.0,0.0
2020-10-26 00:00:00-04:00,13.36908784573915,13.633691566965796,12.982263278351981,13.084569931030273,336896000,0.0,0.0
2020-10-27 00:00:00-04:00,13.248608056703024,13.384022089343704,13.134601874770123,13.338967323303223,250520000,0.0,0.0
2020-10-28 00:00:00-04:00,13.141073702441242,13.20280655451587,12.554614456414914,12.57253646850586,376520000,0.0,0.0
2020-10-29 00:00:00-04:00,12.783123951718173,13.135845925987597,12.695005654386499,12.96782398223877,320080000,0.0,0.0
2020-10-30 00:00:00-04:00,12.794575514658112,12.880701638769581,12.246947595239426,12.479938507080078,416820000,0.0,0.0
2020-11-02 00:00:00-05:00,12.603153941396506,12.781381768805504,12.341537577545923,12.52648639678955,299652000,0.0,0.0
2020-11-03 00:00:00-05:00,12.653684234543976,13.048473643303717,12.54839028330013,12.963342666625977,272900000,0.0,0.0
2020-11-04 00:00:00-05:00,13.331497901537697,13.76785813556174,13.279473362811475,13.734750747680664,410228000,0.0,0.0
2020-11-05 00:00:00-05:00,14.101413431699372,14.277151505773915,13.930652955568876,14.098923683166504,319028000,0.0,0.0
2020-11-06 00:00:00-05:00,14.048890531552257,14.525824562918741,13.83506746873094,14.499190330505371,383348000,0.0,0.0
2020-11-09 00:00:00-05:00,14.489731966855251,14.628132371643925,13.552044345915604,13.5719575881958,582976000,0.0,0.0
2020-11-10 00:00:00-05:00,13.547813246458624,13.547813246458624,12.57378300138772,12.714921951293945,644068000,0.0,0.0
2020-11-11 00:00:00-05:00,12.997446446842183,13.377052414591688,12.892401270410012,13.360125541687012,404744000,0.0,0.0
2020-11-12 00:00:00-05:00,13.420863504910455,13.706625342318095,13.258566437624712,13.398709297180176,365812000,0.0,0.0
2020-11-13 00:00:00-05:00,13.568472254694553,13.609793346805214,13.002922328890708,13.239646911621094,346312000,0.0,0.0
2020-11-16 00:00:00-05:00,13.115686508640373,13.590629437445635,13.099258151915853,13.456958770751953,413776000,0.0,0.0
2020-11-17 00:00:00-05:00,13.49404517800945,13.537606285755135,13.246368351488899,13.364356994628906,312028000,0.0,0.0
2020-11-18 00:00:00-05:00,13.407171172523759,13.547065230799866,13.128130360392811,13.370828628540039,510924000,0.0,0.0
2020-11-19 00:00:00-05:00,13.155760695717245,13.429325390449687,13.043496960142532,13.382279396057129,565936000,0.0,0.0
2020-11-20 00:00:00-05:00,13.395970878679213,13.436295883226773,13.008647818893134,13.03130054473877,341088000,0.0,0.0
2020-11-23 00:00:00-05:00,13.114439643775567,13.324777827155184,12.959361156671875,13.083324432373047,361356000,0.0,0.0
2020-11-24 00:00:00-05:00,13.085812968215139,13.105228639441574,12.829423935275962,12.901860237121582,346500000,0.0,0.0
2020-11-25 00:00:00-05:00,12.976290403732662,13.212267724016,12.96384450680634,13.177667617797852,259916000,0.0,0.0
2020-11-27 00:00:00-05:00,13.317309884312802,13.34966996860032,13.113691752498204,13.204050064086914,167276000,0.0,0.0
2020-11-30 00:00:00-05:00,13.207786880541757,13.354650734163716,12.916299187720584,13.343697547912598,286952000,0.0,0.0
2020-12-01 00:00:00-05:00,13.434054894917562,13.470397438236995,13.171192706053294,13.332245826721191,296948000,0.0,0.0
2020-12-02 00:00:00-05:00,13.292916687996875,13.614523477807763,13.177168059878014,13.486080169677734,283360000,0.0,0.0
2020-12-03 00:00:00-05:00,13.53288931377425,13.605098152797373,13.275429117117344,13.342159271240234,199520000,0.004,0.0
2020-12-04 00:00:00-05:00,13.394449728247713,13.505502343250445,13.33494026054711,13.503759384155273,202244000,0.0,0.0
2020-12-07 00:00:00-05:00,13.5465833461892,13.676060962202541,13.445740595670882,13.552061080932617,223244000,0.0,0.0
2020-12-08 00:00:00-05:00,13.530399915409005,13.544094728114345,13.228119551989275,13.296344757080078,271920000,0.0,0.0
2020-12-09 00:00:00-05:00,13.247044338391767,13.36008781733984,12.816531556571482,12.878780364990234,401300000,0.0,0.0
2020-12-10 00:00:00-05:00,12.817278981162264,13.01622611811567,12.797856623609862,12.920113563537598,207764000,0.0,0.0
2020-12-11 00:00:00-05:00,12.915131442843535,12.967670013287615,12.771461301110847,12.960947036743164,209264000,0.0,0.0
2020-12-14 00:00:00-05:00,13.035398774169177,13.334939820019592,13.024941019943634,13.255261421203613,270156000,0.0,0.0
2020-12-15 00:00:00-05:00,13.385732658762745,13.409885223527201,13.133750208165058,13.306801795959473,193016000,0.0,0.0
2020-12-16 00:00:00-05:00,13.368553568795045,13.383244766098352,13.159397537413051,13.189277648925781,223116000,0.0,0.0
2020-12-17 00:00:00-05:00,13.31302693964413,13.325726318719184,13.12553395287217,13.287630081176758,231384000,0.0,0.0
2020-12-18 00:00:00-05:00,13.325225877564547,13.351121399301181,13.017966483918377,13.218656539916992,342064000,0.0,0.0
2020-12-21 00:00:00-05:00,13.022203579340832,13.316266932574571,12.915384395690523,13.278668403625488,302332000,0.0,0.0
2020-12-22 00:00:00-05:00,13.265719617640173,13.283646925526869,13.001535460648212,13.224884033203125,185580000,0.0,0.0
2020-12-23 00:00:00-05:00,13.202723635386256,13.221647327480651,12.952732952772793,12.956965446472168,179144000,0.0,0.0
2020-12-24 00:00:00-05:00,12.984851528834119,13.079718838543478,12.886748109468082,12.941526412963867,97884000,0.0,0.0
2020-12-28 00:00:00-05:00,13.010000389047383,13.010000389047383,12.711953456949022,12.848153114318848,212564000,0.0,0.0
2020-12-29 00:00:00-05:00,12.873053464210267,13.019960686571482,12.790635724681074,12.891229629516602,170372000,0.0,0.0
2020-12-30 00:00:00-05:00,12.938038214953483,13.16064015717719,12.844914830469323,13.092913627624512,225396000,0.0,0.0
2020-12-31 00:00:00-05:00,13.083703548789822,13.0981449376047,12.863093382639896,13.002531051635742,192424000,0.0,0.0
2021-01-04 00:00:00-05:00,13.051581365786737,13.597628037496744,12.9104007529022,13.06079387664795,560640000,0.0,0.0
2021-01-05 00:00:00-05:00,13.04709669308614,13.389465031194574,13.034398266927106,13.350871086120605,322760000,0.0,0.0
2021-01-06 00:00:00-05:00,13.16935698709165,13.191766594805781,12.535415751922324,12.563800811767578,580424000,0.0,0.0
2021-01-07 00:00:00-05:00,12.915380241095589,13.323982009030514,12.834706422620524,13.290367126464844,461480000,0.0,0.0
2021-01-08 00:00:00-05:00,13.30879652893053,13.36706075733227,12.989584240660953,13.223390579223633,292528000,0.0,0.0
2021-01-11 00:00:00-05:00,13.36481806161411,13.904889317137515,13.30879451781324,13.566753387451172,518344000,0.0,0.0
2021-01-12 00:00:00-05:00,13.697228086074581,13.699220853511294,13.291366518342056,13.430554389953613,291476000,0.0,0.0
2021-01-13 00:00:00-05:00,13.435783333016113,13.570240994686895,13.331205784944276,13.477365493774414,210028000,0.0,0.0
2021-01-14 00:00:00-05:00,13.520439774298518,13.545090057040834,13.12752555150125,13.147195816040039,283120000,0.0,0.0
2021-01-15 00:00:00-05:00,13.174835229375097,13.271694358141557,12.79686103451609,12.807816505432129,277780000,0.0,0.0
2021-01-19 00:00:00-05:00,12.963935787634238,13.041373506221632,12.79237828621631,12.972900390625,226188000,0.0,0.0
2021-01-20 00:00:00-05:00,13.059051941538538,13.376521226677053,13.004273639082106,13.312031745910645,258572000,0.0,0.0
2021-01-21 00:00:00-05:00,13.36456988189232,13.942986262976488,13.199735351672873,13.811765670776367,337780000,0.0,0.0
2021-01-22 00:00:00-05:00,13.684779271402295,13.786120714632485,13.572482355871044,13.657389640808105,246820000,0.0,0.0
2021-01-25 00:00:00-05:00,13.726359807474722,13.7729219839982,13.183301270177894,13.598376274108887,251112000,0.0,0.0
2021-01-26 00:00:00-05:00,13.52591884373518,13.589910611709367,13.33369468135409,13.381253242492676,163980000,0.0,0.0
2021-01-27 00:00:00-05:00,13.176825567795346,13.179564910137588,12.742329208441202,12.86583137512207,371272000,0.0,0.0
2021-01-28 00:00:00-05:00,12.944018103883906,13.286137711006822,12.908411395926858,12.998547554016113,228316000,0.0,0.0
2021-01-29 00:00:00-05:00,13.022449229079449,13.281155615738037,12.859606529711234,12.937541961669922,271552000,0.0,0.0
2021-02-01 00:00:00-05:00,13.00078621894809,13.217411769157819,12.850890817618872,13.183797836303711,217204000,0.0,0.0
2021-02-02 00:00:00-05:00,13.34489999474332,13.517452941241546,13.232104423210238,13.502264976501465,220440000,0.0,0.0
2021-02-03 00:00:00-05:00,13.581195250724157,13.875757217775313,13.4621763232891,13.476119995117188,245408000,0.0,0.0
2021-02-04 00:00:00-05:00,13.476618341474891,13.618545550549243,13.284145319662846,13.609333038330078,201340000,0.0,0.0
2021-02-05 00:00:00-05:00,13.669836288796368,13.682036999895496,13.491306023574886,13.53637409210205,169152000,0.0,0.0
2021-02-08 00:00:00-05:00,13.67207952886359,14.415579319657386,13.67207952886359,14.380720138549805,434624000,0.0,0.0
2021-02-09 00:00:00-05:00,14.283110023436533,14.524635648121032,14.165335411563284,14.20592212677002,287560000,0.0,0.0
2021-02-10 00:00:00-05:00,14.405121329535092,14.845095479349197,14.283860773020809,14.704911231994629,485352000,0.0,0.0
2021-02-11 00:00:00-05:00,14.920043907883057,15.21087016144193,14.865015793501902,15.18945598602295,450828000,0.0,0.0
2021-02-12 00:00:00-05:00,14.989512421221601,15.229792846310929,14.715617109549683,14.901119232177734,374756000,0.0,0.0
2021-02-16 00:00:00-05:00,15.003705039567253,15.310716572903681,14.889914041084145,15.268635749816895,321960000,0.0,0.0
2021-02-17 00:00:00-05:00,15.110028510059346,15.162318238696045,14.720600112519854,14.846094131469727,274756000,0.0,0.0
2021-02-18 00:00:00-05:00,14.66980213100204,14.813472286009498,14.516420797901691,14.769400596618652,233868000,0.0,0.0
2021-02-19 00:00:00-05:00,14.964114181705161,15.116001413378493,14.787078950270823,14.866508483886719,271724000,0.0,0.0
2021-02-22 00:00:00-05:00,14.71536943669712,15.07242908936118,14.267427053399269,14.298053741455078,325884000,0.0,0.0
2021-02-23 00:00:00-05:00,14.018679913027913,14.181523573742238,13.335685999500365,14.085162162780762,391780000,0.0,0.0
2021-02-24 00:00:00-05:00,14.06598916049394,14.448445641095974,13.700712460905951,14.440726280212402,448320000,0.0,0.0
2021-02-25 00:00:00-05:00,13.989048748231403,14.316975775495292,13.163132248759155,13.25401496887207,824436000,0.0,0.0
2021-02-26 00:00:00-05:00,13.697225432091273,13.798815708495557,13.307299430514368,13.659379005432129,500932000,0.0,0.0
2021-03-01 00:00:00-05:00,13.819232815380492,13.869032042521285,13.498776322723113,13.786116600036621,353184000,0.0,0.0
2021-03-02 00:00:00-05:00,13.844134511457842,13.864552302839884,13.34216041278066,13.35236930847168,264116000,0.0,0.0
2021-03-03 00:00:00-05:00,13.372291481457754,13.397439487108313,12.747312819501039,12.753289222717285,377592000,0.0,0.0
2021-03-04 00:00:00-05:00,12.749303604657026,12.922853894741422,12.035185217858675,12.320533752441406,573344000,0.0,0.0
2021-03-05 00:00:00-05:00,12.499559425069663,12.499559425069663,11.632308704404133,12.411415100097656,542840000,0.0,0.0
2021-03-08 00:00:00-05:00,12.399960789446373,12.421125153517597,11.52001165248514,11.54665470123291,543112000,0.0,0.0
2021-03-09 00:00:00-05:00,12.085667607908785,12.570379359155847,12.014928455750928,12.474234580993652,521824000,0.004,0.0
2021-03-10 00:00:00-05:00,12.793306731118925,12.932293687337854,12.41171496237117,12.422425270080566,384376000,0.0,0.0
2021-03-11 00:00:00-05:00,12.902404444000641,12.99830122675379,12.687696596615787,12.945744514465332,299916000,0.0,0.0
2021-03-12 00:00:00-05:00,12.601764317389547,12.841380871489648,12.543728924409528,12.808751106262207,243964000,0.0,0.0
2021-03-15 00:00:00-04:00,12.817467955931283,13.158211007285875,12.720326450748013,13.142767906188965,221988000,0.0,0.0
2021-03-16 00:00:00-04:00,13.307408839220948,13.462835609512782,13.068540113938292,13.242399215698242,272128000,0.0,0.0
2021-03-17 00:00:00-04:00,12.991825039852959,13.403805133986928,12.941759670722005,13.292217254638672,243864000,0.0,0.0
2021-03-18 00:00:00-04:00,13.08821817280706,13.135543248189038,12.670259662780902,12.675739288330078,293896000,0.0,0.0
2021-03-19 00:00:00-04:00,12.703139313327759,12.874009196386721,12.56614486370807,12.798537254333496,299208000,0.0,0.0
2021-03-22 00:00:00-04:00,12.865291623650993,13.345270569661254,12.859313158739914,13.137785911560059,297804000,0.0,0.0
2021-03-23 00:00:00-04:00,13.20553571417136,13.295454030041492,12.973392265762131,13.022710800170898,222048000,0.0,0.0
2021-03-24 00:00:00-04:00,13.102916077650947,13.110887048313957,12.590307315590085,12.59653377532959,245840000,0.0,0.0
2021-03-25 00:00:00-04:00,12.453560612717908,12.668019515314883,12.226896785999031,12.489178657531738,295144000,0.0,0.0
2021-03-26 00:00:00-04:00,12.508359288718777,12.809000478579916,12.328024743744802,12.792062759399414,363968000,0.0,0.0
2021-03-29 00:00:00-04:00,12.773129756465236,13.014489826860041,12.65332197655928,12.900659561157227,273520000,0.0,0.0
2021-03-30 00:00:00-04:00,12.794804234582625,12.92756476170925,12.658307641148648,12.824444770812988,200204000,0.0,0.0
2021-03-31 00:00:00-04:00,12.9676641139645,13.420991773399177,12.934785406687192,13.29919147491455,314776000,0.0,0.0
2021-04-01 00:00:00-04:00,13.522367484481046,13.819022667690524,13.461590860385282,13.760987281799316,308276000,0.0,0.0
2021-04-05 00:00:00-04:00,13.816531631922624,13.962492820296003,13.682525472140757,13.936090469360352,255672000,0.0,0.0
2021-04-06 00:00:00-04:00,13.948297705902563,14.002597032896157,13.722879532840807,13.810555458068848,191744000,0.0,0.0
2021-04-07 00:00:00-04:00,13.829734405751106,14.191151260158252,13.661106906366319,14.091519355773926,251284000,0.0,0.0
2021-04-08 00:00:00-04:00,14.20036565422222,14.418311657652836,14.19662863887845,14.264379501342773,244416000,0.0,0.0
2021-04-09 00:00:00-04:00,14.161759195266548,14.355046432497897,14.12290297240524,14.347075462341309,195172000,0.0,0.0
2021-04-12 00:00:00-04:00,14.237233597003453,15.296077729686706,14.087286405645006,15.153104782104492,869324000,0.0,0.0
2021-04-13 00:00:00-04:00,15.175520404329175,15.642298695804206,15.07015897630807,15.62187385559082,676212000,0.0,0.0
2021-04-14 00:00:00-04:00,15.567572446035657,15.662721441224473,15.171533365001741,15.22085189819336,385500000,0.0,0.0
2021-04-15 00:00:00-04:00,15.604938070709537,16.154660479530673,15.574051864074454,16.077943801879883,598480000,0.0,0.0
2021-04-16 00:00:00-04:00,15.994000959162806,16.106337579853726,15.806941121261284,15.854018211364746,335208000,0.0,0.0
2021-04-19 00:00:00-04:00,15.479398285932946,15.749402181564943,15.177013572325267,15.305290222167969,404420000,0.0,0.0
2021-04-20 00:00:00-04:00,15.266931737952133,15.440043072453125,14.908006256331758,15.115490913391113,334132000,0.0,0.0
2021-04-21 00:00:00-04:00,15.063181592433518,15.306036274534817,15.046742716044934,15.304043769836426,216776000,0.0,0.0
2021-04-22 00:00:00-04:00,15.318491630862203,15.381758649575245,14.729165313862191,14.795670509338379,277788000,0.0,0.0
2021-04-23 00:00:00-04:00,14.879361749601612,15.27863902524811,14.845487265337356,15.209145545959473,227500000,0.0,0.0
2021-04-26 00:00:00-04:00,15.12918967843709,15.4221087880324,15.069409783535395,15.421112060546875,197796000,0.0,0.0
2021-04-27 00:00:00-04:00,15.521243816067019,15.612905694192488,15.298067110638453,15.325217247009277,164572000,0.0,0.0
2021-04-28 00:00:00-04:00,15.308030914991681,15.475164740857569,15.15957836730446,15.220602989196777,209416000,0.0,0.0
2021-04-29 00:00:00-04:00,15.343399043611141,15.379764870090474,15.016106605297141,15.268425941467285,173196000,0.0,0.0
2021-04-30 00:00:00-04:00,15.118729701211409,15.308528865809581,14.941881343927635,14.95433521270752,201912000,0.0,0.0
2021-05-03 00:00:00-04:00,15.06941043878628,15.19071284416774,14.733151247079403,14.782219886779785,203912000,0.0,0.0
2021-05-04 00:00:00-04:00,14.583453950082967,14.583702894438511,13.958758495262643,14.298504829406738,405324000,0.0,0.0
2021-05-05 00:00:00-04:00,14.654938309097338,14.75905499847583,14.334620122131005,14.405359268188477,292024000,0.0,0.0
2021-05-06 00:00:00-04:00,14.441975539696038,14.517696430692741,14.165745174441199,14.469623565673828,193380000,0.0,0.0
2021-05-07 00:00:00-04:00,14.7538265361417,14.915728739355696,14.617827849292928,14.757811546325684,229328000,0.0,0.0
2021-05-10 00:00:00-04:00,14.732900795256858,14.751582071904844,14.197625826750052,14.21331787109375,268904000,0.0,0.0
2021-05-11 00:00:00-04:00,13.774189592576713,14.301992504029124,13.699465425742892,14.253670692443848,285584000,0.0,0.0
2021-05-12 00:00:00-04:00,13.9580113483226,14.207840322870009,13.658865734558306,13.707934379577637,303408000,0.0,0.0
2021-05-13 00:00:00-04:00,13.98217189732555,14.029000041847352,13.409534306407398,13.615026473999023,285404000,0.0,0.0
2021-05-14 00:00:00-04:00,13.838951467039104,14.275341444847527,13.697971040090284,14.190653800964355,258616000,0.0,0.0
2021-05-17 00:00:00-04:00,14.104968793564424,14.117173718298679,13.802585013316975,14.11343765258789,216980000,0.0,0.0
2021-05-18 00:00:00-04:00,14.214564048719183,14.35130955439113,13.952530178000735,13.964237213134766,186256000,0.0,0.0
2021-05-19 00:00:00-04:00,13.516639700292195,14.02775479367314,13.493475521861324,14.014055252075195,344000000,0.0,0.0
2021-05-20 00:00:00-04:00,14.24993203106225,14.629781156019478,14.218050055079024,14.558793067932129,321592000,0.0,0.0
2021-05-21 00:00:00-04:00,15.108019017237964,15.16605535919213,14.814850925300101,14.936651229858398,672992000,0.0,0.0
2021-05-24 00:00:00-04:00,15.156587276111617,15.687130380411437,15.120221451786636,15.554619789123535,554816000,0.0,0.0
2021-05-25 00:00:00-04:00,15.708056734442609,15.760363558877739,15.425598932323531,15.590241432189941,435408000,0.0,0.0
2021-05-26 00:00:00-04:00,15.676423080242675,15.735704145609564,15.52896724992977,15.642298698425293,370440000,0.0,0.0
2021-05-27 00:00:00-04:00,15.642047824221699,15.692113190945143,15.403179081309112,15.431076049804688,581476000,0.0,0.0
2021-05-28 00:00:00-04:00,15.44403099782794,16.21767694767889,15.44403099782794,16.184797286987305,644536000,0.0,0.0
2021-06-01 00:00:00-04:00,16.210198210770116,16.328013462955493,15.844795527802223,16.2047176361084,472804000,0.0,0.0
2021-06-02 00:00:00-04:00,16.192519278165797,16.856569802587472,16.175830504462102,16.716585159301758,594168000,0.0,0.0
2021-06-03 00:00:00-04:00,16.63936684781397,17.195565429117057,16.522049469970472,16.907377243041992,580008000,0.0,0.0
2021-06-04 00:00:00-04:00,17.04960345412486,17.596087541905547,17.032667639127915,17.513643264770508,617120000,0.0,0.0
2021-06-07 00:00:00-04:00,17.5066700158796,17.7470324200021,17.12956115972956,17.554243087768555,575756000,0.0,0.0
2021-06-08 00:00:00-04:00,17.462830794677384,17.556734115441593,17.18759528524921,17.392839431762695,323848000,0.0,0.0
2021-06-09 00:00:00-04:00,17.455376379612076,17.514422030951746,17.19627233755803,17.298418045043945,381656000,0.004,0.0
2021-06-10 00:00:00-04:00,17.290194588207186,17.43170530908903,17.1167945825232,17.36493492126465,287772000,0.0,0.0
2021-06-11 00:00:00-04:00,17.419248285060828,17.877414660065863,17.383622077318115,17.76380729675293,416308000,0.0,0.0
2021-06-14 00:00:00-04:00,17.84427977971432,17.97731876578179,17.601868346834245,17.956640243530273,321376000,0.0,0.0
2021-06-15 00:00:00-04:00,17.853247418996794,17.954148103362822,17.66689173938309,17.727182388305664,243032000,0.0,0.0
2021-06-16 00:00:00-04:00,17.729425885437355,17.892860137369315,17.523885687576584,17.748857498168945,307124000,0.0,0.0
2021-06-17 00:00:00-04:00,17.71323258774539,18.7700763215897,17.69504598066055,18.592939376831055,809656000,0.0,0.0
2021-06-18 00:00:00-04:00,18.71925067030263,19.30821305776164,18.51993932359038,18.574501037597656,968856000,0.0,0.0
2021-06-21 00:00:00-04:00,18.37170132235496,18.47260390090823,17.761313426706515,18.36372947692871,672384000,0.0,0.0
2021-06-22 00:00:00-04:00,18.407828248625574,18.89838188023769,18.32262225653675,18.821645736694336,580144000,0.0,0.0
2021-06-23 00:00:00-04:00,18.942229189755093,19.086729825944072,18.842573513046347,18.991558074951172,332356000,0.0,0.0
2021-06-24 00:00:00-04:00,19.161473823483938,19.35306044926967,19.022453105749324,19.139299392700195,320924000,0.0,0.0
2021-06-25 00:00:00-04:00,19.21404094846536,19.278817427102744,18.829371801358914,18.96540069580078,278364000,0.0,0.0
2021-06-28 00:00:00-04:00,19.294514111263886,20.00954166257775,19.25241006107168,19.916114807128906,495436000,0.0,0.0
2021-06-29 00:00:00-04:00,19.813962368207104,20.02946639667907,19.589239586918527,19.95771598815918,367632000,0.0,0.0
2021-06-30 00:00:00-04:00,19.93031096241236,20.09299819265169,19.795278090307768,19.933549880981445,326568000,0.0,0.0
2021-07-01 00:00:00-04:00,20.055628261505312,20.385486666849392,19.949992750888118,20.1423282623291,480136000,0.0,0.0
2021-07-02 00:00:00-04:00,20.369797668830962,20.43457416136021,20.217823148343758,20.416385650634766,342764000,0.0,0.0
2021-07-06 00:00:00-04:00,20.666018525350328,20.77015813867355,20.280104352666278,20.627153396606445,446708000,0.0,0.0
2021-07-07 00:00:00-04:00,20.781620788688226,20.803046315753402,20.261918703161886,20.301530838012695,418428000,0.0,0.0
2021-07-08 00:00:00-04:00,19.78805462577858,20.063600320047218,19.632841227354213,19.834144592285156,503300000,0.0,0.0
2021-07-09 00:00:00-04:00,19.893689311396027,20.011033596944927,19.686157099051567,19.981136322021484,296624000,0.0,0.0
2021-07-12 00:00:00-04:00,20.170229888571328,20.46197014862544,20.118160092279034,20.441791534423828,321984000,0.0,0.0
2021-07-13 00:00:00-04:00,20.33017348061207,20.39071501744408,20.04466209433025,20.180192947387695,290708000,0.0,0.0
2021-07-14 00:00:00-04:00,20.287578671273554,20.347371324645856,19.684664506102898,19.773107528686523,380100000,0.0,0.0
2021-07-15 00:00:00-04:00,19.743461697812513,19.778589906396334,18.793496553631783,18.900875091552734,550564000,0.0,0.0
2021-07-16 00:00:00-04:00,18.96490214619044,19.09096527868611,18.01070219908961,18.098398208618164,688224000,0.0,0.0
2021-07-19 00:00:00-04:00,17.853497190988364,18.976362343498174,17.803917401134495,18.715017318725586,749060000,0.0,0.0
2021-07-20 00:00:00-04:00,18.665439136855753,18.77306667414846,18.101390096554123,18.5478458404541,434687000,0.0,4.0
2021-07-21 00:00:00-04:00,18.81691585718277,19.45969307152444,18.67739902955173,19.343095779418945,371017000,0.0,0.0
2021-07-22 00:00:00-04:00,19.574299353352185,19.81845383790225,19.209559734509735,19.526464462280273,323826000,0.0,0.0
2021-07-23 00:00:00-04:00,19.5882451844346,19.632094138275786,19.18364454445937,19.490583419799805,195672000,0.0,0.0
2021-07-26 00:00:00-04:00,19.244436793032506,19.374983858977348,18.848803969588506,19.227495193481445,203943000,0.0,0.0
2021-07-27 00:00:00-04:00,19.198591207828677,19.554360946532352,18.676397315586588,19.141788482666016,248863000,0.0,0.0
2021-07-28 00:00:00-04:00,19.25241185691331,19.5782844245796,18.929529207405572,19.43577766418457,202191000,0.0,0.0
2021-07-29 00:00:00-04:00,19.451720092622526,19.78457038148823,19.261378455641132,19.594228744506836,190781000,0.0,0.0
2021-07-30 00:00:00-04:00,19.35106921939,19.562338390382465,19.196604690590537,19.431791305541992,183497000,0.0,0.0
2021-08-02 00:00:00-04:00,19.632092214924064,19.892192193546077,19.29426009396144,19.68191909790039,217444000,0.0,0.0
2021-08-03 00:00:00-04:00,19.671954243501315,20.15229309655213,19.15374627337289,19.74669647216797,301811000,0.0,0.0
2021-08-04 00:00:00-04:00,19.9210953580706,20.247965779199756,19.759653109158858,20.204116821289062,231309000,0.0,0.0
2021-08-05 00:00:00-04:00,20.42933387160919,20.661530493054816,20.271877575083252,20.565860748291016,211435000,0.0,0.0
2021-08-06 00:00:00-04:00,20.453255584823058,20.499096555119213,20.140336838007727,20.295799255371094,178497000,0.0,0.0
2021-08-09 00:00:00-04:00,20.375518990564935,20.43730554179816,20.073563974802937,20.225040435791016,146443000,0.0,0.0
2021-08-10 00:00:00-04:00,20.251948145392625,20.3595756588384,19.76662547826804,19.867279052734375,179238000,0.0,0.0
2021-08-11 00:00:00-04:00,19.97390996272921,19.979889797414497,19.363024040976125,19.63109588623047,185925000,0.0,0.0
2021-08-12 00:00:00-04:00,19.801508432244812,19.959958849718042,19.552370188713052,19.836387634277344,151652000,0.0,0.0
2021-08-13 00:00:00-04:00,19.83638471099879,20.144319549830023,19.782570006779846,20.118408203125,183063000,0.0,0.0
2021-08-16 00:00:00-04:00,20.065591139017652,20.21706759252676,19.38594100978279,19.881229400634766,210876000,0.0,0.0
2021-08-17 00:00:00-04:00,19.617150871347825,19.70185888892524,19.200592328362852,19.390933990478516,204585000,0.0,0.0
2021-08-18 00:00:00-04:00,19.432784446374054,19.566323330393175,18.934507922108054,18.9743709564209,285913000,0.0,0.0
2021-08-19 00:00:00-04:00,19.42680433496521,20.424355275719023,18.697327164065186,19.72975730895996,766555000,0.0,0.0
2021-08-20 00:00:00-04:00,19.922086779630092,20.793074497439452,19.86428805383606,20.744243621826172,675741000,0.0,0.0
2021-08-23 00:00:00-04:00,20.89871354691562,21.921175993171637,20.877786025238045,21.88231086730957,575807000,0.0,0.0
2021-08-24 00:00:00-04:00,21.678019114764727,21.8833084230163,21.46077013569365,21.717880249023438,297299000,0.0,0.0
2021-08-25 00:00:00-04:00,21.66207355456047,22.392546755792843,21.647125866786784,22.136432647705078,347701000,0.0,0.0
2021-08-26 00:00:00-04:00,22.123480715517967,22.262997548429166,21.714894075614353,21.99193572998047,237940000,0.0,0.0
2021-08-27 00:00:00-04:00,22.10753036152277,22.643675947875877,22.090588763919488,22.557971954345703,304722000,0.0,0.0
2021-08-30 00:00:00-04:00,22.751303423762153,22.963568544992565,22.47326582404602,22.609792709350586,262580000,0.0,0.0
2021-08-31 00:00:00-04:00,22.62075868040585,22.62075868040585,22.047640789736928,22.3117733001709,259850000,0.004,0.0
2021-09-01 00:00:00-04:00,22.41144663929597,22.622753028655936,22.283865100248764,22.367589950561523,201767000,0.0,0.0
2021-09-02 00:00:00-04:00,22.444337387679806,22.51909280352411,22.222067304803737,22.322736740112305,187834000,0.0,0.0
2021-09-03 00:00:00-04:00,22.251971049959415,22.910808082103483,22.127379950913973,22.76827621459961,280532000,0.0,0.0
2021-09-07 00:00:00-04:00,22.758302117503238,22.824086183567516,22.44831873143715,22.587862014770508,198107000,0.0,0.0
2021-09-08 00:00:00-04:00,22.43935120052012,22.536033995279624,21.90510347556101,22.265920639038086,254434000,0.0,0.0
2021-09-09 00:00:00-04:00,22.239014571951014,22.464275126748724,22.058606891844985,22.104455947875977,196856000,0.0,0.0
2021-09-10 00:00:00-04:00,22.2748946360381,22.55198511877038,22.197150672313043,22.404470443725586,248376000,0.0,0.0
2021-09-13 00:00:00-04:00,22.609793787016553,22.88887850668766,21.786495670040438,22.07953453063965,297500000,0.0,0.0
2021-09-14 00:00:00-04:00,22.202135861768,22.336694491367744,22.013754920994057,22.16924476623535,199755000,0.0,0.0
2021-09-15 00:00:00-04:00,22.236020817611784,22.293831645548725,21.894142459272885,22.267915725708008,166538000,0.0,0.0
2021-09-16 00:00:00-04:00,22.11043774594107,22.204130125637935,21.855274630502613,22.16924476623535,156033000,0.0,0.0
2021-09-17 00:00:00-04:00,22.227050730218956,22.247981943060058,21.758588894411496,21.828359603881836,294503000,0.0,0.0
2021-09-20 00:00:00-04:00,21.076826867613953,21.362888683857676,20.594410879277827,21.043935775756836,349440000,0.0,0.0
2021-09-21 00:00:00-04:00,21.34694431873025,21.354917572609224,20.881472829403588,21.176504135131836,204688000,0.0,0.0
2021-09-22 00:00:00-04:00,21.296112210739143,21.888169132453115,21.126668195366538,21.869232177734375,268726000,0.0,0.0
2021-09-23 00:00:00-04:00,22.067576479469295,22.46128483770894,21.81839426303045,22.408458709716797,248555000,0.0,0.0
2021-09-24 00:00:00-04:00,21.997804384215325,22.076546431149566,21.789488429342764,22.00876808166504,217655000,0.0,0.0
2021-09-27 00:00:00-04:00,21.638979428215535,21.72768898320493,21.25524054701434,21.589143753051758,245215000,0.0,0.0
2021-09-28 00:00:00-04:00,21.14460514549343,21.34893447038271,20.58344521216512,20.631288528442383,343069000,0.0,0.0
2021-09-29 00:00:00-04:00,20.87149907318932,20.94824684688675,20.400044932702517,20.44988250732422,218394000,0.0,0.0
2021-09-30 00:00:00-04:00,20.70006335689361,20.997088873720934,20.620325128983062,20.64823341369629,221009000,0.0,0.0
2021-10-01 00:00:00-04:00,20.68212371981342,20.79076641966092,20.13691215457875,20.674150466918945,240978000,0.0,0.0
2021-10-04 00:00:00-04:00,20.436923825487426,20.474799620417603,19.49102893557556,19.667449951171875,345635000,0.0,0.0
2021-10-05 00:00:00-04:00,19.884741262731815,20.580457952473463,19.789054624206987,20.38410186767578,279282000,0.0,0.0
2021-10-06 00:00:00-04:00,20.054187175412817,20.652223020497054,20.014317105148756,20.63228988647461,297202000,0.0,0.0
2021-10-07 00:00:00-04:00,21.023000423462637,21.25224946522736,20.903394046211478,21.006057739257812,256919000,0.0,0.0
2021-10-08 00:00:00-04:00,21.031970810804843,21.136626861467303,20.707037062083213,20.762853622436523,151258000,0.0,0.0
2021-10-11 00:00:00-04:00,20.507693882375722,20.994096456605053,20.44390216537423,20.627300262451172,163388000,0.0,0.0
2021-10-12 00:00:00-04:00,20.759866211548562,20.988117194123532,20.460848337072985,20.60338020324707,162134000,0.0,0.0
2021-10-13 00:00:00-04:00,20.849575070301597,20.92134005530111,20.645245715278612,20.870506286621094,180652000,0.0,0.0
2021-10-14 00:00:00-04:00,21.218358128233028,21.683829432378424,21.052900818856443,21.67486000061035,243589000,0.0,0.0
2021-10-15 00:00:00-04:00,21.738653534036047,21.85925800191469,21.59113886513245,21.790483474731445,226994000,0.0,0.0
2021-10-18 00:00:00-04:00,21.67785122654991,22.21807795415585,21.573193276980525,22.149303436279297,189494000,0.0,0.0
2021-10-19 00:00:00-04:00,22.20313074793577,22.30579445739423,21.964914136514288,22.217086791992188,161473000,0.0,0.0
2021-10-20 00:00:00-04:00,22.232037672694034,22.359619226163996,21.91009429442329,22.030698776245117,146276000,0.0,0.0
2021-10-21 00:00:00-04:00,22.024716293024067,22.636708092213606,22.010762150737015,22.617769241333008,187590000,0.0,0.0
2021-10-22 00:00:00-04:00,22.748339913629675,23.054334844956028,22.48719785150225,22.651657104492188,249384000,0.0,0.0
2021-10-25 00:00:00-04:00,22.897848159028317,23.278598494667374,22.695513113631097,23.09021759033203,230235000,0.0,0.0
2021-10-26 00:00:00-04:00,23.9105291901344,25.176375311741033,23.845741281251218,24.636146545410156,485898000,0.0,0.0
2021-10-27 00:00:00-04:00,24.393937207117244,25.007921262227864,24.202563973433747,24.37101173400879,245990000,0.0,0.0
2021-10-28 00:00:00-04:00,24.796623310986284,24.86838829795742,24.44278498665871,24.859416961669922,234204000,0.0,0.0
2021-10-29 00:00:00-04:00,24.91921749719109,25.624901707362692,24.91822131585797,25.483366012573242,292503000,0.0,0.0
2021-11-01 00:00:00-04:00,25.565094542912135,25.80929200930688,25.144474150231424,25.742511749267578,265740000,0.0,0.0
2021-11-02 00:00:00-04:00,25.737529816984793,26.590728607704555,25.71560052254652,26.314634323120117,294112000,0.0,0.0
2021-11-03 00:00:00-04:00,26.582757025267508,26.696384427226477,26.14918053197211,26.5109920501709,239910000,0.0,0.0
2021-11-04 00:00:00-04:00,27.139923764411982,31.26239302937268,27.029286826433722,29.703510284423828,1153631000,0.0,0.0
2021-11-05 00:00:00-04:00,30.088251003295557,31.297282321186877,29.313792339899493,29.654674530029297,851260000,0.0,0.0
2021-11-08 00:00:00-05:00,30.05037569360793,30.998264961741995,29.809166754618374,30.70323371887207,503101000,0.0,0.0
2021-11-09 00:00:00-05:00,32.17639923609389,32.204307519629445,29.86598118563401,30.556713104248047,646746000,0.0,0.0
2021-11-10 00:00:00-05:00,29.25996904882886,30.74908123163005,28.683858832683175,29.36263084411621,636206000,0.0,0.0
2021-11-11 00:00:00-05:00,30.368330421751022,30.489931064518142,29.679590905724567,30.290584564208984,332172000,0.0,0.0
2021-11-12 00:00:00-05:00,29.911828494952534,30.57963679954635,29.53307052458696,30.290584564208984,413054000,0.0,0.0
2021-11-15 00:00:00-05:00,30.45205912496515,30.543757233968925,29.151327703396426,29.926782608032227,384909000,0.0,0.0
2021-11-16 00:00:00-05:00,29.661652535322734,30.29058701140295,29.608824510774056,30.104198455810547,264484000,0.0,0.0
2021-11-17 00:00:00-05:00,30.318494131813672,30.409197952977312,28.70578699749506,29.165279388427734,428508000,0.0,0.0
2021-11-18 00:00:00-05:00,32.26112015873358,32.65283230814321,31.21854045241291,31.571382522583008,781711000,0.0,0.0
2021-11-19 00:00:00-05:00,32.13752850967371,32.97976560905506,31.800634810586825,32.87710189819336,533867000,0.0,0.0
2021-11-22 00:00:00-05:00,33.40735581710539,34.533660369454104,31.795646751201797,31.851463317871094,754335000,0.0,0.0
2021-11-23 00:00:00-05:00,31.431842568314533,32.25414458908274,30.778984519657556,31.642152786254883,532163000,0.0,0.0
2021-11-24 00:00:00-05:00,31.35808076043458,32.74751961280794,30.82682344260041,32.56711196899414,435162000,0.0,0.0
2021-11-26 00:00:00-05:00,32.493359824591494,32.60300060926562,31.247450631165712,31.39995002746582,283069000,0.0,0.0
2021-11-29 00:00:00-05:00,32.26012461188157,33.30270053648563,31.931202291527786,33.26681900024414,454964000,0.0,0.0
2021-11-30 00:00:00-05:00,33.06048273898262,33.24388267932972,31.75975378505098,32.569095611572266,622066000,0.0,0.0
2021-12-01 00:00:00-05:00,33.11438635947544,33.184165606771984,31.281175255165692,31.336002349853516,484368000,0.004,0.0
2021-12-02 00:00:00-05:00,31.11570313644076,32.375722550194084,30.9272972457991,32.02482986450195,472890000,0.0,0.0
2021-12-03 00:00:00-05:00,31.899227266863253,32.027822639120906,30.035115336865402,30.596343994140625,544325000,0.0,0.0
2021-12-06 00:00:00-05:00,29.785902441906565,30.145765658155717,27.94970412663919,29.94240951538086,658938000,0.0,0.0
2021-12-07 00:00:00-05:00,30.859514259780514,32.346816391112846,30.554476224251633,32.32488250732422,593053000,0.0,0.0
2021-12-08 00:00:00-05:00,31.898226458005908,32.188310380047575,31.322045727763758,31.725770950317383,475551000,0.0,0.0
2021-12-09 00:00:00-05:00,31.63406386343503,32.10358318046431,30.332176907618503,30.39398193359375,488507000,0.0,0.0
2021-12-10 00:00:00-05:00,31.051903118678588,31.206415682530494,29.766962833942674,30.102901458740234,488825000,0.0,0.0
2021-12-13 00:00:00-05:00,30.15374302232693,30.19860138828651,28.02745875745351,28.072317123413086,598344000,0.0,0.0
2021-12-14 00:00:00-05:00,27.61176761656936,28.58768456683166,27.16418223461943,28.247758865356445,667035000,0.0,0.0
2021-12-15 00:00:00-05:00,28.31055963968994,30.403946500307338,27.75032926972712,30.363075256347656,698297000,0.0,0.0
2021-12-16 00:00:00-05:00,31.053895348302806,31.061869576386897,28.004528853648427,28.2976016998291,707366000,0.0,0.0
2021-12-17 00:00:00-05:00,27.896875799114685,28.83092545842423,27.6725839442025,27.713455200195312,713758000,0.0,0.0
2021-12-20 00:00:00-05:00,27.219012340762006,28.05536898927544,27.059516359346297,27.6317081451416,461847000,0.0,0.0
2021-12-21 00:00:00-05:00,28.284643989318436,29.028294944690636,27.314706725168943,28.983436584472656,524385000,0.0,0.0
2021-12-22 00:00:00-05:00,28.80001904458484,29.461927576880676,28.359409624344213,29.307415008544922,395184000,0.0,0.0
2021-12-23 00:00:00-05:00,29.66129709262339,29.964340611891693,29.338318000778614,29.546659469604492,343022000,0.0,0.0
2021-12-27 00:00:00-05:00,29.566592584176444,30.989098625583328,29.546655113197424,30.847545623779297,403686000,0.0,0.0
2021-12-28 00:00:00-05:00,31.213395052745707,31.231338018752773,29.917487766927692,30.226512908935547,420591000,0.0,0.0
2021-12-29 00:00:00-05:00,30.177663603854032,30.451797181054715,29.273518478931255,29.906518936157227,343139000,0.0,0.0
2021-12-30 00:00:00-05:00,29.733066714604764,30.361083746132028,29.446971799242743,29.492826461791992,308864000,0.0,0.0
2021-12-31 00:00:00-05:00,29.58055069803875,29.935430483532848,29.23863045980728,29.318378448486328,266530000,0.0,0.0
2022-01-03 00:00:00-05:00,29.72110791823675,30.614286167328913,29.691201708964883,30.02614402770996,391547000,0.0,0.0
2022-01-04 00:00:00-05:00,30.181652811785955,30.37205130388123,28.259724925855497,29.19776153564453,527154000,0.0,0.0
2022-01-05 00:00:00-05:00,28.857832469761814,29.323362739600288,27.446293309746405,27.51706886291504,498064000,0.0,0.0
2022-01-06 00:00:00-05:00,27.55295990089713,28.34844730088948,26.979771740224123,28.089265823364258,454186000,0.0,0.0
2022-01-07 00:00:00-05:00,28.05238144846275,28.332496683528657,26.97179355482779,27.161195755004883,409939000,0.0,0.0
2022-01-10 00:00:00-05:00,26.497288278632688,27.382492201861595,25.563238883232685,27.313709259033203,594681000,0.0,0.0
2022-01-11 00:00:00-05:00,27.23695493896439,27.97661882621992,26.754479886883722,27.729398727416992,404089000,0.0,0.0
2022-01-12 00:00:00-05:00,27.978612384474925,28.504949514228787,27.52105820708782,27.91082763671875,383413000,0.0,0.0
2022-01-13 00:00:00-05:00,28.289625832276567,28.390307586035668,26.414549141387052,26.491308212280273,540171000,0.0,0.0
2022-01-14 00:00:00-05:00,26.21717640732011,27.111352875878474,26.12745967935316,26.857154846191406,395832000,0.0,0.0
2022-01-18 00:00:00-05:00,26.177304414004546,26.554114306336086,25.68884770952801,25.821428298950195,424270000,0.0,0.0
2022-01-19 00:00:00-05:00,25.996870135634115,26.459407663390692,24.97310403064186,24.988056182861328,488315000,0.0,0.0
2022-01-20 00:00:00-05:00,25.224317030343393,25.49845065849649,24.00217604422895,24.073949813842773,435181000,0.0,0.0
2022-01-21 00:00:00-05:00,23.43297273498428,24.744828429105826,23.18974164646766,23.300392150878906,718958000,0.0,0.0
2022-01-24 00:00:00-05:00,22.259682338807043,23.306375108749442,20.822223786412746,23.29840087890625,913982000,0.0,0.0
2022-01-25 00:00:00-05:00,22.4750012913378,22.870752385278564,21.930721138257574,22.253700256347656,664616000,0.0,0.0
2022-01-26 00:00:00-05:00,23.166809579557935,23.98123602247963,22.229769407799456,22.70028305053711,755959000,0.0,0.0
2022-01-27 00:00:00-05:00,23.493779360509365,23.91943467808651,21.606739331750255,21.874893188476562,573353000,0.0,0.0
2022-01-28 00:00:00-05:00,21.942680495703392,22.786017001467613,21.228935667863265,22.76807403564453,543774000,0.0,0.0
2022-01-31 00:00:00-05:00,23.108993615367613,24.431816145631064,22.979403852664547,24.40888786315918,564680000,0.0,0.0
2022-02-01 00:00:00-05:00,25.02494549207549,25.065816744698257,23.814767780089298,24.560413360595703,518925000,0.0,0.0
2022-02-02 00:00:00-05:00,25.712769688020778,25.735696069563566,24.475676742278374,25.162508010864258,543419000,0.0,0.0
2022-02-03 00:00:00-05:00,24.38097948355901,24.99802967321124,23.705115075622988,23.87258529663086,410178000,0.0,0.0
2022-02-04 00:00:00-05:00,23.89650713053911,24.55741930721573,23.557577711661764,24.242414474487305,354829000,0.0,0.0
2022-02-07 00:00:00-05:00,24.29524950581425,25.102698190128145,24.125784779344208,24.650129318237305,376868000,0.0,0.0
2022-02-08 00:00:00-05:00,24.282288838178633,25.150546207819467,23.90448265925914,25.0289306640625,410359000,0.0,0.0
2022-02-09 00:00:00-05:00,25.54131148574977,26.640838580536943,25.27315951224319,26.620901107788086,524282000,0.0,0.0
2022-02-10 00:00:00-05:00,25.913134866611202,26.84020442347212,25.519378382520046,25.742671966552734,513200000,0.0,0.0
2022-02-11 00:00:00-05:00,25.83438755548586,26.06964442204501,23.698136487325115,23.873580932617188,605472000,0.0,0.0
2022-02-14 00:00:00-05:00,23.85863260667163,24.796669412241567,23.680195420205237,24.190584182739258,440424000,0.0,0.0
2022-02-15 00:00:00-05:00,24.870429246985168,26.461403743864466,24.705949858768733,26.411561965942383,699869000,0.0,0.0
2022-02-16 00:00:00-05:00,26.176305909012655,26.498288671486034,25.47153166394175,26.42751121520996,732676000,0.0,0.0
2022-02-17 00:00:00-05:00,25.549283587406155,25.70379613633401,24.088899004953028,24.429821014404297,810595000,0.0,0.0
2022-02-18 00:00:00-05:00,24.590314838865833,24.9073141846699,23.027253892651444,23.567546844482422,761255000,0.0,0.0
2022-02-22 00:00:00-05:00,22.962457916801178,23.98821671585555,22.927568291074294,23.31633949279785,633422000,0.0,0.0
2022-02-23 00:00:00-05:00,23.72704258537858,24.07893155363586,22.230770094894353,22.316497802734375,566511000,0.0,0.0
2022-02-24 00:00:00-05:00,20.94881900592277,23.72504833875335,20.82421265561137,23.6732120513916,735801000,0.0,0.0
2022-02-25 00:00:00-05:00,23.64630098063684,24.14073741705025,23.30737152091748,24.0809268951416,528866000,0.0,0.0
2022-02-28 00:00:00-05:00,23.916440797353353,24.5873216032974,23.632338521046485,24.308202743530273,477319000,0.0,0.0
2022-03-01 00:00:00-05:00,24.21450233159208,24.3002319386135,23.059151897859554,23.403064727783203,412056000,0.0,0.0
2022-03-02 00:00:00-05:00,23.685224100178537,24.336278491001387,23.34524043941183,24.14784049987793,389642000,0.004,0.0
2022-03-03 00:00:00-05:00,24.189714450005976,24.253524852561736,23.39907779476586,23.643348693847656,365095000,0.0,0.0
2022-03-04 00:00:00-05:00,23.314331446054602,23.609449084190494,22.415018401859665,22.867666244506836,431415000,0.0,0.0
2022-03-07 00:00:00-05:00,22.749016800661877,22.96437474060364,21.266447763904743,21.288381576538086,450821000,0.0,0.0
2022-03-08 00:00:00-05:00,21.245514318732305,22.306343532359403,20.588477275477324,21.44990348815918,557467000,0.0,0.0
2022-03-09 00:00:00-05:00,22.320299923146024,23.150818288505107,22.18071764381372,22.945432662963867,492742000,0.0,0.0
2022-03-10 00:00:00-05:00,22.463869834153396,22.720104081485786,21.816803338925023,22.590492248535156,428066000,0.0,0.0
2022-03-11 00:00:00-05:00,22.9534068346535,23.076041459647897,21.980314929450074,22.034154891967773,367209000,0.0,0.0
2022-03-14 00:00:00-04:00,21.80384458359265,22.195673358229172,21.095960818464654,21.266450881958008,385354000,0.0,0.0
2022-03-15 00:00:00-04:00,21.453891221892214,22.969363152831257,21.25847601527962,22.904556274414062,491996000,0.0,0.0
2022-03-16 00:00:00-04:00,23.429982841181694,24.523714502325593,23.102960984324504,24.423015594482422,671422000,0.0,0.0
2022-03-17 00:00:00-04:00,24.04813969626861,24.76798684900342,23.834776570421486,24.692214965820312,471941000,0.0,0.0
2022-03-18 00:00:00-04:00,24.72511591515251,26.489842995481,24.55063805480904,26.374187469482422,730719000,0.0,0.0
2022-03-21 00:00:00-04:00,26.428027300009337,27.071106099040612,25.88963521663449,26.65435028076172,591727000,0.0,0.0
2022-03-22 00:00:00-04:00,26.647371123248757,27.156850275284068,25.994323791878227,26.444976806640625,547007000,0.0,0.0
2022-03-23 00:00:00-04:00,26.048159533733372,26.53271160406256,25.498802493887702,25.557626724243164,502120000,0.0,0.0
2022-03-24 00:00:00-04:00,26.08804332010231,28.23562518243766,25.829814189665502,28.066131591796875,877379000,0.0,0.0
2022-03-25 00:00:00-04:00,27.80292125310054,28.27351518468518,27.189753699361987,27.609498977661133,579016000,0.0,0.0
2022-03-28 00:00:00-04:00,27.67330780734801,28.165835529081235,27.124945266667112,28.13492774963379,425494000,0.0,0.0
2022-03-29 00:00:00-04:00,28.60950867127436,28.85976031919867,27.896638718914144,28.57062530517578,488984000,0.0,0.0
2022-03-30 00:00:00-04:00,28.219672974520872,28.41110037401944,27.42105885059828,27.607501983642578,463487000,0.0,0.0
2022-03-31 00:00:00-04:00,27.699230691592014,28.163841976043138,27.188756923217856,27.204708099365234,523440000,0.0,0.0
2022-04-01 00:00:00-04:00,27.29343862106805,27.41407840137785,26.188740006342908,26.632413864135742,517235000,0.0,0.0
2022-04-04 00:00:00-04:00,26.648367352938315,27.475894378510496,26.533710211634048,27.278484344482422,397120000,0.0,0.0
2022-04-05 00:00:00-04:00,27.17280089255996,27.237607768198263,25.743073244909805,25.853742599487305,436615000,0.0,0.0
2022-04-06 00:00:00-04:00,24.859714163923694,25.224622964462803,23.93148813508022,24.33428382873535,703833000,0.0,0.0
2022-04-07 00:00:00-04:00,24.36818131196346,24.648344247170577,23.40805109513817,24.135875701904297,557992000,0.0,0.0
2022-04-08 00:00:00-04:00,23.845746142871228,23.85172878488728,22.99329382056796,23.05012321472168,524781000,0.0,0.0
2022-04-11 00:00:00-04:00,22.147815823189774,22.253499000395795,21.595465570939584,21.851699829101562,575207000,0.0,0.0
2022-04-12 00:00:00-04:00,22.46985514903304,22.65729475827579,21.218593162457935,21.439931869506836,662258000,0.0,0.0
2022-04-13 00:00:00-04:00,21.663267032253867,22.432966395854017,21.39107965829104,22.136850357055664,516943000,0.0,0.0
2022-04-14 00:00:00-04:00,22.437952508502335,22.709143431724364,21.09995152374365,21.19466781616211,569097000,0.0,0.0
2022-04-18 00:00:00-04:00,21.13684014323295,22.02219313271973,21.016200346382977,21.718103408813477,525701000,0.0,0.0
2022-04-19 00:00:00-04:00,21.655288033662476,22.306342402426626,21.250497509099134,22.131864547729492,512781000,0.0,0.0
2022-04-20 00:00:00-04:00,22.44991555152109,22.602459598625735,21.136839837783892,21.417999267578125,468974000,0.0,0.0
2022-04-21 00:00:00-04:00,21.64431805927398,22.32528363593372,19.940410359200147,20.122865676879883,656209000,0.0,0.0
2022-04-22 00:00:00-04:00,20.242508087919838,20.424963414737594,19.44190107394043,19.45685577392578,624713000,0.0,0.0
2022-04-25 00:00:00-04:00,19.14479325994293,19.885579752238908,19.039110058157114,19.842708587646484,641566000,0.0,0.0
2022-04-26 00:00:00-04:00,19.659250704582643,19.729041835581757,18.61437288191269,18.73202133178711,653143000,0.0,0.0
2022-04-27 00:00:00-04:00,18.542587544483734,19.10989247416375,18.23550655747405,18.36013412475586,499460000,0.0,0.0
2022-04-28 00:00:00-04:00,18.910491964188285,19.977305783390694,18.434913772859694,19.723064422607422,570327000,0.0,0.0
2022-04-29 00:00:00-04:00,19.344199287343677,20.068036269432913,18.461835591856172,18.49174690246582,500435000,0.0,0.0
2022-05-02 00:00:00-04:00,18.48576074197281,19.515682143130196,18.336208020718836,19.47480583190918,572049000,0.0,0.0
2022-05-03 00:00:00-04:00,19.342202225014407,19.76593718597662,19.075997486229383,19.54360008239746,475751000,0.0,0.0
2022-05-04 00:00:00-04:00,19.863643621096067,20.339221777103816,18.695134485364377,20.273418426513672,648855000,0.0,0.0
2022-05-05 00:00:00-04:00,19.807809899114023,19.86563575823811,18.444882087815973,18.787857055664062,626331000,0.0,0.0
2022-05-06 00:00:00-04:00,18.68017713798414,19.45386415893865,17.93639951654731,18.61935806274414,633297000,0.0,0.0
2022-05-09 00:00:00-04:00,17.98026782674294,18.200608121706267,16.776863370793325,16.899497985839844,644455000,0.0,0.0
2022-05-10 00:00:00-04:00,17.63630138327549,18.14378578300302,16.974279965454567,17.54258155822754,761474000,0.0,0.0
2022-05-11 00:00:00-04:00,17.295314714048374,17.700105173473105,16.518636414884845,16.5804500579834,670167000,0.0,0.0
2022-05-12 00:00:00-04:00,16.170677698614824,16.73798268883239,15.520620763164581,16.126808166503906,708728000,0.0,0.0
2022-05-13 00:00:00-04:00,16.73798356385744,17.874586549641382,16.543564832253985,17.653247833251953,670437000,0.0,0.0
2022-05-16 00:00:00-04:00,17.4568392335923,17.735007387650917,17.055039943655906,17.212568283081055,521446000,0.0,0.0
2022-05-17 00:00:00-04:00,18.020150928461515,18.316266948710442,17.581463204511554,18.122844696044922,585830000,0.0,0.0
2022-05-18 00:00:00-04:00,17.652250113395763,18.064019738570103,16.813756162184983,16.887535095214844,545161000,0.0,0.0
2022-05-19 00:00:00-04:00,16.886541532338022,17.634307130960774,16.684145291017686,17.07298469543457,621310000,0.0,0.0
2022-05-20 00:00:00-04:00,17.28035996987774,17.358126686206212,15.708058031276178,16.64426040649414,739105000,0.0,0.0
2022-05-23 00:00:00-04:00,16.225516631801014,16.86460770868563,16.130800340603695,16.847658157348633,639889000,0.0,0.0
2022-05-24 00:00:00-04:00,16.460811455935517,16.547552147553244,15.732985873904111,16.105871200561523,588550000,0.0,0.0
2022-05-25 00:00:00-04:00,15.972275924953209,17.060025375610792,15.952335049741066,16.92443084716797,781132000,0.0,0.0
2022-05-26 00:00:00-04:00,15.988220610755953,18.038094588752674,15.974262384109384,17.797813415527344,996575000,0.0,0.0
2022-05-27 00:00:00-04:00,18.13181188602695,18.824740686007324,18.04606769956689,18.75494956970215,738379000,0.0,0.0
2022-05-31 00:00:00-04:00,18.923452187686582,19.142797955948794,18.29532999144944,18.616371154785156,664100000,0.0,0.0
2022-06-01 00:00:00-04:00,18.668216603337324,18.9962349851399,18.068008952451528,18.265419006347656,544514000,0.0,0.0
2022-06-02 00:00:00-04:00,18.237505885772407,19.560552268369577,18.143786059297287,19.533632278442383,648656000,0.0,0.0
2022-06-03 00:00:00-04:00,19.025147490431646,19.274402636121195,18.466814594887644,18.66422462463379,598779000,0.0,0.0
2022-06-06 00:00:00-04:00,19.081979003796526,19.279389055591135,18.508691344014494,18.730030059814453,422406000,0.0,0.0
2022-06-07 00:00:00-04:00,18.416965795176733,18.9433925831492,18.133811531545238,18.869613647460938,388914000,0.0,0.0
2022-06-08 00:00:00-04:00,18.74695746915526,19.126903243016258,18.48368837591233,18.596376419067383,363252000,0.004,0.0
2022-06-09 00:00:00-04:00,18.42983139770459,18.880579582283133,17.991049120633004,17.998029708862305,395574000,0.0,0.0
2022-06-10 00:00:00-04:00,17.5512700639211,17.64800161515912,16.822293135540402,16.927003860473633,465248000,0.0,0.0
2022-06-13 00:00:00-04:00,15.955702020878928,16.266838484183843,15.562792805356883,15.603679656982422,604153000,0.0,0.0
2022-06-14 00:00:00-04:00,15.68744737975274,16.021519942748558,15.369330314017972,15.792157173156738,469680000,0.0,0.0
2022-06-15 00:00:00-04:00,16.05043807467459,16.82129863210318,15.881906301777965,16.481243133544922,563936000,0.0,0.0
2022-06-16 00:00:00-04:00,15.816089727372347,15.897863432906357,15.358360878066698,15.557806968688965,545749000,0.0,0.0
2022-06-17 00:00:00-04:00,15.604677679322638,15.950717118320277,15.285563915858456,15.83603572845459,630334000,0.0,0.0
2022-06-21 00:00:00-04:00,16.42939011174875,16.960913567479754,16.361577575315028,16.520137786865234,483089000,0.0,0.0
2022-06-22 00:00:00-04:00,16.181080798165386,16.615874624972886,16.135208613375514,16.31471061706543,437135000,0.0,0.0
2022-06-23 00:00:00-04:00,16.473263235618262,16.539080487355168,15.809107764015794,16.180078506469727,463680000,0.0,0.0
2022-06-24 00:00:00-04:00,16.454320190454215,17.092547758876677,16.264845667803225,17.07858657836914,472153000,0.0,0.0
2022-06-27 00:00:00-04:00,17.264068491152564,17.28201830452183,16.579966999575007,16.822294235229492,427968000,0.0,0.0
2022-06-28 00:00:00-04:00,16.85320941802592,17.15437333107961,15.900853555794448,15.937751770019531,461149000,0.0,0.0
2022-06-29 00:00:00-04:00,15.770219221628231,15.776202177014092,15.128002076209375,15.498971939086914,482352000,0.0,0.0
2022-06-30 00:00:00-04:00,15.318472470620367,15.523902477901675,14.820854376855518,15.117032051086426,686070000,0.0,0.0
2022-07-01 00:00:00-04:00,14.857750345223227,15.021295848581772,14.35215407119524,14.48279094696045,577610000,0.0,0.0
2022-07-05 00:00:00-04:00,14.135756008662238,14.92955177197515,14.01608834866183,14.922571182250977,651397000,0.0,0.0
2022-07-06 00:00:00-04:00,14.968444218161782,15.27658874989287,14.748055399282007,15.088111877441406,529066000,0.0,0.0
2022-07-07 00:00:00-04:00,15.413208995404638,15.900854523259023,15.346394102933195,15.814095497131348,492903000,0.0,0.0
2022-07-08 00:00:00-04:00,15.387280900081658,15.99260071355022,15.3463940472355,15.794151306152344,467972000,0.0,0.0
2022-07-11 00:00:00-04:00,15.483014331967349,15.484011966579512,14.996365505258906,15.110050201416016,437321000,0.0,0.0
2022-07-12 00:00:00-04:00,15.225729983268637,15.388278822055844,14.835812677537918,15.040245056152344,458483000,0.0,0.0
2022-07-13 00:00:00-04:00,14.549607579077355,15.332434145906136,14.424953642931776,15.122017860412598,521918000,0.0,0.0
2022-07-14 00:00:00-04:00,15.066172037556123,15.430161276206992,14.687223985290593,15.32944107055664,456235000,0.0,0.0
2022-07-15 00:00:00-04:00,15.615647329390558,15.738305988579,15.40223910380052,15.718361854553223,385935000,0.0,0.0
2022-07-18 00:00:00-04:00,16.25687078128728,16.850222942064924,15.957702040170656,16.056427001953125,670517000,0.0,0.0
2022-07-19 00:00:00-04:00,16.440354390374548,17.062627235975032,16.12722460067231,16.94495391845703,702366000,0.0,0.0
2022-07-20 00:00:00-04:00,16.900078566553773,17.883348644030917,16.7544828947443,17.7576961517334,760538000,0.0,0.0
2022-07-21 00:00:00-04:00,17.835484504614854,18.093766321144624,17.496425663382336,18.00002670288086,557049000,0.0,0.0
2022-07-22 00:00:00-04:00,17.843461655137467,17.917256187628578,17.089554175506528,17.27105140686035,536671000,0.0,0.0
2022-07-25 00:00:00-04:00,16.971878546789405,17.076589278551587,16.602904032037294,16.976865768432617,480748000,0.0,0.0
2022-07-26 00:00:00-04:00,16.84223788619785,16.872155507315675,16.43237655784187,16.487224578857422,397865000,0.0,0.0
2022-07-27 00:00:00-04:00,16.984842903526864,17.886341221329417,16.866172897497414,17.740745544433594,569776000,0.0,0.0
2022-07-28 00:00:00-04:00,17.925235866496404,18.089778068252926,17.39171718778261,17.9342098236084,474646000,0.0,0.0
2022-07-29 00:00:00-04:00,17.763681512135797,18.19348797443547,17.643016231379985,18.112712860107422,435460000,0.0,0.0
2022-08-01 00:00:00-04:00,18.131662250640616,18.793825424102035,17.94019436661478,18.38994598388672,476469000,0.0,0.0
2022-08-02 00:00:00-04:00,18.071827728649904,18.885568560892924,18.041910100984115,18.474708557128906,489527000,0.0,0.0
2022-08-03 00:00:00-04:00,18.133655821615758,18.915485636087563,18.08678506318179,18.8406925201416,418146000,0.0,0.0
2022-08-04 00:00:00-04:00,18.796816360490926,19.220638962108396,18.708062062276774,19.161802291870117,409652000,0.0,0.0
2022-08-05 00:00:00-04:00,18.757920901412877,19.17576145516048,18.614320486775554,18.936426162719727,386068000,0.0,0.0
2022-08-08 00:00:00-04:00,17.453549116330006,18.1885083542526,17.194268659504388,17.743741989135742,981859000,0.0,0.0
2022-08-09 00:00:00-04:00,17.20423514221183,17.398694940794755,16.677697139131496,17.038694381713867,668263000,0.0,0.0
2022-08-10 00:00:00-04:00,17.64900236749365,18.067839657584745,17.269056663137828,18.046897888183594,597422000,0.0,0.0
2022-08-11 00:00:00-04:00,18.080804181955322,18.65520971795895,17.82650909360647,17.89232635498047,509327000,0.0,0.0
2022-08-12 00:00:00-04:00,18.109721945226894,18.666177625548745,17.903294316475968,18.657201766967773,478094000,0.0,0.0
2022-08-15 00:00:00-04:00,18.649224212452747,19.1109416861416,18.561468505502724,18.979307174682617,457666000,0.0,0.0
2022-08-16 00:00:00-04:00,18.867617579479603,19.08900306515244,18.449777011947884,18.826730728149414,451240000,0.0,0.0
2022-08-17 00:00:00-04:00,18.471721894186565,18.63626412135766,18.094768085558428,18.28424072265625,446799000,0.0,0.0
2022-08-18 00:00:00-04:00,18.250335851229977,18.81277364411439,18.13266249363342,18.72102928161621,415447000,0.0,0.0
2022-08-19 00:00:00-04:00,18.35503657639965,18.468721246381484,17.720797888259778,17.799579620361328,441588000,0.0,0.0
2022-08-22 00:00:00-04:00,17.44158008519119,17.509392623810882,16.91903057051117,16.98684310913086,409593000,0.0,0.0
2022-08-23 00:00:00-04:00,16.94196263706093,17.416644561805427,16.923014238335547,17.13343048095703,369986000,0.0,0.0
2022-08-24 00:00:00-04:00,16.96490062655106,17.357810823683003,16.84822587028311,17.174320220947266,522661000,0.0,0.0
2022-08-25 00:00:00-04:00,16.797364674114142,17.897311489093674,16.786395448843106,17.863405227661133,770691000,0.0,0.0
2022-08-26 00:00:00-04:00,17.807557483692953,17.874371409562567,16.192042139496785,16.21497917175293,769127000,0.0,0.0
2022-08-29 00:00:00-04:00,15.97564911347893,16.292767620206746,15.723349284871533,15.757254600524902,496132000,0.0,0.0
2022-08-30 00:00:00-04:00,15.915814125564097,15.994594931513266,15.139968172102677,15.425176620483398,530181000,0.0,0.0
2022-08-31 00:00:00-04:00,15.341409823464284,15.496978080522329,14.91758622911399,15.052212715148926,573710000,0.0,0.0
2022-09-01 00:00:00-04:00,14.169658975117944,14.340186004315418,13.233259619419709,13.898412704467773,1178865000,0.0,0.0
2022-09-02 00:00:00-04:00,14.060963550220945,14.131766129658757,13.55337197606146,13.609217643737793,743157000,0.0,0.0
2022-09-06 00:00:00-04:00,13.6929833994128,13.74085083822802,13.314035378216058,13.427720069885254,535751000,0.0,0.0
2022-09-07 00:00:00-04:00,13.529468012385438,13.803788702525829,13.313004492414725,13.680094718933105,512657000,0.004,0.0
2022-09-08 00:00:00-04:00,13.425725497360691,13.973368965250524,13.335948799799713,13.955412864685059,624873000,0.0,0.0
2022-09-09 00:00:00-04:00,14.121999030627672,14.438215695022928,14.091076486708564,14.351430892944336,486612000,0.0,0.0
2022-09-12 00:00:00-04:00,14.333475654409431,14.511035078989412,14.16289794182431,14.469139099121094,484159000,0.0,0.0
2022-09-13 00:00:00-04:00,13.767878093148786,13.887581309355834,13.06661601426547,13.098536491394043,714956000,0.0,0.0
2022-09-14 00:00:00-04:00,13.22123276604588,13.25714401689083,12.881076192438005,13.095544815063477,588507000,0.0,0.0
2022-09-15 00:00:00-04:00,12.982824382811994,13.200284898230091,12.758380252068209,12.8970365524292,523625000,0.0,0.0
2022-09-16 00:00:00-04:00,12.710497968812046,13.179336268504516,12.585807002502516,13.16537094116211,670751000,0.0,0.0
2022-09-19 00:00:00-04:00,12.979829980486416,13.42971516771623,12.977835069768854,13.348915100097656,569685000,0.0,0.0
2022-09-20 00:00:00-04:00,13.182329079094677,13.44966616014184,13.024719705664902,13.143424987792969,524818000,0.0,0.0
2022-09-21 00:00:00-04:00,13.180335452104883,13.99631305335464,13.07758944681726,13.228216171264648,807679000,0.0,0.0
2022-09-22 00:00:00-04:00,13.037687792673827,13.116492959222398,12.39727571074283,12.529946327209473,759162000,0.0,0.0
2022-09-23 00:00:00-04:00,12.38929449653901,12.579822277960686,12.22669736982,12.48505687713623,663309000,0.0,0.0
2022-09-26 00:00:00-04:00,12.460119453590893,12.627704338358164,12.183803837251507,12.197769165039062,547343000,0.0,0.0
2022-09-27 00:00:00-04:00,12.476080251525241,12.704514210651315,12.227696230944117,12.382312774658203,553854000,0.0,0.0
2022-09-28 00:00:00-04:00,12.379319288548018,12.791298357950701,12.323457977799615,12.704513549804688,542414000,0.0,0.0
2022-09-29 00:00:00-04:00,12.417226765945308,12.469098260371657,11.916467924408922,12.189790725708008,532763000,0.0,0.0
2022-09-30 00:00:00-04:00,12.057117275528151,12.601767882452046,12.045146859340639,12.108988761901855,565638000,0.0,0.0
2022-10-03 00:00:00-04:00,12.316474670852143,12.64665666780186,12.075072388322885,12.481066703796387,547478000,0.0,0.0
2022-10-04 00:00:00-04:00,12.847159945252836,13.187317472632325,12.847159945252836,13.134448051452637,584182000,0.0,0.0
2022-10-05 00:00:00-04:00,12.87908219169331,13.288068453828838,12.589799156184034,13.176344871520996,507131000,0.0,0.0
2022-10-06 00:00:00-04:00,13.187316594180706,13.62223854641482,13.070605273695971,13.097538948059082,644157000,0.0,0.0
2022-10-07 00:00:00-04:00,12.474084749119333,12.638676791416017,11.992279039061453,12.04614543914795,672478000,0.0,0.0
2022-10-10 00:00:00-04:00,12.00724185114814,12.094026663340596,11.379797153136787,11.641149520874023,698699000,0.0,0.0
2022-10-11 00:00:00-04:00,11.532419021743818,11.816714298827332,11.255106408972765,11.557357788085938,667482000,0.0,0.0
2022-10-12 00:00:00-04:00,11.550374224944592,11.705987738753207,11.316952527256786,11.471569061279297,492590000,0.0,0.0
2022-10-13 00:00:00-04:00,10.943875273241852,12.048138702279783,10.78626591637664,11.93043041229248,850103000,0.0,0.0
2022-10-14 00:00:00-04:00,12.027192471424224,12.081058872016744,11.176301596444594,11.199244499206543,713432000,0.0,0.0
2022-10-17 00:00:00-04:00,11.48952497727775,11.918462240438945,11.48852799742512,11.858610153198242,580774000,0.0,0.0
2022-10-18 00:00:00-04:00,12.313481973149718,12.4611158389974,11.589277019716143,11.937414169311523,659362000,0.0,0.0
2022-10-19 00:00:00-04:00,11.84963214701234,12.319468398644798,11.804743321043421,12.021206855773926,523131000,0.0,0.0
2022-10-20 00:00:00-04:00,12.083052622860917,12.737430913529549,12.07507202855851,12.16385269165039,652398000,0.0,0.0
2022-10-21 00:00:00-04:00,12.068088566789482,12.467100180494857,11.857610751557178,12.435178756713867,609494000,0.0,0.0
2022-10-24 00:00:00-04:00,12.477077391333092,12.678577660700563,12.034174829585528,12.567852020263672,517457000,0.0,0.0
2022-10-25 00:00:00-04:00,12.662618457515958,13.267120266355917,12.632691937809854,13.228216171264648,505482000,0.0,0.0
2022-10-26 00:00:00-04:00,12.837185850244591,13.354901886783574,12.676583621317251,12.864118576049805,532953000,0.0,0.0
2022-10-27 00:00:00-04:00,13.59630304820485,13.803788998303101,13.089558589412318,13.143424987792969,583113000,0.0,0.0
2022-10-28 00:00:00-04:00,13.071602334811837,13.815758246237337,13.028708425425865,13.799797058105469,521040000,0.0,0.0
2022-10-31 00:00:00-04:00,13.74393706149706,13.803789144395994,13.264126272475048,13.463631629943848,486341000,0.0,0.0
2022-11-01 00:00:00-04:00,13.776855711937651,13.89057419579045,13.485577789770767,13.50951862335205,432817000,0.0,0.0
2022-11-02 00:00:00-04:00,13.815759886644688,14.174869538553562,13.17833970749939,13.186319351196289,672628000,0.0,0.0
2022-11-03 00:00:00-04:00,13.01075449802835,13.74692988442399,12.92396969143258,13.387819290161133,500065000,0.0,0.0
2022-11-04 00:00:00-04:00,13.951423355113537,14.1938226319805,13.663137321682004,14.121003150939941,612576000,0.0,0.0
2022-11-07 00:00:00-05:00,14.19282459299917,14.376369715229352,13.919502771881342,14.265644073486328,410061000,0.0,0.0
2022-11-08 00:00:00-05:00,14.76440920283428,14.85418686064914,14.180855378354366,14.565901756286621,595292000,0.0,0.0
2022-11-09 00:00:00-05:00,14.126986819932588,14.175866414863753,13.724983283457384,13.741941452026367,454414000,0.0,0.0
2022-11-10 00:00:00-05:00,14.763411236851555,15.734005334197544,14.511036451418649,15.71106243133545,700819000,0.0,0.0
2022-11-11 00:00:00-05:00,15.767913148763926,16.348473778287268,15.443716987954431,16.2866268157959,655487000,0.0,0.0
2022-11-14 00:00:00-05:00,16.177901866300843,16.499106232735553,15.882633238435714,16.254711151123047,527852000,0.0,0.0
2022-11-15 00:00:00-05:00,16.68065530390621,16.9559719708209,16.341495795044064,16.624794006347656,545876000,0.0,0.0
2022-11-16 00:00:00-05:00,16.12204333727618,16.321547735639033,15.833757322153295,15.870665550231934,649547000,0.0,0.0
2022-11-17 00:00:00-05:00,15.67614983892832,16.22578826120925,15.496594526959475,15.638243675231934,710894000,0.0,0.0
2022-11-18 00:00:00-05:00,15.926526078879489,15.962438276776751,15.082617967788815,15.370903968811035,492072000,0.0,0.0
2022-11-21 00:00:00-05:00,15.1095521073422,15.43873616621096,15.0427173645285,15.279131889343262,404739000,0.0,0.0
2022-11-22 00:00:00-05:00,15.290106315115047,16.018302109906227,15.084615259338909,15.998351097106934,472866000,0.0,0.0
2022-11-23 00:00:00-05:00,16.05820212549382,16.486142404800624,16.008326496462395,16.478160858154297,427241000,0.0,0.0
2022-11-25 00:00:00-05:00,16.277663786565157,16.446244751295083,16.132024780129587,16.229782104492188,167934000,0.0,0.0
2022-11-28 00:00:00-05:00,15.986378789361892,16.316561753105944,15.686124245692138,15.787871360778809,303741000,0.0,0.0
2022-11-29 00:00:00-05:00,15.787871978822768,15.89261289133373,15.481631739149844,15.600337028503418,298384000,0.0,0.0
2022-11-30 00:00:00-05:00,15.662199992090873,16.89246723894382,15.562422258629718,16.885482788085938,565298000,0.004,0.0
2022-12-01 00:00:00-05:00,16.961313400800822,17.22672251600334,16.59812007687738,17.09701156616211,470977000,0.0,0.0
2022-12-02 00:00:00-05:00,16.622066938764753,16.895459640770735,16.408540682249722,16.838584899902344,371389000,0.0,0.0
2022-12-05 00:00:00-05:00,16.64202078226574,16.957320143368804,16.43547900431618,16.57317352294922,352255000,0.0,0.0
2022-12-06 00:00:00-05:00,16.493351572776334,16.53625550550943,15.783927508680161,15.951555252075195,352694000,0.0,0.0
2022-12-07 00:00:00-05:00,15.737030105203344,16.150112680566554,15.632262419910722,16.084259033203125,372388000,0.0,0.0
2022-12-08 00:00:00-05:00,16.236925874832792,17.140917543492012,15.923620885545601,17.130939483642578,515456000,0.0,0.0
2022-12-09 00:00:00-05:00,17.121954302942694,17.54401680190964,16.937365000489294,16.963306427001953,465338000,0.0,0.0
2022-12-12 00:00:00-05:00,16.99922915428006,17.499117875319435,16.75976146929497,17.496124267578125,457328000,0.0,0.0
2022-12-13 00:00:00-05:00,18.48991676619764,18.7483433376604,17.671735017061216,18.03193473815918,656589000,0.0,0.0
2022-12-14 00:00:00-05:00,17.94712099776623,18.211534767204142,17.38137864220524,17.634815216064453,496888000,0.0,0.0
2022-12-15 00:00:00-05:00,17.107987414571323,17.281601445328924,16.662977044280925,16.914417266845703,478542000,0.0,0.0
2022-12-16 00:00:00-05:00,16.82661330300129,17.003220944622573,16.373619336340138,16.53426170349121,478232000,0.0,0.0
2022-12-19 00:00:00-05:00,16.535258005172167,16.572174722426883,16.109204679647327,16.21796226501465,354039000,0.0,0.0
2022-12-20 00:00:00-05:00,16.02838403707244,16.27383892516191,15.816855115740298,16.04933738708496,403260000,0.0,0.0
2022-12-21 00:00:00-05:00,16.078275356146534,16.590138515163844,16.066300925017234,16.46441650390625,325025000,0.0,0.0
2022-12-22 00:00:00-05:00,16.0583199304805,16.10222300797655,14.849007005999164,15.304993629455566,565045000,0.0,0.0
2022-12-23 00:00:00-05:00,15.16230702391327,15.304989609397857,14.850001291940533,15.172285079956055,349326000,0.0,0.0
2022-12-27 00:00:00-05:00,15.040582308063698,15.06652469064024,14.024838544585242,14.08969497680664,464902000,0.0,0.0
2022-12-28 00:00:00-05:00,13.896125203332481,14.230382578065761,13.853220309505318,14.004883766174316,351066000,0.0,0.0
2022-12-29 00:00:00-05:00,14.370071654140734,14.650447871616409,14.195459433216843,14.570625305175781,354923000,0.0,0.0
2022-12-30 00:00:00-05:00,14.302221216588292,14.59656727894766,14.201445300640174,14.5816011428833,310490000,0.0,0.0
2023-01-03 00:00:00-05:00,14.818074155568226,14.962753137456133,14.064747927725566,14.283262252807617,401277000,0.0,0.0
2023-01-04 00:00:00-05:00,14.534703367464905,14.820068566207876,14.20942594066625,14.716299057006836,431324000,0.0,0.0
2023-01-05 00:00:00-05:00,14.458872413551465,14.531710520758232,14.11663246222546,14.233373641967773,389168000,0.0,0.0
2023-01-06 00:00:00-05:00,14.44191076025438,14.976722686175162,14.00288666985135,14.826057434082031,405044000,0.0,0.0
2023-01-09 00:00:00-05:00,15.250114184790577,16.020401941381497,15.1074306292161,15.593351364135742,504231000,0.0,0.0
2023-01-10 00:00:00-05:00,15.472618665402736,15.926609787228095,15.437696417809999,15.873727798461914,384101000,0.0,0.0
2023-01-11 00:00:00-05:00,15.804882316459198,15.992465239813418,15.528496008879637,15.965524673461914,353285000,0.0,0.0
2023-01-12 00:00:00-05:00,16.06430761543747,16.600115869170452,15.457654762499619,16.474395751953125,551409000,0.0,0.0
2023-01-13 00:00:00-05:00,16.24191245912775,16.884485751855593,16.129164009129322,16.861536026000977,447287000,0.0,0.0
2023-01-17 00:00:00-05:00,16.861534824609727,17.68869739083552,16.861534824609727,17.66275405883789,511102000,0.0,0.0
2023-01-18 00:00:00-05:00,17.62783226446367,17.833374940410984,17.243685577032387,17.338476181030273,439624000,0.0,0.0
2023-01-19 00:00:00-05:00,16.998229980422312,17.158874241400532,16.693907773124163,16.72783088684082,452932000,0.0,0.0
2023-01-20 00:00:00-05:00,16.973290112718583,17.816418155441696,16.787703513928836,17.799455642700195,564967000,0.0,0.0
2023-01-23 00:00:00-05:00,18.023949346098004,19.202332601538465,17.77849636841415,19.150447845458984,655163000,0.0,0.0
2023-01-24 00:00:00-05:00,18.7852576049282,19.451777728959655,18.778273155345232,19.222286224365234,496204000,0.0,0.0
2023-01-25 00:00:00-05:00,18.87107002531869,19.327057588077132,18.538808102919397,19.280160903930664,449537000,0.0,0.0
2023-01-26 00:00:00-05:00,19.657322688857523,20.121291926493868,19.235260153653364,19.758098602294922,489535000,0.0,0.0
2023-01-27 00:00:00-05:00,19.41885115591402,20.582266410433473,19.36197832095678,20.319849014282227,542142000,0.0,0.0
2023-01-30 00:00:00-05:00,19.905769395745818,20.09534677439952,19.10754194271611,19.119516372680664,488611000,0.0,0.0
2023-01-31 00:00:00-05:00,19.127503487962052,19.643357585934556,18.907991875192625,19.493690490722656,498017000,0.0,0.0
2023-02-01 00:00:00-05:00,19.647346873400746,21.14501874822768,19.56752430206783,20.89657211303711,660477000,0.0,0.0
2023-02-02 00:00:00-05:00,20.953438165318428,21.90033342006355,20.654104095633148,21.660865783691406,564276000,0.0,0.0
2023-02-03 00:00:00-05:00,20.95344207269312,21.696791212168588,20.74290942748652,21.053220748901367,429366000,0.0,0.0
2023-02-06 00:00:00-05:00,20.759872338931974,21.522178471104034,20.739916222678673,21.042245864868164,452197000,0.0,0.0
2023-02-07 00:00:00-05:00,21.33459738007037,22.209653931499272,21.10311135974189,22.123844146728516,664150000,0.0,0.0
2023-02-08 00:00:00-05:00,22.337365045310303,22.82727757872674,21.95920561326959,22.15576934814453,559651000,0.0,0.0
2023-02-09 00:00:00-05:00,22.55588404014392,22.968965772411735,22.07096142740167,22.287479400634766,523876000,0.0,0.0
2023-02-10 00:00:00-05:00,21.641912436236254,22.02905079986804,20.76486152389426,21.217853546142578,550737000,0.0,0.0
2023-02-13 00:00:00-05:00,21.490250748186387,21.99912031573908,20.91552751667087,21.739696502685547,474919000,0.0,0.0
2023-02-14 00:00:00-05:00,21.53016116062426,22.997900655540672,21.318631266584543,22.920074462890625,675474000,0.0,0.0
2023-02-15 00:00:00-05:00,22.499006113761624,22.804327433692144,22.056989406086455,22.713529586791992,420575000,0.0,0.0
2023-02-16 00:00:00-05:00,22.083928543019674,22.50000383331045,21.878385888019974,21.95322036743164,412026000,0.0,0.0
2023-02-17 00:00:00-05:00,21.583045106514625,21.691802710091036,20.928499305845392,21.34058380126953,465888000,0.0,0.0
2023-02-21 00:00:00-05:00,20.953441579866375,21.44634583081081,20.5722885301492,20.609207153320312,410015000,0.0,0.0
2023-02-22 00:00:00-05:00,20.661093956622445,21.05721318053683,20.37572680694439,20.707988739013672,513184000,0.0,0.0
2023-02-23 00:00:00-05:00,23.388035501899783,23.835042267919597,22.97395461774742,23.61153793334961,1117995000,0.0,0.0
2023-02-24 00:00:00-05:00,23.17350941362294,23.421957916477858,22.89612587509221,23.234373092651367,589716000,0.0,0.0
2023-02-27 00:00:00-05:00,23.61752427082776,23.8270577925176,23.40200353334105,23.448898315429688,452994000,0.0,0.0
2023-02-28 00:00:00-05:00,23.32018024556822,23.77217689153847,23.154547928957133,23.164525985717773,455963000,0.0,0.0
2023-03-01 00:00:00-05:00,23.140582657134395,23.204441849787724,22.458099073317108,22.64767837524414,460026000,0.0,0.0
2023-03-02 00:00:00-05:00,22.438144871095187,23.328165597904217,22.382267363825353,23.262311935424805,389415000,0.0,0.0
2023-03-03 00:00:00-05:00,23.26830010651087,23.847014191551843,23.078720796703625,23.8370361328125,412393000,0.0,0.0
2023-03-06 00:00:00-05:00,23.83803809487831,24.19424512815878,23.434932467158927,23.501785278320312,437429000,0.0,0.0
2023-03-07 00:00:00-05:00,23.5516758916116,24.07560049580581,23.193409839893587,23.240314483642578,515154000,0.004,0.0
2023-03-08 00:00:00-05:00,23.438907679098733,24.150448993437568,23.37603695159869,24.131486892700195,513573000,0.0,0.0
2023-03-09 00:00:00-05:00,24.125499097663184,24.403929057492398,23.33512096029611,23.38801383972168,501257000,0.0,0.0
2023-03-10 00:00:00-05:00,23.36106942050816,23.578623466893095,22.679467330163575,22.917978286743164,474866000,0.0,0.0
2023-03-13 00:00:00-04:00,22.70541520633813,23.250296778148737,22.251346912588748,22.918975830078125,421890000,0.0,0.0
2023-03-14 00:00:00-04:00,23.447888767567775,24.169407892174178,23.411961279895785,24.01372718811035,474910000,0.0,0.0
2023-03-15 00:00:00-04:00,23.71234204866235,24.236266576160798,23.31216414290816,24.178386688232422,524486000,0.0,0.0
2023-03-16 00:00:00-04:00,23.97780468614888,25.535607427755508,23.845075681386035,25.488704681396484,583253000,0.0,0.0
2023-03-17 00:00:00-04:00,25.92880271607246,26.344948734040642,25.61544454374299,25.67232894897461,848547000,0.0,0.0
2023-03-20 00:00:00-04:00,25.562549518958868,25.970712430849073,25.07854201438664,25.846965789794922,432747000,0.0,0.0
2023-03-21 00:00:00-04:00,26.126391214857577,26.33795699340553,25.329027549611748,26.14535140991211,547408000,0.0,0.0
2023-03-22 00:00:00-04:00,26.37088997719431,27.532507969585293,26.183275210273973,26.413803100585938,797295000,0.0,0.0
2023-03-23 00:00:00-04:00,27.059479880369732,27.442694389660254,26.635350859477686,27.135324478149414,564889000,0.0,0.0
2023-03-24 00:00:00-04:00,26.97564975875482,27.1113709568097,26.301033385062095,26.724164962768555,454920000,0.0,0.0
2023-03-27 00:00:00-04:00,26.782046292352977,26.94471262702747,26.311012675719404,26.476673126220703,361026000,0.0,0.0
2023-03-28 00:00:00-04:00,26.392849502534016,26.45871435039119,25.7970717555382,26.355924606323242,356104000,0.0,0.0
2023-03-29 00:00:00-04:00,26.770074250919894,27.02255456693602,26.542540461107045,26.928747177124023,393694000,0.0,0.0
2023-03-30 00:00:00-04:00,27.1732450978703,27.4426926938408,27.046504340175957,27.326929092407227,364516000,0.0,0.0
2023-03-31 00:00:00-04:00,27.08442659853217,27.77700578403353,27.049498418004845,27.720123291015625,433933000,0.0,0.0
2023-04-03 00:00:00-04:00,27.452673959085395,27.942667821784,27.280027855037655,27.907739639282227,398716000,0.0,0.0
2023-04-04 00:00:00-04:00,27.908737736009,27.94266851512213,27.25108667754047,27.396787643432617,368592000,0.0,0.0
2023-04-05 00:00:00-04:00,26.774064682882994,26.942717354778598,26.340953337844432,26.825958251953125,515015000,0.0,0.0
2023-04-06 00:00:00-04:00,26.529566401792227,27.02455108460632,26.372888285157632,26.981639862060547,397654000,0.0,0.0
2023-04-10 00:00:00-04:00,26.768077072918704,27.564443419953324,26.614393073942708,27.52252960205078,395279000,0.0,0.0
2023-04-11 00:00:00-04:00,27.667230920271166,27.733095757858216,27.070453958606574,27.113367080688477,314378000,0.0,0.0
2023-04-12 00:00:00-04:00,27.313960457156856,27.4117593746922,26.39384737924561,26.440752029418945,446259000,0.0,0.0
2023-04-13 00:00:00-04:00,26.67925848324337,26.83194507729408,26.275088982964736,26.4088134765625,353615000,0.0,0.0
2023-04-14 00:00:00-04:00,26.44972742157741,26.827951053263416,26.16630857297882,26.70320701599121,395660000,0.0,0.0
2023-04-17 00:00:00-04:00,26.510605128627287,26.95070210668743,26.37887544680579,26.94671058654785,321471000,0.0,0.0
2023-04-18 00:00:00-04:00,27.476621360356017,28.052439497008624,27.300981163341596,27.6103458404541,604812000,0.0,0.0
2023-04-19 00:00:00-04:00,27.30497908731356,27.942670689641986,27.17624350095967,27.873811721801758,358660000,0.0,0.0
2023-04-20 00:00:00-04:00,27.61434236358742,27.972608458107462,26.9447167273433,27.048503875732422,427713000,0.0,0.0
2023-04-21 00:00:00-04:00,26.896814866617028,27.127342787585114,26.66728625337911,27.063472747802734,345103000,0.0,0.0
2023-04-24 00:00:00-04:00,26.957689535565127,27.309965480209698,26.61638884445198,26.986629486083984,339282000,0.0,0.0
2023-04-25 00:00:00-04:00,27.02255529680181,27.191209883551597,26.17130312906319,26.18726921081543,378527000,0.0,0.0
2023-04-26 00:00:00-04:00,26.946709851264895,27.27403733509567,26.65031712353252,26.900802612304688,406337000,0.0,0.0
2023-04-27 00:00:00-04:00,27.306972360442714,27.43870204664904,26.57048262204744,27.170251846313477,377161000,0.0,0.0
2023-04-28 00:00:00-04:00,27.169253428500934,27.701161077962098,27.015567531365026,27.692180633544922,292216000,0.0,0.0
2023-05-01 00:00:00-04:00,27.782996461743867,28.99850296142685,27.723119847489293,28.850805282592773,570329000,0.0,0.0
2023-05-02 00:00:00-04:00,28.621275795478528,28.776956510510566,28.025498077141993,28.152236938476562,402730000,0.0,0.0
2023-05-03 00:00:00-04:00,27.782995617159955,28.30891697061435,27.415749094927655,27.745073318481445,383387000,0.0,0.0
2023-05-04 00:00:00-04:00,27.594384121705687,27.80195842799496,27.184226337640972,27.50556755065918,321850000,0.0,0.0
2023-05-05 00:00:00-04:00,27.76902351276572,28.696120235561477,27.67421872062941,28.621274948120117,361494000,0.0,0.0
2023-05-08 00:00:00-04:00,28.4636005750586,29.160171374611277,28.291953765246245,29.091312408447266,344979000,0.0,0.0
2023-05-09 00:00:00-04:00,28.839828282414175,28.913676170511692,28.3917482221622,28.51249885559082,314869000,0.0,0.0
2023-05-10 00:00:00-04:00,28.94561039227481,29.053390963914687,28.402725530757564,28.825857162475586,369350000,0.0,0.0
2023-05-11 00:00:00-04:00,28.83683515837139,28.89072544575844,28.18816641833993,28.519485473632812,322149000,0.0,0.0
2023-05-12 00:00:00-04:00,28.47058123775665,28.72106862682804,27.988570462268328,28.28196907043457,274222000,0.0,0.0
2023-05-15 00:00:00-04:00,28.449626392092515,28.90968288930767,28.09435634331566,28.893714904785156,293926000,0.0,0.0
2023-05-16 00:00:00-04:00,28.78194306415263,29.808837256233236,28.772962619924,29.153181076049805,449405000,0.0,0.0
2023-05-17 00:00:00-04:00,29.52342540212538,30.13716594058163,29.369741392303435,30.116209030151367,432535000,0.0,0.0
2023-05-18 00:00:00-04:00,30.347732971846412,31.76282877397273,30.257917101676483,31.613136291503906,748725000,0.0,0.0
2023-05-19 00:00:00-04:00,31.471424084571897,31.515334611569322,30.852694703812897,31.199981689453125,473908000,0.0,0.0
2023-05-22 00:00:00-04:00,30.83772890145582,31.45546287720747,30.617182635048753,31.112167358398438,372000000,0.0,0.0
2023-05-23 00:00:00-04:00,30.936521612122302,31.223931984014826,30.56827772744353,30.625160217285156,356253000,0.0,0.0
2023-05-24 00:00:00-04:00,30.14814207840876,30.544330458079507,29.744969965607368,30.47547149658203,721419000,0.0,0.0
2023-05-25 00:00:00-04:00,38.44411669724596,39.39915781484461,36.559982197378055,37.90222930908203,1543911000,0.0,0.0
2023-05-26 00:00:00-04:00,37.81241541975771,39.08979325980009,37.47311145513567,38.86625289916992,714397000,0.0,0.0
2023-05-30 00:00:00-04:00,40.51188361880298,41.852132355940626,39.867206384616175,40.028873443603516,923401000,0.0,0.0
2023-05-31 00:00:00-04:00,39.407151325355905,40.212498283604155,37.74456192441203,37.75653839111328,1002580000,0.0,0.0
2023-06-01 00:00:00-04:00,38.41019641111065,39.968001257141275,38.26150320820574,39.688575744628906,635873000,0.0,0.0
2023-06-02 00:00:00-04:00,40.01489905431234,40.41707376526735,38.97802500871207,39.24647521972656,482731000,0.0,0.0
2023-06-05 00:00:00-04:00,38.82932905392205,39.48398404045427,38.627743010740026,39.09079360961914,396094000,0.0,0.0
2023-06-06 00:00:00-04:00,38.75050177628396,39.07982415887529,38.06989507940597,38.574859619140625,388729000,0.0,0.0
2023-06-07 00:00:00-04:00,38.8393365135724,39.42220064737449,37.28336583715142,37.40213394165039,511998000,0.004,0.0
2023-06-08 00:00:00-04:00,37.650652361661095,38.78843525380602,37.43208020342754,38.435123443603516,417772000,0.0,0.0
2023-06-09 00:00:00-04:00,38.96109737948555,39.6337866781629,38.492013810296655,38.694618225097656,427717000,0.0,0.0
2023-06-12 00:00:00-04:00,39.12378588583667,39.453142301230535,38.542916712430916,39.405235290527344,388701000,0.0,0.0
2023-06-13 00:00:00-04:00,40.107868537313834,41.021090447407424,39.662736532909214,40.94224166870117,613208000,0.0,0.0
2023-06-14 00:00:00-04:00,40.744627187256896,42.91639507972652,40.47315286932789,42.91340255737305,740465000,0.0,0.0
2023-06-15 00:00:00-04:00,42.51916882992291,43.20483334915505,42.065051672698964,42.570068359375,568622000,0.0,0.0
2023-06-16 00:00:00-04:00,43.36551525859182,43.635988226566326,42.578047952217986,42.60898971557617,655709000,0.0,0.0
2023-06-20 00:00:00-04:00,42.91439764756023,43.90446942443079,42.59102630942327,43.72282028198242,451153000,0.0,0.0
2023-06-21 00:00:00-04:00,43.416422222584046,43.53020280046162,41.998187390967416,42.961307525634766,551603000,0.0,0.0
2023-06-22 00:00:00-04:00,42.170843097037455,43.3415626918256,42.15188284213235,42.94134521484375,417737000,0.0,0.0
2023-06-23 00:00:00-04:00,42.38143932936339,42.725765968157205,41.9333109957247,42.12693405151367,358140000,0.0,0.0
2023-06-26 00:00:00-04:00,42.378431988802625,42.680844198284284,40.02202295548009,40.5529899597168,594322000,0.0,0.0
2023-06-27 00:00:00-04:00,40.71968036738126,41.85846093359961,40.369364835566834,41.794586181640625,462175000,0.0,0.0
2023-06-28 00:00:00-04:00,40.5809362479287,41.7636333793526,40.43921407339242,41.03704833984375,582639000,0.0,0.0
2023-06-29 00:00:00-04:00,41.47719520674288,41.51911336113598,40.521057714884826,40.74262619018555,380514000,0.0,0.0
2023-06-30 00:00:00-04:00,41.5989647398468,42.467272192490576,41.420311904436474,42.21975326538086,501148000,0.0,0.0
2023-07-03 00:00:00-04:00,42.434329951938,42.814589668673115,42.11994379587202,42.33053207397461,198209000,0.0,0.0
2023-07-05 00:00:00-04:00,42.053076792694064,43.09305068763653,42.00317476731274,42.23472595214844,323618000,0.0,0.0
2023-07-06 00:00:00-04:00,41.76264953628558,42.09699732253943,41.265616640980895,42.02114486694336,303582000,0.0,0.0
2023-07-07 00:00:00-04:00,42.239712723775206,43.129980526432945,42.097990517388034,42.42036056518555,355881000,0.0,0.0
2023-07-10 00:00:00-04:00,42.57406186731793,42.72776176918797,41.56801853142634,42.09798812866211,353908000,0.0,0.0
2023-07-11 00:00:00-04:00,42.398400353937646,42.67486219078261,41.98520766702778,42.322547912597656,298244000,0.0,0.0
2023-07-12 00:00:00-04:00,42.94932537767914,43.84957190915323,42.693822639384614,43.81663513183594,481277000,0.0,0.0
2023-07-13 00:00:00-04:00,44.43144469055369,46.06525908080091,44.405494267990946,45.88760757446289,478204000,0.0,0.0
2023-07-14 00:00:00-04:00,46.492428621249765,47.99450350820883,44.972390985691305,45.38059616088867,772075000,0.0,0.0
2023-07-17 00:00:00-04:00,46.19900003919172,46.40559448511717,45.17399644703976,46.370662689208984,510488000,0.0,0.0
2023-07-18 00:00:00-04:00,46.61019966194242,47.8028759240553,45.645080740043866,47.40165710449219,569164000,0.0,0.0
2023-07-19 00:00:00-04:00,47.37171457968649,47.725026374946644,46.65111827083296,46.98546600341797,427502000,0.0,0.0
2023-07-20 00:00:00-04:00,46.416572252146125,46.99544633379389,44.974382199398164,45.43149185180664,537865000,0.0,0.0
2023-07-21 00:00:00-04:00,45.698971418551594,45.776822685139486,44.01425371443011,44.22284698486328,963769000,0.0,0.0
2023-07-24 00:00:00-04:00,44.644025212328465,45.02129240158318,43.95437069346409,44.5252571105957,382516000,0.0,0.0
2023-07-25 00:00:00-04:00,44.85362300335587,46.093204951452925,44.835656447425045,45.590187072753906,348081000,0.0,0.0
2023-07-26 00:00:00-04:00,45.93152233751283,45.96346161310325,44.54322798421179,45.36362838745117,364237000,0.0,0.0
2023-07-27 00:00:00-04:00,46.42855262404122,47.30284884094631,45.66104681024001,45.81075668334961,455976000,0.0,0.0
2023-07-28 00:00:00-04:00,46.577265904182916,46.93556908272483,46.2908251472219,46.65910720825195,331194000,0.0,0.0
2023-07-31 00:00:00-04:00,46.66308691226905,47.03835521956347,46.41556805998911,46.63813400268555,251055000,0.0,0.0
2023-08-01 00:00:00-04:00,46.36966307349115,46.808809981833214,45.9375063312931,46.41657257080078,237858000,0.0,0.0
2023-08-02 00:00:00-04:00,45.741897261987354,45.75087863735261,43.302648610435476,44.18293380737305,530142000,0.0,0.0
2023-08-03 00:00:00-04:00,43.714841517541664,45.03027980086514,43.714841517541664,44.42845153808594,324176000,0.0,0.0
2023-08-04 00:00:00-04:00,44.89754317360456,45.55326355445046,44.306695052607424,44.593135833740234,362666000,0.0,0.0
2023-08-07 00:00:00-04:00,45.02328860387296,45.451455331655026,44.47635377122551,45.32869338989258,322154000,0.0,0.0
2023-08-08 00:00:00-04:00,44.76579541158173,45.15403903929904,43.970344091683025,44.57716369628906,353843000,0.0,0.0
2023-08-09 00:00:00-04:00,44.18791316298273,44.2258412871121,42.05207472701769,42.47126007080078,586449000,0.0,0.0
2023-08-10 00:00:00-04:00,42.07802662294512,43.489278793199354,41.75365777083557,42.30558395385742,492705000,0.0,0.0
2023-08-11 00:00:00-04:00,41.66982393739307,41.936306917018776,40.55998646089097,40.77556610107422,533085000,0.0,0.0
2023-08-14 00:00:00-04:00,40.40728424676243,43.714840105511556,40.23262525589616,43.667930603027344,690286000,0.0,0.0
2023-08-15 00:00:00-04:00,44.47335805342104,45.17998158741425,43.62500852532823,43.85456085205078,676512000,0.0,0.0
2023-08-16 00:00:00-04:00,44.43343721611258,44.588134620821634,43.321601018047524,43.40144729614258,527451000,0.0,0.0
2023-08-17 00:00:00-04:00,43.884505920253574,43.97632609118521,42.91738827793847,43.25972366333008,452395000,0.0,0.0
2023-08-18 00:00:00-04:00,42.55210279035976,43.4932701006516,41.57900001272248,43.214813232421875,583768000,0.0,0.0
2023-08-21 00:00:00-04:00,44.40749864860008,46.97349951188341,44.136028083718024,46.87569046020508,692573000,0.0,0.0
2023-08-22 00:00:00-04:00,48.041406896438666,48.09330773941367,45.24485683130546,45.57920455932617,755293000,0.0,0.0
2023-08-23 00:00:00-04:00,45.77681789721082,47.10822366199411,45.12009638799368,47.02438735961914,779046000,0.0,0.0
2023-08-24 00:00:00-04:00,50.11836604551162,50.16826807045973,47.06731047667301,47.0713005065918,1156044000,0.0,0.0
2023-08-25 00:00:00-04:00,46.92059076298821,47.71204812043245,44.9364534643998,45.928524017333984,925341000,0.0,0.0
2023-08-28 00:00:00-04:00,46.3916241394205,46.88865698143186,44.800725372190506,46.74393844604492,685192000,0.0,0.0
2023-08-29 00:00:00-04:00,46.575266020642104,48.985571364963455,46.30079918990067,48.68914794921875,701397000,0.0,0.0
2023-08-30 00:00:00-04:00,48.94864322959215,49.82992584763343,48.33084725951484,49.168216705322266,735206000,0.0,0.0
2023-08-31 00:00:00-04:00,49.283997565683826,49.647288301131454,48.86281712543133,49.2590446472168,528570000,0.0,0.0
2023-09-01 00:00:00-04:00,49.66524637506185,49.7031706927899,48.0483934780796,48.41468048095703,463830000,0.0,0.0
2023-09-05 00:00:00-04:00,48.129233017529124,48.756014074010885,47.766939883518965,48.4536018371582,382653000,0.0,0.0
2023-09-06 00:00:00-04:00,48.350789218042244,48.458585985629774,46.49325493569356,46.973358154296875,468670000,0.004,0.0
2023-09-07 00:00:00-04:00,45.440225686097044,46.25770080270002,45.067919183407476,46.15489196777344,433330000,0.0,0.0
2023-09-08 00:00:00-04:00,45.8564505879392,46.51921177692775,45.18669865684588,45.48713684082031,473069000,0.0,0.0
2023-09-11 00:00:00-04:00,46.06207486144372,46.077046323407,44.22949481132284,45.0938835144043,473966000,0.0,0.0
2023-09-12 00:00:00-04:00,44.6546914479524,45.587951736657104,44.44807617569655,44.78644561767578,349256000,0.0,0.0
2023-09-13 00:00:00-04:00,44.51695619617833,45.84448165087657,44.42013668198633,45.40031051635742,398355000,0.0,0.0
2023-09-14 00:00:00-04:00,45.86444047531069,45.90137033130358,45.04696523433204,45.49612808227539,370097000,0.0,0.0
2023-09-15 00:00:00-04:00,45.256567267439614,45.514086250608685,43.7264210191702,43.81825256347656,506831000,0.0,0.0
2023-09-18 00:00:00-04:00,42.668401863830084,44.15961943213608,41.92179358623107,43.884132385253906,500271000,0.0,0.0
2023-09-19 00:00:00-04:00,43.751381753727316,43.88413352477652,42.92192782259573,43.43896484375,373064000,0.0,0.0
2023-09-20 00:00:00-04:00,43.518816723640995,43.8212539488895,42.144381748538365,42.16035079956055,367108000,0.0,0.0
2023-09-21 00:00:00-04:00,41.505568360727295,42.021603947761406,40.903690569058845,40.94062042236328,450736000,0.0,0.0
2023-09-22 00:00:00-04:00,41.494585230845004,42.03657715904044,41.154220620543846,41.53251647949219,479236000,0.0,0.0
2023-09-25 00:00:00-04:00,41.513557426280826,42.45679753767784,41.10032682953403,42.14338302612305,419091000,0.0,0.0
2023-09-26 00:00:00-04:00,41.92279078773523,42.74026599878411,41.577434392681035,41.83295822143555,402282000,0.0,0.0
2023-09-27 00:00:00-04:00,42.2511801171412,42.79217068875673,41.55148521974545,42.388919830322266,444935000,0.0,0.0
2023-09-28 00:00:00-04:00,42.38093203987961,43.36509601724836,42.036577072071424,43.00876235961914,424663000,0.0,0.0
2023-09-29 00:00:00-04:00,43.74538760189782,44.06179864340564,43.22635545841842,43.417999267578125,397830000,0.0,0.0
2023-10-02 00:00:00-04:00,43.94800606273331,45.09087429927052,43.779322054087544,44.6986083984375,433298000,0.0,0.0
2023-10-03 00:00:00-04:00,44.72456684968937,45.04596969701848,43.16547499563003,43.435970306396484,470850000,0.0,0.0
2023-10-04 00:00:00-04:00,43.660548982906214,44.06080325905543,43.21138616245394,43.95899200439453,361821000,0.0,0.0
2023-10-05 00:00:00-04:00,43.967973455641534,44.816392949836604,43.80627636575413,44.60478591918945,393483000,0.0,0.0
2023-10-06 00:00:00-04:00,44.11071706460324,45.7037461141463,43.94402818761786,45.676795959472656,434436000,0.0,0.0
2023-10-09 00:00:00-04:00,44.75849682767498,45.52007649973999,44.28538045832398,45.18869400024414,409675000,0.0,0.0
2023-10-10 00:00:00-04:00,45.22563248789511,46.17286291728584,45.00404573819931,45.71272277832031,368582000,0.0,0.0
2023-10-11 00:00:00-04:00,46.109976834306515,46.77174426177856,45.96424879463127,46.718841552734375,378137000,0.0,0.0
2023-10-12 00:00:00-04:00,46.68989946190785,47.52035097000379,46.243733198035265,46.85758590698242,481325000,0.0,0.0
2023-10-13 00:00:00-04:00,46.87255194030723,47.02826348384449,45.195680068516225,45.3763427734375,474115000,0.0,0.0
2023-10-16 00:00:00-04:00,44.97908693457242,46.13892190023753,44.82836714020883,46.0091667175293,375099000,0.0,0.0
2023-10-17 00:00:00-04:00,43.91806310129906,44.67066061522734,42.40089319179751,43.856178283691406,812333000,0.0,0.0
2023-10-18 00:00:00-04:00,42.51168892025405,43.13852165493323,41.74711648202066,42.11742401123047,627294000,0.0,0.0
2023-10-19 00:00:00-04:00,42.731286777485096,43.216381906827145,41.8040157217801,42.02260971069336,501233000,0.0,0.0
2023-10-20 00:00:00-04:00,41.81200213030283,42.39092402452541,41.0015137629479,41.309940338134766,477266000,0.0,0.0
2023-10-23 00:00:00-04:00,41.15223395492377,43.16747569287728,40.86876235135564,42.894981384277344,478530000,0.0,0.0
2023-10-24 00:00:00-04:00,42.99678817947999,43.615632642963874,42.61150915403504,43.581695556640625,401463000,0.0,0.0
2023-10-25 00:00:00-04:00,43.317183162193714,43.56871659941446,41.47761668487891,41.70119857788086,398379000,0.0,0.0
2023-10-26 00:00:00-04:00,41.775064849583806,42.17731428874224,39.80573926150373,40.25090789794922,541001000,0.0,0.0
2023-10-27 00:00:00-04:00,41.053411354619094,41.1292700454015,39.94048596248548,40.424583435058594,416784000,0.0,0.0
2023-10-30 00:00:00-04:00,41.01049849985918,41.68823125867914,40.405624059194345,41.08435821533203,388028000,0.0,0.0
2023-10-31 00:00:00-04:00,40.37467987980174,40.802881903079644,39.1569503913023,40.704063415527344,517969000,0.0,0.0
2023-11-01 00:00:00-04:00,40.807859401313934,42.302073139212354,40.79288794546852,42.246177673339844,437593000,0.0,0.0
2023-11-02 00:00:00-04:00,43.24732164549146,43.802286120371775,42.81413164942189,43.424991607666016,409172000,0.0,0.0
2023-11-03 00:00:00-04:00,43.93803330221259,45.22463078266812,43.641585445769095,44.921199798583984,424610000,0.0,0.0
2023-11-06 00:00:00-05:00,45.20067395834923,45.849465106470674,44.815391150878824,45.66580581665039,400733000,0.0,0.0
2023-11-07 00:00:00-05:00,45.63386992886557,46.13193749816825,45.073913725971586,45.86943054199219,343165000,0.0,0.0
2023-11-08 00:00:00-05:00,46.01415398971753,46.779727832903724,45.8823998221808,46.487274169921875,346719000,0.0,0.0
2023-11-09 00:00:00-05:00,47.3786111235174,48.14019083451283,46.662947187934414,46.86257553100586,540496000,0.0,0.0
2023-11-10 00:00:00-05:00,47.411554622346145,48.38174487246118,47.19495962235481,48.244998931884766,421245000,0.0,0.0
2023-11-13 00:00:00-05:00,48.23002031531456,49.02453947075824,48.009431181663935,48.52946090698242,384136000,0.0,0.0
2023-11-14 00:00:00-05:00,49.5874835308016,49.7411960735644,48.94867598251322,49.56352615356445,416954000,0.0,0.0
2023-11-15 00:00:00-05:00,49.84201782618033,49.86696898933371,48.11024794590893,48.796966552734375,475497000,0.0,0.0
2023-11-16 00:00:00-05:00,48.58835975878918,49.43278516309001,48.24001057724096,49.38786697387695,339756000,0.0,0.0
2023-11-17 00:00:00-05:00,49.431776726847154,49.62441812223873,48.9157411685867,49.206199645996094,325205000,0.0,0.0
2023-11-20 00:00:00-05:00,49.22017477900762,50.45387324372552,49.08941820057832,50.31513214111328,414120000,0.0,0.0
2023-11-21 00:00:00-05:00,50.03265822480747,50.42292897370047,49.130342262240724,49.85099792480469,565747000,0.0,0.0
2023-11-22 00:00:00-05:00,49.759164546453185,50.24126298029007,47.6011881616042,48.62527847290039,899420000,0.0,0.0
2023-11-24 00:00:00-05:00,48.37974638442562,48.829906801279186,47.656094105123046,47.68703842163086,294645000,0.0,0.0
2023-11-27 00:00:00-05:00,47.7109937696309,48.43963402417859,47.56327053938668,48.15217208862305,395662000,0.0,0.0
2023-11-28 00:00:00-05:00,48.146180818273855,48.233020614585215,47.38460109717888,47.73195266723633,401491000,0.0,0.0
2023-11-29 00:00:00-05:00,48.288911166313994,48.67119737228817,47.77087663297862,48.05035400390625,382005000,0.0,0.0
2023-11-30 00:00:00-05:00,47.934569759213595,48.0204119586937,46.33555556358415,46.68290710449219,526247000,0.0,0.0
2023-12-01 00:00:00-05:00,46.43836652084653,47.11210883022558,46.10099466756543,46.67791748046875,369317000,0.0,0.0
2023-12-04 00:00:00-05:00,45.99119649745045,45.99119649745045,44.92618209165027,45.42525100708008,437543000,0.0,0.0
2023-12-05 00:00:00-05:00,45.385325095795785,46.51731180808335,45.19067140687653,46.483375549316406,371718000,0.004,0.0
2023-12-06 00:00:00-05:00,47.13122440124437,47.30292009715476,45.331422145943435,45.42226028442383,380590000,0.0,0.0
2023-12-07 00:00:00-05:00,45.6189146142351,46.54626712955494,45.52308427817849,46.51332473754883,350823000,0.0,0.0
2023-12-08 00:00:00-05:00,46.51232804934258,47.65629461849747,46.467405912391875,47.42171096801758,359224000,0.0,0.0
2023-12-11 00:00:00-05:00,47.40673880790064,47.446664942684954,45.74868658721169,46.54426956176758,509728000,0.0,0.0
2023-12-12 00:00:00-05:00,45.96430321028968,47.581427820158346,45.96430321028968,47.572444915771484,372387000,0.0,0.0
2023-12-13 00:00:00-05:00,47.54449647259797,48.507784486050255,47.523533822968744,48.002681732177734,447792000,0.0,0.0
2023-12-14 00:00:00-05:00,48.30413587026834,48.58363781796952,47.33785498826681,48.26420593261719,391232000,0.0,0.0
2023-12-15 00:00:00-05:00,48.10848518903452,49.31633726064535,48.034615184125286,48.80324935913086,479948000,0.0,0.0
2023-12-18 00:00:00-05:00,49.31235079913167,50.34351507731144,49.062794375670336,49.9881477355957,412587000,0.0,0.0
2023-12-19 00:00:00-05:00,49.33630266590499,49.61181391094036,48.80824198487287,49.51598358154297,464444000,0.0,0.0
2023-12-20 00:00:00-05:00,49.5668939044448,49.91028529819524,48.012657344636494,48.025634765625,397894000,0.0,0.0
2023-12-21 00:00:00-05:00,48.724392927903814,49.007889407965415,48.333086371904265,48.903076171875,300425000,0.0,0.0
2023-12-22 00:00:00-05:00,49.107708829124014,49.29537497058781,48.38099994161529,48.74335861206055,252507000,0.0,0.0
2023-12-26 00:00:00-05:00,48.88111364335506,49.51199224313979,48.87312841671405,49.19156265258789,244200000,0.0,0.0
2023-12-27 00:00:00-05:00,49.42315780443188,49.591856680513665,48.997911127361846,49.329322814941406,233648000,0.0,0.0
2023-12-28 00:00:00-05:00,49.55491529927827,49.795484989479434,49.324322381717465,49.43412780761719,246587000,0.0,0.0
2023-12-29 00:00:00-05:00,49.72461182444803,49.90828725509975,48.66449595698359,49.43412780761719,389293000,0.0,0.0
2024-01-02 00:00:00-05:00,49.1566219566508,49.20753015338818,47.51054964423797,48.0825309753418,411254000,0.0,0.0
2024-01-03 00:00:00-05:00,47.40074566328975,48.09850289557728,47.23603751691528,47.484596252441406,320896000,0.0,0.0
2024-01-04 00:00:00-05:00,47.68224504410837,48.413946184142475,47.42370571637504,47.912837982177734,306535000,0.0,0.0
2024-01-05 00:00:00-05:00,48.37600475030011,49.459078476403164,48.2202795352038,49.0098762512207,415039000,0.0,0.0
2024-01-08 00:00:00-05:00,49.424151981929796,52.18225008334284,49.39120958940494,52.16028594970703,642510000,0.0,0.0
2024-01-09 00:00:00-05:00,52.30802433098523,54.22861030764682,51.59828353362604,53.045711517333984,773100000,0.0,0.0
2024-01-10 00:00:00-05:00,53.52087170860792,54.50312317370562,53.39409433002728,54.25356674194336,533796000,0.0,0.0
2024-01-11 00:00:00-05:00,54.90141170121365,55.24779611496442,53.46496584925973,54.72472381591797,596759000,0.0,0.0
2024-01-12 00:00:00-05:00,54.52308221048439,54.872463461679565,54.23359967517569,54.61292266845703,352994000,0.0,0.0
2024-01-16 00:00:00-05:00,54.920385030235444,56.734158722808395,54.80259436306696,56.28196334838867,449580000,0.0,0.0
2024-01-17 00:00:00-05:00,56.24702551752996,56.370806056804064,54.64287831771136,55.953548431396484,474394000,0.0,0.0
2024-01-18 00:00:00-05:00,57.15840468720761,57.49780159403606,56.00745052096862,57.00567626953125,491650000,0.0,0.0
2024-01-19 00:00:00-05:00,57.88610696898355,59.394427545023596,57.12346261571884,59.38544464111328,543501000,0.0,0.0
2024-01-22 00:00:00-05:00,59.942448676756726,60.223949787892636,58.9651857256467,59.54814910888672,452955000,0.0,0.0
2024-01-23 00:00:00-05:00,59.464301820428496,59.803698694627826,58.48104894335419,59.76676559448242,294654000,0.0,0.0
2024-01-24 00:00:00-05:00,60.19699904963291,62.73748144195341,59.83164734308872,61.25312042236328,560271000,0.0,0.0
2024-01-25 00:00:00-05:00,62.23937638655106,62.607724992539126,60.7420377038793,61.5076789855957,482777000,0.0,0.0
2024-01-26 00:00:00-05:00,60.85183343731232,61.67337498834804,60.4655228910145,60.922706604003906,390309000,0.0,0.0
2024-01-29 00:00:00-05:00,61.12335021592604,62.37811980223714,60.798929932553925,62.354164123535156,348733000,0.0,0.0
2024-01-30 00:00:00-05:00,62.788396424260334,63.38034275629544,62.14952879417416,62.66261672973633,410735000,0.0,0.0
2024-01-31 00:00:00-05:00,61.330983989988475,62.15851544921119,60.59229912426738,61.41783142089844,453795000,0.0,0.0
2024-02-01 00:00:00-05:00,61.98981163068563,63.07887923181449,61.5406131324354,62.91516876220703,369146000,0.0,0.0
2024-02-02 00:00:00-05:00,63.86048434942647,66.48182425910672,63.57698787949549,66.04261016845703,476578000,0.0,0.0
2024-02-05 00:00:00-05:00,68.10395378778126,69.3737001755538,67.08576682117494,69.20899200439453,680078000,0.0,0.0
2024-02-06 00:00:00-05:00,69.50646063248888,69.63024118166943,66.18237446253364,68.10195922851562,683111000,0.0,0.0
2024-02-07 00:00:00-05:00,68.19776917750116,70.09539685563645,67.48004326560577,69.974609375,495575000,0.0,0.0
2024-02-08 00:00:00-05:00,69.94966354395652,70.66838724943909,69.33176617612584,69.5174331665039,414422000,0.0,0.0
2024-02-09 00:00:00-05:00,70.40785287358678,72.05692221360141,70.08742326576261,72.00502014160156,436637000,0.0,0.0
2024-02-12 00:00:00-05:00,72.47117717433613,74.4786104438433,71.12357413495056,72.11980438232422,613710000,0.0,0.0
2024-02-13 00:00:00-05:00,70.27509946360114,73.31968365428922,69.4964845401849,72.00003051757812,602580000,0.0,0.0
2024-02-14 00:00:00-05:00,73.0721231436502,74.10428513350574,71.81036588559786,73.76888275146484,504917000,0.0,0.0
2024-02-15 00:00:00-05:00,73.7379485382384,73.84375566502169,72.27155299901098,72.52909088134766,420122000,0.0,0.0
2024-02-16 00:00:00-05:00,73.96851471281462,74.2699807907232,72.37235296886776,72.4841537475586,495327000,0.0,0.0
2024-02-20 00:00:00-05:00,71.81934169951924,71.82832841143384,67.61381946264177,69.32877349853516,704833000,0.0,0.0
2024-02-21 00:00:00-05:00,67.8853441158395,68.7657830962581,66.1304674517911,67.352294921875,673755000,0.0,0.0
2024-02-22 00:00:00-05:00,74.89189108055353,78.43558804957509,74.08831901858908,78.3986587524414,865100000,0.0,0.0
2024-02-23 00:00:00-05:00,80.64665337566204,82.24780364536768,77.4323654765101,78.67715454101562,829388000,0.0,0.0
2024-02-26 00:00:00-05:00,79.5585907729136,80.50291911362528,78.36571128314377,78.95167541503906,503973000,0.0,0.0
2024-02-27 00:00:00-05:00,79.24014935736925,79.33898034064636,77.0250924240117,78.56135559082031,391705000,0.0,0.0
2024-02-28 00:00:00-05:00,77.48227691873889,78.7929431019633,76.98815248522881,77.52519989013672,393110000,0.0,0.0
2024-02-29 00:00:00-05:00,78.95366047452625,79.84806674793919,78.21097730890395,78.97162628173828,507289000,0.0,0.0
2024-03-01 00:00:00-05:00,79.85805518730493,82.15397732028299,79.29405523547015,82.13301086425781,479135000,0.0,0.0
2024-03-04 00:00:00-05:00,83.98072393894745,87.53940093463996,83.57045769196934,85.08576202392578,615616000,0.0,0.0
2024-03-05 00:00:00-05:00,85.12270452666515,85.94827947163024,83.2729084960246,85.81550598144531,520639000,0.004,0.0
2024-03-06 00:00:00-05:00,87.86993807352297,89.56899358821315,86.87964744648528,88.54676055908203,582520000,0.0,0.0
2024-03-07 00:00:00-05:00,90.00225477502153,92.60674904676837,89.44721547430589,92.50891876220703,608119000,0.0,0.0
2024-03-08 00:00:00-05:00,94.97364703765751,97.23174040772027,86.35655527181379,87.37679290771484,1142269000,0.0,0.0
2024-03-11 00:00:00-04:00,86.27969890435133,88.6436045203793,84.0206076407832,85.6258316040039,678364000,0.0,0.0
2024-03-12 00:00:00-04:00,87.89689583589372,91.80113493638854,86.0011743538899,91.75421905517578,668075000,0.0,0.0
2024-03-13 00:00:00-04:00,90.89770650975179,91.34592838246506,88.28222971094472,90.73099517822266,635713000,0.0,0.0
2024-03-14 00:00:00-04:00,89.42226608746894,90.48941971581641,86.4504036300163,87.79208374023438,602318000,0.0,0.0
2024-03-15 00:00:00-04:00,86.77984124405515,89.39131979974543,86.10800722766477,87.68527221679688,642086000,0.0,0.0
2024-03-18 00:00:00-04:00,90.23185202169164,92.24536587684682,86.9345566695886,88.30219268798828,668976000,0.0,0.0
2024-03-19 00:00:00-04:00,86.55022352343148,90.38758481674583,84.86314816147532,89.24356842041016,672171000,0.0,0.0
2024-03-20 00:00:00-04:00,89.64186252654797,90.25381007961253,88.07058428900515,90.21587371826172,479063000,0.0,0.0
2024-03-21 00:00:00-04:00,92.140557424416,92.48795583781609,90.24882671788191,91.27704620361328,480372000,0.0,0.0
2024-03-22 00:00:00-04:00,90.9835569272488,94.61427521165601,90.67708804781446,94.1261215209961,586719000,0.0,0.0
2024-03-25 00:00:00-04:00,93.77872640232121,96.59884339661212,93.3484711637127,94.837890625,552136000,0.0,0.0
2024-03-26 00:00:00-04:00,95.68541767838448,96.20851455285562,92.34220396856466,92.4011001586914,513648000,0.0,0.0
2024-03-27 00:00:00-04:00,92.95115660792449,93.07893385392306,88.96904884364167,90.09410095214844,586067000,0.0,0.0
2024-03-28 00:00:00-04:00,89.84454040996891,91.14229792904378,89.03893515637932,90.1999282836914,435212000,0.0,0.0
2024-04-01 00:00:00-04:00,90.14301673764523,92.06568455405531,89.0499070749777,90.20690155029297,452441000,0.0,0.0
2024-04-02 00:00:00-04:00,88.295199136712,89.93835929549583,87.46863424504667,89.29747009277344,433064000,0.0,0.0
2024-04-03 00:00:00-04:00,88.33114383542578,90.21787822523544,88.24728931215489,88.81031036376953,370067000,0.0,0.0
2024-04-04 00:00:00-04:00,90.24980742241583,90.4774179638533,85.73162583573242,85.75658416748047,434965000,0.0,0.0
2024-04-05 00:00:00-04:00,86.71593161708087,88.32814710111496,85.77756069682601,87.85596466064453,399678000,0.0,0.0
2024-04-08 00:00:00-04:00,88.54676191015398,88.67654220104028,86.58216705957724,86.98247528076172,283220000,0.0,0.0
2024-04-09 00:00:00-04:00,87.29094090122678,87.4836082761363,82.87857850073121,85.20654296875,501700000,0.0,0.0
2024-04-10 00:00:00-04:00,83.78102010903869,87.24901778988773,83.56439211342133,86.88864135742188,431929000,0.0,0.0
2024-04-11 00:00:00-04:00,87.2689793680449,90.58224601063488,86.77583708331596,90.45945739746094,431637000,0.0,0.0
2024-04-12 00:00:00-04:00,89.54404775764081,90.01923104025528,87.37879585703206,88.03366088867188,426805000,0.0,0.0
2024-04-15 00:00:00-04:00,88.94406648002054,90.45644843108836,85.78054278674153,85.8524169921875,443077000,0.0,0.0
2024-04-16 00:00:00-04:00,86.28368645109244,87.965773191981,85.91532822119116,87.26399230957031,370453000,0.0,0.0
2024-04-17 00:00:00-04:00,88.18739527959683,88.62164902707342,83.80497930154608,83.88983917236328,495400000,0.0,0.0
2024-04-18 00:00:00-04:00,84.82320627802973,86.0410998135889,82.25964198597137,84.52471923828125,447260000,0.0,0.0
2024-04-19 00:00:00-04:00,83.00636595540483,84.17833393456459,75.47539894537725,76.06836700439453,875198000,0.0,0.0
2024-04-22 00:00:00-04:00,77.96907171420484,79.93467203595871,76.26802061217705,79.38063049316406,596341000,0.0,0.0
2024-04-23 00:00:00-04:00,80.62947459576492,82.62601974052421,80.1253496885507,82.2806167602539,438559000,0.0,0.0
2024-04-24 00:00:00-04:00,83.80497344877082,83.93674919660243,79.0462101404743,79.53936004638672,512208000,0.0,0.0
2024-04-25 00:00:00-04:00,78.73175981196158,83.17906608261447,78.08787733468318,82.48926544189453,424641000,0.0,0.0
2024-04-26 00:00:00-04:00,83.67320929669376,88.17841379736606,83.24295407183207,87.58344268798828,551011000,0.0,0.0
2024-04-29 00:00:00-04:00,87.44368500312586,87.8399947565515,85.11870586410434,87.60540771484375,388971000,0.0,0.0
2024-04-30 00:00:00-04:00,87.08929643239856,88.66557118869024,86.15092540038592,86.25274658203125,363709000,0.0,0.0
2024-05-01 00:00:00-04:00,84.93003072487383,85.85143274518,81.11462711525115,82.89754486083984,559863000,0.0,0.0
2024-05-02 00:00:00-04:00,84.30310641773906,86.08801954331209,83.05626359727954,85.66874694824219,377898000,0.0,0.0
2024-05-03 00:00:00-04:00,87.6373400551101,89.12675929539812,86.8896334546632,88.63561248779297,398341000,0.0,0.0
2024-05-06 00:00:00-04:00,89.23557796278553,92.06069095925291,88.90115758999175,91.98082733154297,376203000,0.0,0.0
2024-05-07 00:00:00-04:00,90.94061902784969,91.62243773928878,88.8572265315021,90.3975601196289,437342000,0.0,0.0
2024-05-08 00:00:00-04:00,89.32841761603471,91.03646035901207,89.26552291616532,90.25581359863281,325721000,0.0,0.0
2024-05-09 00:00:00-04:00,90.37260819958134,90.91466942223298,88.07858152551931,88.59368896484375,378013000,0.0,0.0
2024-05-10 00:00:00-04:00,90.14899684375659,91.24310415488777,89.07285618291228,89.72273254394531,335325000,0.0,0.0
2024-05-13 00:00:00-04:00,90.32169428450598,90.84080023922876,88.37606371894472,90.24283599853516,289680000,0.0,0.0
2024-05-14 00:00:00-04:00,89.44422015487879,91.49267735254841,88.78036800318161,91.19818878173828,296507000,0.0,0.0
2024-05-15 00:00:00-04:00,92.31226797545344,94.69813898318716,91.44077486128403,94.46653747558594,417735000,0.0,0.0
2024-05-16 00:00:00-04:00,94.74604980958085,95.65347613046144,93.94043705092355,94.19599914550781,323952000,0.0,0.0
2024-05-17 00:00:00-04:00,94.20597874528181,94.57633241179128,91.64740285082287,92.3192367553711,359691000,0.0,0.0
2024-05-20 00:00:00-04:00,93.58804490846175,95.03553695656012,93.27858287715311,94.61626434326172,318764000,0.0,0.0
2024-05-21 00:00:00-04:00,93.43729892728764,95.23519004733342,93.01902406434208,95.2212142944336,328946000,0.0,0.0
2024-05-22 00:00:00-04:00,95.29408831779949,95.85411617010452,93.0879071432018,94.78596496582031,548648000,0.0,0.0
2024-05-23 00:00:00-04:00,101.85175314144693,106.1363388077003,101.34462744914427,103.61969757080078,835065000,0.0,0.0
2024-05-24 00:00:00-04:00,104.2685576920773,106.29105867121642,102.82206339543845,106.28507232666016,429494000,0.0,0.0
2024-05-28 00:00:00-04:00,110.05355122917427,114.74044007562202,109.69317481392171,113.70423126220703,652728000,0.0,0.0
2024-05-29 00:00:00-04:00,112.85471267036033,115.29248791517858,110.70942292973874,114.62664031982422,557442000,0.0,0.0
2024-05-30 00:00:00-04:00,114.45194499585061,115.61892428256706,109.47356046717066,110.30911254882812,484553000,0.0,0.0
2024-05-31 00:00:00-04:00,112.32560941345422,112.52227529514084,106.75525509489461,109.443603515625,613263000,0.0,0.0
2024-06-03 00:00:00-04:00,113.42473014133537,114.80134582519531,111.80952128063097,114.80134582519531,438392000,0.0,0.0
2024-06-04 00:00:00-04:00,115.51610755402032,116.39857553569502,113.8479889155611,116.23585510253906,403324000,0.0,0.0
2024-06-05 00:00:00-04:00,118.16651413530396,122.2374646244509,117.26507420610801,122.22848510742188,528402000,0.0,0.0
2024-06-06 00:00:00-04:00,123.83370517037008,125.3700480295792,118.11560338652608,120.78897857666016,664696000,0.0,0.0
2024-06-07 00:00:00-04:00,119.56309618694148,121.48178065904402,117.81812234412239,120.67916870117188,412386000,0.0,0.0
2024-06-10 00:00:00-04:00,120.16206756268633,122.88734731323206,116.80787124184927,121.5796127319336,313434100,0.0,10.0
2024-06-11 00:00:00-04:00,121.56962984389475,122.66782593913159,118.54461678500223,120.71105194091797,222551200,0.01,0.0
2024-06-12 00:00:00-04:00,122.85749488714337,126.67120854134929,122.3683033445049,124.99397277832031,299595000,0.0,0.0
2024-06-13 00:00:00-04:00,129.177104537848,129.58643359087407,126.95077798576432,129.39674377441406,260704500,0.0,0.0
2024-06-14 00:00:00-04:00,129.7461556011969,132.62140615970972,128.10885485479358,131.66299438476562,309320400,0.0,0.0
2024-06-17 00:00:00-04:00,132.77118307637525,133.5099557271365,129.3667902512595,130.7644805908203,288504400,0.0,0.0
2024-06-18 00:00:00-04:00,130.9242214788469,136.10568428406987,130.474964956118,135.35691833496094,294335100,0.0,0.0
2024-06-20 00:00:00-04:00,139.56996619369176,140.52837801062054,129.30688285479897,130.56480407714844,517768400,0.0,0.0
2024-06-21 00:00:00-04:00,126.91082285827493,130.41504917764772,124.09546355999291,126.36172485351562,649445800,0.0,0.0
2024-06-24 00:00:00-04:00,123.03719724453093,124.2551908621237,117.8457572795687,117.91564178466797,476060900,0.0,0.0
2024-06-25 00:00:00-04:00,121.00056206941291,126.29184395373642,119.1236583558784,125.88251495361328,414192600,0.0,0.0
2024-06-26 00:00:00-04:00,125.92245660772097,127.9091800288474,122.39826626608301,126.1920166015625,362975900,0.0,0.0
2024-06-27 00:00:00-04:00,123.89579983596734,126.20200405764365,122.71774114608809,123.78598022460938,252571700,0.0,0.0
2024-06-28 00:00:00-04:00,124.37501298465715,127.49986001719877,122.54802231076043,123.33672332763672,315516700,0.0,0.0
2024-07-01 00:00:00-04:00,123.26683813440599,124.6345790000873,118.63447360818265,124.09547424316406,284885500,0.0,0.0
2024-07-02 00:00:00-04:00,120.93068793490033,123.20694278300529,120.83085399993702,122.46815490722656,218374000,0.0,0.0
2024-07-03 00:00:00-04:00,121.45983599496338,128.06893920898438,121.16032653936864,128.06893920898438,215749000,0.0,0.0
2024-07-05 00:00:00-04:00,127.17039258704797,128.63798252741702,125.47319299554034,125.6229476928711,214176700,0.0,0.0
2024-07-08 00:00:00-04:00,127.28020581947078,130.55481479101948,126.83094936680692,127.9890365600586,237677300,0.0,0.0
2024-07-09 00:00:00-04:00,130.13552958791902,133.59982130546845,128.4383145629174,131.16383361816406,285366600,0.0,0.0
2024-07-10 00:00:00-04:00,133.80946190177127,134.87770860466375,132.20211043348235,134.68801879882812,248978600,0.0,0.0
2024-07-11 00:00:00-04:00,135.52662745493282,135.92596317348227,126.84094609019272,127.19036865234375,374782700,0.0,0.0
2024-07-12 00:00:00-04:00,128.04893020829968,131.70291097832524,127.01064833229333,129.02732849121094,252680500,0.0,0.0
2024-07-15 00:00:00-04:00,130.34514408452472,131.1737800395054,126.97070905664152,128.2286376953125,208326200,0.0,0.0
2024-07-16 00:00:00-04:00,128.22864042382744,128.82764391824992,124.37499186502798,126.15206146240234,214769500,0.0,0.0
2024-07-17 00:00:00-04:00,121.15030890615485,121.64948612259293,116.52793062400055,117.79583740234375,390086200,0.0,0.0
2024-07-18 00:00:00-04:00,121.64948329559192,122.19858126764932,116.36818755438776,120.89073181152344,320979500,0.0,0.0
2024-07-19 00:00:00-04:00,120.15197050658449,121.3999137142076,117.17687816504188,117.73595428466797,217223800,0.0,0.0
2024-07-22 00:00:00-04:00,120.15196984200875,123.86585002604772,119.66277824004172,123.33672332763672,258068900,0.0,0.0
2024-07-23 00:00:00-04:00,122.57796493987696,124.48482570104972,121.89908357161131,122.38827514648438,173911000,0.0,0.0
2024-07-24 00:00:00-04:00,118.9739065074374,119.75262181556741,113.25333936427286,114.06200408935547,327776900,0.0,0.0
2024-07-25 00:00:00-04:00,112.85399693651604,116.43808604158575,106.12508953993542,112.09524536132812,460067000,0.0,0.0
2024-07-26 00:00:00-04:00,115.99880916186419,116.00878722251285,111.3963944118867,112.87395477294922,293399100,0.0,0.0
2024-07-29 00:00:00-04:00,113.50293033164324,116.0886649396649,111.11686358531041,111.40637969970703,248152100,0.0,0.0
2024-07-30 00:00:00-04:00,111.33648541055072,111.80571322284378,102.37126667488353,103.55931091308594,486833300,0.0,0.0
2024-07-31 00:00:00-04:00,112.71422275560462,118.14526596856572,110.6975424326974,116.82743835449219,473174200,0.0,0.0
2024-08-01 00:00:00-04:00,117.3365974252001,119.96227450650746,106.63423649015627,109.03028869628906,523462300,0.0,0.0
2024-08-02 00:00:00-04:00,103.58926418951675,108.54110155423277,101.20319756374683,107.0934829711914,482027500,0.0,0.0
2024-08-05 00:00:00-04:00,91.90851949250676,103.23984998207244,90.54077860317504,100.28471374511719,552842400,0.0,0.0
2024-08-06 00:00:00-04:00,103.66912407688663,107.53275860175525,100.38454458708775,104.07845306396484,409012100,0.0,0.0
2024-08-07 00:00:00-04:00,107.63260292939728,108.62097943024764,98.52761419555756,98.74725341796875,411440400,0.0,0.0
2024-08-08 00:00:00-04:00,101.83215768316434,105.3263983879788,97.3595262295921,104.79727172851562,391910000,0.0,0.0
2024-08-09 00:00:00-04:00,105.46617163856445,106.42459107060563,103.2598090475883,104.57763671875,290844200,0.0,0.0
2024-08-12 00:00:00-04:00,106.14505252549102,110.88723650727509,106.08515369153115,108.84060668945312,325559900,0.0,0.0
2024-08-13 00:00:00-04:00,112.25498947976828,116.03875418683985,111.39640394640423,115.94889831542969,312646700,0.0,0.0
2024-08-14 00:00:00-04:00,118.3349528711921,118.40483737868666,113.88229289564154,117.88569641113281,339246400,0.0,0.0
2024-08-15 00:00:00-04:00,118.56458490618095,123.03720888953038,117.27670666159618,122.6578369140625,318086700,0.0,0.0
2024-08-16 00:00:00-04:00,121.73935231230438,124.79431469874058,120.98060074622069,124.37500762939453,302589900,0.0,0.0
2024-08-19 00:00:00-04:00,124.0754979878485,129.7860870361328,123.21691249503145,129.7860870361328,318333600,0.0,0.0
2024-08-20 00:00:00-04:00,128.18870516059542,129.66628071339343,125.68284097768198,127.04060363769531,300087400,0.0,0.0
2024-08-21 00:00:00-04:00,127.11051541152283,129.13718177592708,126.45160529458104,128.28857421875,257883600,0.0,0.0
2024-08-22 00:00:00-04:00,129.80605728559254,130.5348518103843,122.89743830728821,123.53638458251953,376189100,0.0,0.0
2024-08-23 00:00:00-04:00,125.6529157045682,129.38676754540884,125.0139693437825,129.15713500976562,323230300,0.0,0.0
2024-08-26 00:00:00-04:00,129.35679802537265,131.04400430992783,124.16535012958609,126.25190734863281,331964700,0.0,0.0
2024-08-27 00:00:00-04:00,124.84424526829238,128.98741074794592,123.67616460225028,128.08889770507812,303134600,0.0,0.0
2024-08-28 00:00:00-04:00,127.90916927864866,128.11883041927797,122.4381910717034,125.40330505371094,448101100,0.0,0.0
2024-08-29 00:00:00-04:00,121.16030816238968,124.22525631015377,116.51795800585043,117.3965072631836,453023300,0.0,0.0
2024-08-30 00:00:00-04:00,119.33330911013266,121.54965726206557,117.02711271158417,119.17357635498047,333751600,0.0,0.0
2024-09-03 00:00:00-04:00,115.8191103772934,116.01877823521122,107.1134577156826,107.8222885131836,477155100,0.0,0.0
2024-09-04 00:00:00-04:00,105.23656107081584,113.08362114689852,103.94868273468121,106.03524017333984,372470300,0.0,0.0
2024-09-05 00:00:00-04:00,104.8172363950656,109.46957200218677,104.58761912643209,107.03358459472656,306850700,0.0,0.0
2024-09-06 00:00:00-04:00,107.86221523834789,107.97203483673319,100.78387825686288,102.6607894897461,413638100,0.0,0.0
2024-09-09 00:00:00-04:00,104.70741977949132,106.37467762407766,103.51938307487873,106.29480743408203,273912000,0.0,0.0
2024-09-10 00:00:00-04:00,107.63258781478571,109.21997530676359,104.77729355808466,107.92211151123047,268283700,0.0,0.0
2024-09-11 00:00:00-04:00,109.20999835891277,116.99716652085532,107.24323877137772,116.7176284790039,441422400,0.0,0.0
2024-09-12 00:00:00-04:00,116.65772468720782,120.6015672152285,115.2000032170065,118.95413970947266,366052700,0.01,0.0
2024-09-13 00:00:00-04:00,118.8942191250157,119.77284345041441,117.41652479583126,118.9141845703125,238358300,0.0,0.0
2024-09-16 00:00:00-04:00,116.60779536966285,117.99562620382233,114.1815861384539,116.59780883789062,248772300,0.0,0.0
2024-09-17 00:00:00-04:00,117.98565261863203,118.61467469194447,114.65086668501063,115.40967559814453,231925900,0.0,0.0
2024-09-18 00:00:00-04:00,115.70919560695407,117.51636932909096,113.04336298957726,113.19313049316406,310318900,0.0,0.0
2024-09-19 00:00:00-04:00,117.16692604230532,119.47332749554481,117.06708357128667,117.68611907958984,293506400,0.0,0.0
2024-09-20 00:00:00-04:00,116.87738233881377,118.43495389707196,115.2099893901744,115.81903839111328,382462400,0.0,0.0
2024-09-23 00:00:00-04:00,116.36816938577523,116.80747774675662,114.68080357526898,116.07862091064453,206228500,0.0,0.0
2024-09-24 00:00:00-04:00,116.33821493002908,121.60998405209612,115.19999404233639,120.68143463134766,354966800,0.0,0.0
2024-09-25 00:00:00-04:00,121.82962567540989,124.74507579152808,121.42026930294443,123.31730651855469,284692900,0.0,0.0
2024-09-26 00:00:00-04:00,126.60216967447258,127.47080742519232,121.60997067496642,123.84647369384766,302582900,0.0,0.0
2024-09-27 00:00:00-04:00,123.77659196922,123.83649592385486,119.07394109309165,121.21060180664062,271009200,0.0,0.0
2024-09-30 00:00:00-04:00,118.1254274144435,121.31045327548797,117.96568098439478,121.25054931640625,226553700,0.0,0.0
2024-10-01 00:00:00-04:00,121.58001370293499,122.24897417258154,115.60934783662292,116.81745910644531,302094500,0.0,0.0
2024-10-02 00:00:00-04:00,116.25834508658102,119.19375323018366,114.96037016184738,118.66458129882812,221845900,0.0,0.0
2024-10-03 00:00:00-04:00,120.73135113827638,124.16598683922703,120.15225416683853,122.65834045410156,277118000,0.0,0.0
2024-10-04 00:00:00-04:00,124.74507071799195,124.84491317422831,121.63992233884696,124.72509765625,243678100,0.0,0.0
2024-10-07 00:00:00-04:00,124.79500006476454,130.43618698242878,124.7550615549546,127.52074432373047,346250200,0.0,0.0
2024-10-08 00:00:00-04:00,130.0567764001493,133.27175410957346,129.2180905372518,132.68267822265625,285722500,0.0,0.0
2024-10-09 00:00:00-04:00,133.9007678130665,134.31013180466115,131.17503131034326,132.4430389404297,246191600,0.0,0.0
2024-10-10 00:00:00-04:00,131.70421594134592,134.7893916948541,130.79563194093248,134.5996856689453,242311300,0.0,0.0
2024-10-11 00:00:00-04:00,133.8009151704973,135.5681579226704,133.45147037350253,134.58969116210938,170209500,0.0,0.0
2024-10-14 00:00:00-04:00,136.2570740445621,139.382195340542,136.08734111508144,137.85458374023438,232347700,0.0,0.0
2024-10-15 00:00:00-04:00,137.654906403531,138.3538265330219,128.5391603262797,131.3946990966797,377831000,0.0,0.0
2024-10-16 00:00:00-04:00,133.7709642153392,136.40684475827754,131.37471471629812,135.5082550048828,264879700,0.0,0.0
2024-10-17 00:00:00-04:00,139.12262899690117,140.6702140778628,136.65648092397825,136.7163848876953,306435900,0.0,0.0
2024-10-18 00:00:00-04:00,138.45366668655112,138.6833036103306,137.06583575895257,137.7847137451172,176090200,0.0,0.0
2024-10-21 00:00:00-04:00,137.91452734392325,143.48582458496094,137.78472526376913,143.48582458496094,264554500,0.0,0.0
2024-10-22 00:00:00-04:00,142.68705023422552,144.194689003585,141.55880826832362,143.36598205566406,226311600,0.0,0.0
2024-10-23 00:00:00-04:00,141.80843319617813,142.20780310560568,137.2455702792771,139.34228515625,285930000,0.0,0.0
2024-10-24 00:00:00-04:00,140.6003278006047,141.1294997806309,138.24400879643727,140.1909637451172,172354900,0.0,0.0
2024-10-25 00:00:00-04:00,140.7101495657632,143.90516992810382,140.58036271847078,141.31919860839844,205122100,0.0,0.0
2024-10-28 00:00:00-04:00,142.77687691949686,142.91665786792092,139.83148285521668,140.30075073242188,173586700,0.0,0.0
2024-10-29 00:00:00-04:00,140.0711387385227,142.03806672701694,138.6833077693045,141.02964782714844,157593600,0.0,0.0
2024-10-30 00:00:00-04:00,139.32230457284558,140.11108066863528,136.59656776236113,139.12261962890625,179418100,0.0,0.0
2024-10-31 00:00:00-04:00,137.38534807029694,137.39532698555524,131.9039070664443,132.55288696289062,270039600,0.0,0.0
2024-11-01 00:00:00-04:00,134.48984636430032,137.09577501351765,134.36005954202903,135.18875122070312,207127800,0.0,0.0
2024-11-04 00:00:00-05:00,136.99596264099162,138.74323268611076,135.35852160810796,135.8377685546875,187528200,0.0,0.0
2024-11-05 00:00:00-05:00,137.23555788662173,140.151000495864,137.11574997671616,139.6917266845703,160537400,0.0,0.0
2024-11-06 00:00:00-05:00,142.73698322061895,146.2614750565614,141.73854326176877,145.38284301757812,242043900,0.0,0.0
2024-11-07 00:00:00-05:00,146.1616297903136,148.69766066609404,145.9419717733186,148.6477508544922,207323300,0.0,0.0
2024-11-08 00:00:00-05:00,148.53787885494532,149.53631855776948,146.03178545046896,147.399658203125,175665800,0.0,0.0
2024-11-11 00:00:00-05:00,148.44803352101476,148.6177817068004,143.3460203778287,145.0333709716797,182325600,0.0,0.0
2024-11-12 00:00:00-05:00,146.55101593198214,149.4165337385062,145.7822128979203,148.05865478515625,198634700,0.0,0.0
2024-11-13 00:00:00-05:00,148.83742831045777,149.0970171738845,145.67236073742527,146.0417938232422,191903300,0.0,0.0
2024-11-14 00:00:00-05:00,147.40966837696516,148.7675472701728,145.32293261192063,146.53103637695312,194463300,0.0,0.0
2024-11-15 00:00:00-05:00,144.64398997756967,145.0134231170618,139.86146934373124,141.7584991455078,250132900,0.0,0.0
2024-11-18 00:00:00-05:00,139.282386032682,141.32919116833153,136.93604583706178,139.93136596679688,221205300,0.0,0.0
2024-11-19 00:00:00-05:00,141.09952959154865,146.90046279249913,140.77004260660007,146.7806396484375,227834900,0.0,0.0
2024-11-20 00:00:00-05:00,147.18003223590216,147.32979212988033,142.50732548898966,145.6623992919922,309871700,0.0,0.0
2024-11-21 00:00:00-05:00,149.11700420524105,152.65147472524168,140.4804899844899,146.44117736816406,400946600,0.0,0.0
2024-11-22 00:00:00-05:00,145.70233282975542,146.93042492260167,140.8798813363258,141.72854614257812,236406200,0.0,0.0
2024-11-25 00:00:00-05:00,141.76848775116036,141.82839170792872,135.60811535874635,135.80780029296875,344941900,0.0,0.0
2024-11-26 00:00:00-05:00,137.48518763604767,139.08269776121745,135.45835561529256,136.70640563964844,190287700,0.0,0.0
2024-11-27 00:00:00-05:00,134.7993734587721,137.00593247284488,131.59438972010054,135.1288604736328,226370900,0.0,0.0
2024-11-29 00:00:00-05:00,136.56662423239774,139.13262238748922,135.837767286179,138.03433227539062,141863200,0.0,0.0
2024-12-02 00:00:00-05:00,138.6134117376161,140.23087948399635,137.60499293345052,138.41372680664062,171682800,0.0,0.0
2024-12-03 00:00:00-05:00,138.04428850809262,140.3207301527637,137.7347745914462,140.04116821289062,164414000,0.0,0.0
2024-12-04 00:00:00-05:00,141.77844351730124,145.56252344018102,140.07110485324333,144.91354370117188,231224300,0.0,0.0
2024-12-05 00:00:00-05:00,144.89361745373108,146.3214777724878,143.7353435501018,144.84368896484375,172621200,0.01,0.0
2024-12-06 00:00:00-05:00,144.38435184545514,145.48270218050342,141.09924996942553,142.22756958007812,188505600,0.0,0.0
2024-12-09 00:00:00-05:00,138.76276188244717,139.74129618907318,136.9255094433844,138.60299682617188,189308600,0.0,0.0
2024-12-10 00:00:00-05:00,138.80270319338828,141.60852572754877,133.59048602384692,134.86859130859375,210020900,0.0,0.0
2024-12-11 00:00:00-05:00,137.1551752087216,139.9609826182475,135.00838729186296,139.10226440429688,184905200,0.0,0.0
2024-12-12 00:00:00-05:00,136.8755860719742,138.2335586289744,135.59749604609573,137.13519287109375,159211400,0.0,0.0
2024-12-13 00:00:00-05:00,138.7327975455873,139.39181692680097,132.34233289302693,134.04978942871094,231514900,0.0,0.0
2024-12-16 00:00:00-05:00,133.9798879813558,134.19956111084232,130.22550081237128,131.8031463623047,237951100,0.0,0.0
2024-12-17 00:00:00-05:00,128.89747709842524,131.39374870651014,126.67080709010266,130.19554138183594,259410300,0.0,0.0
2024-12-18 00:00:00-05:00,133.6603731199009,136.49613412730267,128.08869283192976,128.71775817871094,277444500,0.0,0.0
2024-12-19 00:00:00-05:00,131.56349862817564,133.8301176053825,129.3568029702355,130.485107421875,209719200,0.0,0.0
2024-12-20 00:00:00-05:00,129.61642290138565,135.07826717246132,128.0287975903948,134.49913024902344,306528600,0.0,0.0
2024-12-23 00:00:00-05:00,136.0767567466981,139.58151660116854,134.91848306333998,139.46170043945312,176053500,0.0,0.0
2024-12-24 00:00:00-05:00,139.79122163679293,141.6883821217358,138.44322876231024,140.01089477539062,105157000,0.0,0.0
2024-12-26 00:00:00-05:00,139.49166074428362,140.63995487774488,137.52459740894255,139.7213134765625,116205600,0.0,0.0
2024-12-27 00:00:00-05:00,138.34337590905767,138.81267619141968,134.50910636621433,136.8056640625,170582600,0.0,0.0
2024-12-30 00:00:00-05:00,134.628921256616,140.06081067569033,133.82013169900247,137.2849578857422,167734700,0.0,0.0
