date,ticker,fold,p_up,threshold,y_true,regime,vix
2021-07-08,AAPL,1,0.681235,0.57,1,CALM,19.0
2021-07-08,JPM,1,0.679194,0.57,1,CALM,19.0
2021-07-08,MSFT,1,0.704273,0.57,1,CALM,19.0
2021-07-08,NVDA,1,0.729673,0.57,0,CALM,19.0
2021-07-08,TSLA,1,0.568408,0.57,0,CALM,19.0
2021-07-09,AAPL,1,0.686966,0.57,1,CALM,16.18
2021-07-09,JPM,1,0.669972,0.57,0,CALM,16.18
2021-07-09,MSFT,1,0.705023,0.57,1,CALM,16.18
2021-07-09,NVDA,1,0.727226,0.57,0,CALM,16.18
2021-07-09,TSLA,1,0.571941,0.57,0,CALM,16.18
2021-07-12,AAPL,1,0.692161,0.57,0,CALM,16.17
2021-07-12,JPM,1,0.662694,0.57,0,CALM,16.17
2021-07-12,MSFT,1,0.706239,0.57,0,CALM,16.17
2021-07-12,NVDA,1,0.728379,0.57,0,CALM,16.17
2021-07-12,TSLA,1,0.580906,0.57,0,CALM,16.17
2021-07-13,AAPL,1,0.69692,0.57,1,CALM,17.12
2021-07-13,JPM,1,0.654744,0.57,0,CALM,17.12
2021-07-13,MSFT,1,0.708898,0.57,0,CALM,17.12
2021-07-13,NVDA,1,0.730039,0.57,0,CALM,17.12
2021-07-13,TSLA,1,0.585124,0.57,0,CALM,17.12
2021-07-14,AAPL,1,0.704842,0.57,0,CALM,16.33
2021-07-14,JPM,1,0.647298,0.57,0,CALM,16.33
2021-07-14,MSFT,1,0.712839,0.57,0,CALM,16.33
2021-07-14,NVDA,1,0.730245,0.57,0,CALM,16.33
2021-07-14,TSLA,1,0.588676,0.57,1,CALM,16.33
2021-07-15,AAPL,1,0.712228,0.57,0,CALM,17.01
2021-07-15,JPM,1,0.638632,0.57,0,CALM,17.01
2021-07-15,MSFT,1,0.715809,0.57,1,CALM,17.01
2021-07-15,NVDA,1,0.729053,0.57,1,CALM,17.01
2021-07-15,TSLA,1,0.592758,0.57,0,CALM,17.01
2021-07-16,AAPL,1,0.714699,0.57,1,CALM,18.45
2021-07-16,JPM,1,0.628145,0.57,0,CALM,18.45
2021-07-16,MSFT,1,0.715949,0.57,1,CALM,18.45
2021-07-16,NVDA,1,0.72315,0.57,1,CALM,18.45
2021-07-16,TSLA,1,0.594725,0.57,0,CALM,18.45
2021-07-19,AAPL,1,0.709186,0.57,1,CALM,22.5
2021-07-19,JPM,1,0.615164,0.57,1,CALM,22.5
2021-07-19,MSFT,1,0.709752,0.57,1,CALM,22.5
2021-07-19,NVDA,1,0.71949,0.57,1,CALM,22.5
2021-07-19,TSLA,1,0.592838,0.57,1,CALM,22.5
2021-07-20,AAPL,1,0.703604,0.57,1,CALM,19.73
2021-07-20,JPM,1,0.601917,0.57,1,CALM,19.73
2021-07-20,MSFT,1,0.704367,0.57,1,CALM,19.73
2021-07-20,NVDA,1,0.716803,0.57,1,CALM,19.73
2021-07-20,TSLA,1,0.58905,0.57,0,CALM,19.73
2021-07-21,AAPL,1,0.701765,0.57,0,CALM,17.91
2021-07-21,JPM,1,0.592495,0.57,0,CALM,17.91
2021-07-21,MSFT,1,0.702814,0.57,1,CALM,17.91
2021-07-21,NVDA,1,0.716613,0.57,1,CALM,17.91
2021-07-21,TSLA,1,0.586381,0.57,0,CALM,17.91
2021-07-22,AAPL,1,0.701703,0.57,0,CALM,17.69
2021-07-22,JPM,1,0.589483,0.57,1,CALM,17.69
2021-07-22,MSFT,1,0.70383,0.57,1,CALM,17.69
2021-07-22,NVDA,1,0.716289,0.57,1,CALM,17.69
2021-07-22,TSLA,1,0.584084,0.57,1,CALM,17.69
2021-07-23,AAPL,1,0.703772,0.57,0,CALM,17.2
2021-07-23,JPM,1,0.588975,0.57,1,CALM,17.2
2021-07-23,MSFT,1,0.707549,0.57,0,CALM,17.2
2021-07-23,NVDA,1,0.715076,0.57,0,CALM,17.2
2021-07-23,TSLA,1,0.583205,0.57,1,CALM,17.2
2021-07-26,AAPL,1,0.706812,0.57,0,CALM,17.58
2021-07-26,JPM,1,0.587458,0.57,0,CALM,17.58
2021-07-26,MSFT,1,0.711531,0.57,0,CALM,17.58
2021-07-26,NVDA,1,0.713551,0.57,1,CALM,17.58
2021-07-26,TSLA,1,0.586322,0.57,1,CALM,17.58
2021-07-27,AAPL,1,0.707588,0.57,1,CALM,19.36
2021-07-27,JPM,1,0.583754,0.57,1,CALM,19.36
2021-07-27,MSFT,1,0.712412,0.57,1,CALM,19.36
2021-07-27,NVDA,1,0.707527,0.57,1,CALM,19.36
2021-07-27,TSLA,1,0.59082,0.57,1,CALM,19.36
2021-07-28,AAPL,1,0.70597,0.57,1,CALM,18.31
2021-07-28,JPM,1,0.582196,0.57,0,CALM,18.31
2021-07-28,MSFT,1,0.712709,0.57,1,CALM,18.31
2021-07-28,NVDA,1,0.699324,0.57,1,CALM,18.31
2021-07-28,TSLA,1,0.593623,0.57,1,CALM,18.31
2021-07-29,AAPL,1,0.705271,0.57,1,CALM,17.7
2021-07-29,JPM,1,0.58134,0.57,1,CALM,17.7
2021-07-29,MSFT,1,0.713069,0.57,1,CALM,17.7
2021-07-29,NVDA,1,0.691572,0.57,1,CALM,17.7
2021-07-29,TSLA,1,0.597919,0.57,1,CALM,17.7
2021-07-30,AAPL,1,0.705409,0.57,1,CALM,18.24
2021-07-30,JPM,1,0.580418,0.57,1,CALM,18.24
2021-07-30,MSFT,1,0.713195,0.57,1,CALM,18.24
2021-07-30,NVDA,1,0.68225,0.57,1,CALM,18.24
2021-07-30,TSLA,1,0.599732,0.57,1,CALM,18.24
2021-08-02,AAPL,1,0.705181,0.57,1,CALM,19.46
2021-08-02,JPM,1,0.577972,0.57,1,CALM,19.46
2021-08-02,MSFT,1,0.711872,0.57,1,CALM,19.46
2021-08-02,NVDA,1,0.668938,0.57,1,CALM,19.46
2021-08-02,TSLA,1,0.599472,0.57,1,CALM,19.46
2021-08-03,AAPL,1,0.705718,0.57,0,CALM,18.04
2021-08-03,JPM,1,0.575739,0.57,1,CALM,18.04
2021-08-03,MSFT,1,0.711918,0.57,0,CALM,18.04
2021-08-03,NVDA,1,0.657241,0.57,1,CALM,18.04
2021-08-03,TSLA,1,0.602074,0.57,1,CALM,18.04
2021-08-04,AAPL,1,0.705616,0.57,0,CALM,17.97
2021-08-04,JPM,1,0.574432,0.57,1,CALM,17.97
2021-08-04,MSFT,1,0.711546,0.57,1,CALM,17.97
2021-08-04,NVDA,1,0.644876,0.57,0,CALM,17.97
2021-08-04,TSLA,1,0.602508,0.57,0,CALM,17.97
2021-08-05,AAPL,1,0.704762,0.57,1,CALM,17.28
2021-08-05,JPM,1,0.574869,0.57,1,CALM,17.28
2021-08-05,MSFT,1,0.711844,0.57,1,CALM,17.28
2021-08-05,NVDA,1,0.633591,0.57,0,CALM,17.28
2021-08-05,TSLA,1,0.603433,0.57,1,CALM,17.28
2021-08-06,AAPL,1,0.703608,0.57,1,CALM,16.15
2021-08-06,JPM,1,0.578033,0.57,1,CALM,16.15
2021-08-06,MSFT,1,0.712553,0.57,1,CALM,16.15
2021-08-06,NVDA,1,0.621079,0.57,0,CALM,16.15
2021-08-06,TSLA,1,0.598952,0.57,1,CALM,16.15
2021-08-09,AAPL,1,0.701684,0.57,1,CALM,16.72
2021-08-09,JPM,1,0.58188,0.57,1,CALM,16.72
2021-08-09,MSFT,1,0.711774,0.57,1,CALM,16.72
2021-08-09,NVDA,1,0.605319,0.57,0,CALM,16.72
2021-08-09,TSLA,1,0.597482,0.57,0,CALM,16.72
2021-08-10,AAPL,1,0.700108,0.57,1,CALM,16.79
2021-08-10,JPM,1,0.584348,0.57,0,CALM,16.79
2021-08-10,MSFT,1,0.710202,0.57,1,CALM,16.79
2021-08-10,NVDA,1,0.591824,0.57,0,CALM,16.79
2021-08-10,TSLA,1,0.594829,0.57,0,CALM,16.79
2021-08-11,AAPL,1,0.69879,0.57,1,CALM,16.17
2021-08-11,JPM,1,0.585926,0.57,0,CALM,16.17
2021-08-11,MSFT,1,0.708682,0.57,1,CALM,16.17
2021-08-11,NVDA,1,0.583223,0.57,0,CALM,16.17
2021-08-11,TSLA,1,0.592074,0.57,0,CALM,16.17
2021-08-12,AAPL,1,0.701032,0.57,0,CALM,15.59
2021-08-12,JPM,1,0.586004,0.57,0,CALM,15.59
2021-08-12,MSFT,1,0.709634,0.57,1,CALM,15.59
2021-08-12,NVDA,1,0.582181,0.57,0,CALM,15.59
2021-08-12,TSLA,1,0.596198,0.57,0,CALM,15.59
2021-08-13,AAPL,1,0.703137,0.57,0,CALM,15.45
2021-08-13,JPM,1,0.585881,0.57,0,CALM,15.45
2021-08-13,MSFT,1,0.71216,0.57,1,CALM,15.45
2021-08-13,NVDA,1,0.586035,0.57,1,CALM,15.45
2021-08-13,TSLA,1,0.598137,0.57,0,CALM,15.45
2021-08-16,AAPL,1,0.706902,0.57,0,CALM,16.12
2021-08-16,JPM,1,0.585854,0.57,0,CALM,16.12
2021-08-16,MSFT,1,0.714705,0.57,1,CALM,16.12
2021-08-16,NVDA,1,0.589576,0.57,1,CALM,16.12
2021-08-16,TSLA,1,0.596603,0.57,1,CALM,16.12
2021-08-17,AAPL,1,0.707784,0.57,0,CALM,17.91
2021-08-17,JPM,1,0.584008,0.57,1,CALM,17.91
2021-08-17,MSFT,1,0.714257,0.57,1,CALM,17.91
2021-08-17,NVDA,1,0.589649,0.57,1,CALM,17.91
2021-08-17,TSLA,1,0.589723,0.57,1,CALM,17.91
2021-08-18,AAPL,1,0.701885,0.57,1,CALM,21.57
2021-08-18,JPM,1,0.579108,0.57,1,CALM,21.57
2021-08-18,MSFT,1,0.707851,0.57,1,CALM,21.57
2021-08-18,NVDA,1,0.587767,0.57,1,CALM,21.57
2021-08-18,TSLA,1,0.584712,0.57,1,CALM,21.57
2021-08-19,AAPL,1,0.693622,0.57,1,CALM,21.67
2021-08-19,JPM,1,0.573204,0.57,1,CALM,21.67
2021-08-19,MSFT,1,0.70117,0.57,1,CALM,21.67
2021-08-19,NVDA,1,0.589315,0.57,1,CALM,21.67
2021-08-19,TSLA,1,0.585994,0.57,1,CALM,21.67
2021-08-20,AAPL,1,0.687574,0.57,1,CALM,18.56
2021-08-20,JPM,1,0.570432,0.57,1,CALM,18.56
2021-08-20,MSFT,1,0.699745,0.57,0,CALM,18.56
2021-08-20,NVDA,1,0.595411,0.57,1,CALM,18.56
2021-08-20,TSLA,1,0.592234,0.57,1,CALM,18.56
2021-08-23,AAPL,1,0.686855,0.57,1,CALM,17.15
2021-08-23,JPM,1,0.574292,0.57,1,CALM,17.15
2021-08-23,MSFT,1,0.702358,0.57,0,CALM,17.15
2021-08-23,NVDA,1,0.607092,0.57,1,CALM,17.15
2021-08-23,TSLA,1,0.601162,0.57,1,CALM,17.15
2021-08-24,AAPL,1,0.688015,0.57,1,CALM,17.22
2021-08-24,JPM,1,0.581882,0.57,1,CALM,17.22
2021-08-24,MSFT,1,0.706342,0.57,0,CALM,17.22
2021-08-24,NVDA,1,0.624678,0.57,1,CALM,17.22
2021-08-24,TSLA,1,0.606599,0.57,1,CALM,17.22
2021-08-25,AAPL,1,0.688248,0.57,1,CALM,16.79
2021-08-25,JPM,1,0.593002,0.57,0,CALM,16.79
2021-08-25,MSFT,1,0.710322,0.57,0,CALM,16.79
2021-08-25,NVDA,1,0.641003,0.57,1,CALM,16.79
2021-08-25,TSLA,1,0.612951,0.57,1,CALM,16.79
2021-08-26,AAPL,1,0.683835,0.57,1,CALM,18.84
2021-08-26,JPM,1,0.601022,0.57,0,CALM,18.84
2021-08-26,MSFT,1,0.709874,0.57,1,CALM,18.84
2021-08-26,NVDA,1,0.651703,0.57,1,CALM,18.84
2021-08-26,TSLA,1,0.615207,0.57,1,CALM,18.84
2021-08-27,AAPL,1,0.681006,0.57,1,CALM,16.39
2021-08-27,JPM,1,0.607122,0.57,0,CALM,16.39
2021-08-27,MSFT,1,0.711836,0.57,1,CALM,16.39
2021-08-27,NVDA,1,0.657509,0.57,1,CALM,16.39
2021-08-27,TSLA,1,0.614817,0.57,1,CALM,16.39
2021-08-30,AAPL,1,0.684796,0.57,1,CALM,16.19
2021-08-30,JPM,1,0.611307,0.57,0,CALM,16.19
2021-08-30,MSFT,1,0.715165,0.57,0,CALM,16.19
2021-08-30,NVDA,1,0.66356,0.57,0,CALM,16.19
2021-08-30,TSLA,1,0.61654,0.57,1,CALM,16.19
2021-08-31,AAPL,1,0.68847,0.57,1,CALM,16.48
2021-08-31,JPM,1,0.617033,0.57,0,CALM,16.48
2021-08-31,MSFT,1,0.7182,0.57,0,CALM,16.48
2021-08-31,NVDA,1,0.66616,0.57,0,CALM,16.48
2021-08-31,TSLA,1,0.622941,0.57,1,CALM,16.48
2021-09-01,AAPL,1,0.691817,0.57,1,CALM,16.11
2021-09-01,JPM,1,0.624712,0.57,0,CALM,16.11
2021-09-01,MSFT,1,0.720815,0.57,0,CALM,16.11
2021-09-01,NVDA,1,0.666823,0.57,0,CALM,16.11
2021-09-01,TSLA,1,0.62719,0.57,1,CALM,16.11
2021-09-02,AAPL,1,0.693993,0.57,0,CALM,16.41
2021-09-02,JPM,1,0.633672,0.57,0,CALM,16.41
2021-09-02,MSFT,1,0.721282,0.57,0,CALM,16.41
2021-09-02,NVDA,1,0.663493,0.57,1,CALM,16.41
2021-09-02,TSLA,1,0.627621,0.57,1,CALM,16.41
2021-09-03,AAPL,1,0.693824,0.57,0,CALM,16.41
2021-09-03,JPM,1,0.640897,0.57,1,CALM,16.41
2021-09-03,MSFT,1,0.71971,0.57,0,CALM,16.41
2021-09-03,NVDA,1,0.664115,0.57,0,CALM,16.41
2021-09-03,TSLA,1,0.625612,0.57,1,CALM,16.41
2021-09-07,AAPL,1,0.693569,0.57,0,CALM,18.14
2021-09-07,JPM,1,0.644985,0.57,0,CALM,18.14
2021-09-07,MSFT,1,0.716655,0.57,0,CALM,18.14
2021-09-07,NVDA,1,0.659485,0.57,0,CALM,18.14
2021-09-07,TSLA,1,0.624817,0.57,0,CALM,18.14
2021-09-08,AAPL,1,0.690864,0.57,0,CALM,17.96
2021-09-08,JPM,1,0.647629,0.57,0,CALM,17.96
2021-09-08,MSFT,1,0.713242,0.57,1,CALM,17.96
2021-09-08,NVDA,1,0.65248,0.57,1,CALM,17.96
2021-09-08,TSLA,1,0.628576,0.57,1,CALM,17.96
2021-09-09,AAPL,1,0.684827,0.57,0,CALM,18.8
2021-09-09,JPM,1,0.648941,0.57,0,CALM,18.8
2021-09-09,MSFT,1,0.709042,0.57,1,CALM,18.8
2021-09-09,NVDA,1,0.644637,0.57,1,CALM,18.8
2021-09-09,TSLA,1,0.628357,0.57,1,CALM,18.8
2021-09-10,AAPL,1,0.676565,0.57,0,CALM,20.95
2021-09-10,JPM,1,0.646839,0.57,1,CALM,20.95
2021-09-10,MSFT,1,0.703019,0.57,1,CALM,20.95
2021-09-10,NVDA,1,0.639907,0.57,0,CALM,20.95
2021-09-10,TSLA,1,0.620375,0.57,1,CALM,20.95
2021-09-13,AAPL,1,0.670766,0.57,0,CALM,19.37
2021-09-13,JPM,1,0.644812,0.57,0,CALM,19.37
2021-09-13,MSFT,1,0.698576,0.57,0,CALM,19.37
2021-09-13,NVDA,1,0.634488,0.57,0,CALM,19.37
2021-09-13,TSLA,1,0.615377,0.57,0,CALM,19.37
2021-09-14,AAPL,1,0.668267,0.57,0,CALM,19.46
2021-09-14,JPM,1,0.643263,0.57,0,CALM,19.46
2021-09-14,MSFT,1,0.695727,0.57,0,CALM,19.46
2021-09-14,NVDA,1,0.629658,0.57,0,CALM,19.46
2021-09-14,TSLA,1,0.612289,0.57,0,CALM,19.46
2021-09-15,AAPL,1,0.669739,0.57,0,CALM,18.18
2021-09-15,JPM,1,0.644068,0.57,0,CALM,18.18
2021-09-15,MSFT,1,0.695884,0.57,0,CALM,18.18
2021-09-15,NVDA,1,0.626918,0.57,0,CALM,18.18
2021-09-15,TSLA,1,0.613789,0.57,0,CALM,18.18
2021-09-16,AAPL,1,0.671703,0.57,0,CALM,18.69
2021-09-16,JPM,1,0.646179,0.57,1,CALM,18.69
2021-09-16,MSFT,1,0.69621,0.57,0,CALM,18.69
2021-09-16,NVDA,1,0.62541,0.57,1,CALM,18.69
2021-09-16,TSLA,1,0.617146,0.57,0,CALM,18.69
2021-09-17,AAPL,1,0.670291,0.57,1,CALM,20.81
2021-09-17,JPM,1,0.648239,0.57,1,CALM,20.81
2021-09-17,MSFT,1,0.695418,0.57,0,CALM,20.81
2021-09-17,NVDA,1,0.625941,0.57,1,CALM,20.81
2021-09-17,TSLA,1,0.621352,0.57,1,CALM,20.81
2021-09-20,AAPL,1,0.664701,0.57,1,SHOCK,25.71
2021-09-20,JPM,1,0.643982,0.57,1,SHOCK,25.71
2021-09-20,MSFT,1,0.687132,0.57,0,SHOCK,25.71
2021-09-20,NVDA,1,0.624093,0.57,1,SHOCK,25.71
2021-09-20,TSLA,1,0.616365,0.57,1,SHOCK,25.71
2021-09-21,AAPL,1,0.65481,0.57,0,CALM,24.36
2021-09-21,JPM,1,0.636078,0.57,1,CALM,24.36
2021-09-21,MSFT,1,0.675921,0.57,0,CALM,24.36
2021-09-21,NVDA,1,0.620633,0.57,0,CALM,24.36
2021-09-21,TSLA,1,0.607331,0.57,1,CALM,24.36
2021-09-22,AAPL,1,0.644246,0.57,0,CALM,20.87
2021-09-22,JPM,1,0.62813,0.57,1,CALM,20.87
2021-09-22,MSFT,1,0.667947,0.57,0,CALM,20.87
2021-09-22,NVDA,1,0.62176,0.57,0,CALM,20.87
2021-09-22,TSLA,1,0.60095,0.57,1,CALM,20.87
2021-09-23,AAPL,1,0.640339,0.57,0,CALM,18.63
2021-09-23,JPM,1,0.623721,0.57,1,CALM,18.63
2021-09-23,MSFT,1,0.665711,0.57,0,CALM,18.63
2021-09-23,NVDA,1,0.626204,0.57,0,CALM,18.63
2021-09-23,TSLA,1,0.599503,0.57,1,CALM,18.63
2021-09-24,AAPL,1,0.644316,0.57,0,CALM,17.75
2021-09-24,JPM,1,0.628766,0.57,1,CALM,17.75
2021-09-24,MSFT,1,0.666779,0.57,0,CALM,17.75
2021-09-24,NVDA,1,0.635357,0.57,0,CALM,17.75
2021-09-24,TSLA,1,0.610427,0.57,1,CALM,17.75
2021-09-27,AAPL,1,0.651625,0.57,0,CALM,18.76
2021-09-27,JPM,1,0.633291,0.57,0,CALM,18.76
2021-09-27,MSFT,1,0.667529,0.57,0,CALM,18.76
2021-09-27,NVDA,1,0.644093,0.57,0,CALM,18.76
2021-09-27,TSLA,1,0.627295,0.57,0,CALM,18.76
2021-09-28,AAPL,1,0.651164,0.57,0,CALM,23.25
2021-09-28,JPM,1,0.633212,0.57,1,CALM,23.25
2021-09-28,MSFT,1,0.663297,0.57,1,CALM,23.25
2021-09-28,NVDA,1,0.648229,0.57,0,CALM,23.25
2021-09-28,TSLA,1,0.6362,0.57,1,CALM,23.25
2021-09-29,AAPL,1,0.647025,0.57,0,CALM,22.56
2021-09-29,JPM,1,0.626342,0.57,1,CALM,22.56
2021-09-29,MSFT,1,0.659436,0.57,1,CALM,22.56
2021-09-29,NVDA,1,0.648343,0.57,1,CALM,22.56
2021-09-29,TSLA,1,0.638589,0.57,1,CALM,22.56
2021-09-30,AAPL,1,0.641744,0.57,1,CALM,23.14
2021-09-30,JPM,1,0.616717,0.57,1,CALM,23.14
2021-09-30,MSFT,1,0.657039,0.57,1,CALM,23.14
2021-09-30,NVDA,1,0.649152,0.57,1,CALM,23.14
2021-09-30,TSLA,1,0.634022,0.57,1,CALM,23.14
2021-10-01,AAPL,1,0.63756,0.57,1,CALM,21.1
2021-10-01,JPM,1,0.610332,0.57,1,CALM,21.1
2021-10-01,MSFT,1,0.653032,0.57,1,CALM,21.1
2021-10-01,NVDA,1,0.648641,0.57,1,CALM,21.1
2021-10-01,TSLA,1,0.628111,0.57,1,CALM,21.1
2021-10-04,AAPL,1,0.634468,0.57,1,CALM,22.96
2021-10-04,JPM,1,0.604621,0.57,1,CALM,22.96
2021-10-04,MSFT,1,0.648133,0.57,1,CALM,22.96
2021-10-04,NVDA,1,0.646876,0.57,1,CALM,22.96
2021-10-04,TSLA,1,0.625355,0.57,1,CALM,22.96
2021-10-05,AAPL,1,0.633806,0.57,1,CALM,21.3
2021-10-05,JPM,1,0.603754,0.57,0,CALM,21.3
2021-10-05,MSFT,1,0.645238,0.57,1,CALM,21.3
2021-10-05,NVDA,1,0.648593,0.57,1,CALM,21.3
2021-10-05,TSLA,1,0.6264,0.57,1,CALM,21.3
2021-10-06,AAPL,1,0.63519,0.57,0,CALM,21.0
2021-10-06,JPM,1,0.603,0.57,0,CALM,21.0
2021-10-06,MSFT,1,0.64338,0.57,1,CALM,21.0
2021-10-06,NVDA,1,0.650838,0.57,1,CALM,21.0
2021-10-06,TSLA,1,0.629389,0.57,1,CALM,21.0
2021-10-07,AAPL,1,0.638283,0.57,1,CALM,19.54
2021-10-07,JPM,1,0.603882,0.57,0,CALM,19.54
2021-10-07,MSFT,1,0.644994,0.57,1,CALM,19.54
2021-10-07,NVDA,1,0.658273,0.57,1,CALM,19.54
2021-10-07,TSLA,1,0.636624,0.57,1,CALM,19.54
2021-10-08,AAPL,1,0.640604,0.57,1,CALM,18.77
2021-10-08,JPM,1,0.605465,0.57,0,CALM,18.77
2021-10-08,MSFT,1,0.647132,0.57,1,CALM,18.77
2021-10-08,NVDA,1,0.666959,0.57,1,CALM,18.77
2021-10-08,TSLA,1,0.641904,0.57,1,CALM,18.77
2021-10-11,AAPL,1,0.639747,0.57,1,CALM,20.0
2021-10-11,JPM,1,0.604727,0.57,0,CALM,20.0
2021-10-11,MSFT,1,0.643496,0.57,1,CALM,20.0
2021-10-11,NVDA,1,0.674781,0.57,1,CALM,20.0
2021-10-11,TSLA,1,0.645928,0.57,1,CALM,20.0
2021-10-12,AAPL,1,0.637672,0.57,1,CALM,19.85
2021-10-12,JPM,1,0.605484,0.57,1,CALM,19.85
2021-10-12,MSFT,1,0.63806,0.57,1,CALM,19.85
2021-10-12,NVDA,1,0.677271,0.57,1,CALM,19.85
2021-10-12,TSLA,1,0.651647,0.57,1,CALM,19.85
2021-10-13,AAPL,1,0.635821,0.57,1,CALM,18.64
2021-10-13,JPM,1,0.608159,0.57,1,CALM,18.64
2021-10-13,MSFT,1,0.633341,0.57,1,CALM,18.64
2021-10-13,NVDA,1,0.676871,0.57,1,CALM,18.64
2021-10-13,TSLA,1,0.656698,0.57,1,CALM,18.64
2021-10-14,AAPL,1,0.636062,0.57,1,CALM,16.86
2021-10-14,JPM,1,0.622528,0.57,1,CALM,16.86
2021-10-14,MSFT,1,0.632854,0.57,1,CALM,16.86
2021-10-14,NVDA,1,0.67347,0.57,1,CALM,16.86
2021-10-14,TSLA,1,0.662908,0.57,1,CALM,16.86
2021-10-15,AAPL,1,0.638216,0.57,1,CALM,16.3
2021-10-15,JPM,1,0.642868,0.57,1,CALM,16.3
2021-10-15,MSFT,1,0.63379,0.57,1,CALM,16.3
2021-10-15,NVDA,1,0.666762,0.57,1,CALM,16.3
2021-10-15,TSLA,1,0.670929,0.57,1,CALM,16.3
2021-10-18,AAPL,1,0.642724,0.57,1,CALM,16.31
2021-10-18,JPM,1,0.658386,0.57,1,CALM,16.31
2021-10-18,MSFT,1,0.6346,0.57,1,CALM,16.31
2021-10-18,NVDA,1,0.656292,0.57,1,CALM,16.31
2021-10-18,TSLA,1,0.681596,0.57,1,CALM,16.31
2021-10-19,AAPL,1,0.646046,0.57,1,CALM,15.7
2021-10-19,JPM,1,0.671083,0.57,1,CALM,15.7
2021-10-19,MSFT,1,0.634072,0.57,1,CALM,15.7
2021-10-19,NVDA,1,0.643449,0.57,1,CALM,15.7
2021-10-19,TSLA,1,0.691783,0.57,1,CALM,15.7
2021-10-20,AAPL,1,0.645106,0.57,0,CALM,15.49
2021-10-20,JPM,1,0.678745,0.57,0,CALM,15.49
2021-10-20,MSFT,1,0.632655,0.57,1,CALM,15.49
2021-10-20,NVDA,1,0.633177,0.57,1,CALM,15.49
2021-10-20,TSLA,1,0.697968,0.57,1,CALM,15.49
2021-10-21,AAPL,1,0.64295,0.57,1,CALM,15.01
2021-10-21,JPM,1,0.682743,0.57,1,CALM,15.01
2021-10-21,MSFT,1,0.633203,0.57,1,CALM,15.01
2021-10-21,NVDA,1,0.626301,0.57,1,CALM,15.01
2021-10-21,TSLA,1,0.704998,0.57,1,CALM,15.01
2021-10-22,AAPL,1,0.639586,0.57,1,CALM,15.43
2021-10-22,JPM,1,0.686119,0.57,0,CALM,15.43
2021-10-22,MSFT,1,0.633805,0.57,1,CALM,15.43
2021-10-22,NVDA,1,0.621267,0.57,1,CALM,15.43
2021-10-22,TSLA,1,0.713671,0.57,1,CALM,15.43
2021-10-25,AAPL,1,0.63722,0.57,1,CALM,15.24
2021-10-25,JPM,1,0.687937,0.57,0,CALM,15.24
2021-10-25,MSFT,1,0.636737,0.57,1,CALM,15.24
2021-10-25,NVDA,1,0.620483,0.57,1,CALM,15.24
2021-10-25,TSLA,1,0.722932,0.57,1,CALM,15.24
2021-10-26,AAPL,1,0.638185,0.57,1,CALM,15.98
2021-10-26,JPM,1,0.689307,0.57,0,CALM,15.98
2021-10-26,MSFT,1,0.64262,0.57,1,CALM,15.98
2021-10-26,NVDA,1,0.627368,0.57,1,CALM,15.98
2021-10-26,TSLA,1,0.732152,0.57,1,CALM,15.98
2021-10-27,AAPL,1,0.6399,0.57,1,CALM,16.98
2021-10-27,JPM,1,0.688936,0.57,1,CALM,16.98
2021-10-27,MSFT,1,0.652171,0.57,1,CALM,16.98
2021-10-27,NVDA,1,0.631299,0.57,1,CALM,16.98
2021-10-27,TSLA,1,0.735883,0.57,1,CALM,16.98
2021-10-28,AAPL,1,0.646506,0.57,0,CALM,16.53
2021-10-28,JPM,1,0.689796,0.57,0,CALM,16.53
2021-10-28,MSFT,1,0.659567,0.57,1,CALM,16.53
2021-10-28,NVDA,1,0.634813,0.57,1,CALM,16.53
2021-10-28,TSLA,1,0.736201,0.57,1,CALM,16.53
2021-10-29,AAPL,1,0.650961,0.57,1,CALM,16.26
2021-10-29,JPM,1,0.690495,0.57,0,CALM,16.26
2021-10-29,MSFT,1,0.665656,0.57,1,CALM,16.26
2021-10-29,NVDA,1,0.638314,0.57,1,CALM,16.26
2021-10-29,TSLA,1,0.734577,0.57,1,CALM,16.26
2021-11-01,AAPL,1,0.653765,0.57,1,CALM,16.41
2021-11-01,JPM,1,0.690939,0.57,0,CALM,16.41
2021-11-01,MSFT,1,0.668588,0.57,1,CALM,16.41
2021-11-01,NVDA,1,0.642885,0.57,1,CALM,16.41
2021-11-01,TSLA,1,0.735804,0.57,0,CALM,16.41
2021-11-02,AAPL,1,0.65754,0.57,1,CALM,16.03
2021-11-02,JPM,1,0.691641,0.57,0,CALM,16.03
2021-11-02,MSFT,1,0.672846,0.57,1,CALM,16.03
2021-11-02,NVDA,1,0.651165,0.57,1,CALM,16.03
2021-11-02,TSLA,1,0.739641,0.57,0,CALM,16.03
2021-11-03,AAPL,1,0.661304,0.57,0,CALM,15.1
2021-11-03,JPM,1,0.69141,0.57,0,CALM,15.1
2021-11-03,MSFT,1,0.678622,0.57,0,CALM,15.1
2021-11-03,NVDA,1,0.658762,0.57,1,CALM,15.1
2021-11-03,TSLA,1,0.741592,0.57,0,CALM,15.1
2021-11-04,AAPL,1,0.664393,0.57,0,CALM,15.44
2021-11-04,JPM,1,0.690578,0.57,0,CALM,15.44
2021-11-04,MSFT,1,0.684016,0.57,0,CALM,15.44
2021-11-04,NVDA,1,0.669599,0.57,1,CALM,15.44
2021-11-04,TSLA,1,0.742202,0.57,0,CALM,15.44
2021-11-05,AAPL,1,0.665963,0.57,0,CALM,16.48
2021-11-05,JPM,1,0.688684,0.57,0,CALM,16.48
2021-11-05,MSFT,1,0.688703,0.57,1,CALM,16.48
2021-11-05,NVDA,1,0.684293,0.57,1,CALM,16.48
2021-11-05,TSLA,1,0.740721,0.57,0,CALM,16.48
2021-11-08,AAPL,1,0.66386,0.57,0,CALM,17.22
2021-11-08,JPM,1,0.686891,0.57,0,CALM,17.22
2021-11-08,MSFT,1,0.692969,0.57,0,CALM,17.22
2021-11-08,NVDA,1,0.698652,0.57,0,CALM,17.22
2021-11-08,TSLA,1,0.73597,0.57,0,CALM,17.22
2021-11-09,AAPL,1,0.659866,0.57,1,CALM,17.78
2021-11-09,JPM,1,0.683695,0.57,0,CALM,17.78
2021-11-09,MSFT,1,0.695331,0.57,1,CALM,17.78
2021-11-09,NVDA,1,0.708799,0.57,0,CALM,17.78
2021-11-09,TSLA,1,0.716953,0.57,1,CALM,17.78
2021-11-10,AAPL,1,0.654935,0.57,1,CALM,18.73
2021-11-10,JPM,1,0.679129,0.57,0,CALM,18.73
2021-11-10,MSFT,1,0.693238,0.57,1,CALM,18.73
2021-11-10,NVDA,1,0.712467,0.57,0,CALM,18.73
2021-11-10,TSLA,1,0.702576,0.57,1,CALM,18.73
2021-11-11,AAPL,1,0.649782,0.57,1,CALM,17.66
2021-11-11,JPM,1,0.673379,0.57,0,CALM,17.66
2021-11-11,MSFT,1,0.690585,0.57,1,CALM,17.66
2021-11-11,NVDA,1,0.715376,0.57,1,CALM,17.66
2021-11-11,TSLA,1,0.685877,0.57,1,CALM,17.66
2021-11-12,AAPL,1,0.646202,0.57,1,CALM,16.29
2021-11-12,JPM,1,0.668491,0.57,0,CALM,16.29
2021-11-12,MSFT,1,0.690402,0.57,1,CALM,16.29
2021-11-12,NVDA,1,0.715122,0.57,1,CALM,16.29
2021-11-12,TSLA,1,0.668988,0.57,1,CALM,16.29
2021-11-15,AAPL,1,0.64283,0.57,1,CALM,16.49
2021-11-15,JPM,1,0.663039,0.57,0,CALM,16.49
2021-11-15,MSFT,1,0.689822,0.57,1,CALM,16.49
2021-11-15,NVDA,1,0.712606,0.57,1,CALM,16.49
2021-11-15,TSLA,1,0.647982,0.57,1,CALM,16.49
2021-11-16,AAPL,1,0.642756,0.57,1,CALM,16.37
2021-11-16,JPM,1,0.662561,0.57,1,CALM,16.37
2021-11-16,MSFT,1,0.691818,0.57,0,CALM,16.37
2021-11-16,NVDA,1,0.709544,0.57,1,CALM,16.37
2021-11-16,TSLA,1,0.637662,0.57,1,CALM,16.37
2021-11-17,AAPL,1,0.645039,0.57,1,CALM,17.11
2021-11-17,JPM,1,0.665226,0.57,1,CALM,17.11
2021-11-17,MSFT,1,0.694352,0.57,0,CALM,17.11
2021-11-17,NVDA,1,0.701876,0.57,1,CALM,17.11
2021-11-17,TSLA,1,0.635159,0.57,1,CALM,17.11
2021-11-18,AAPL,1,0.653048,0.57,0,CALM,17.59
2021-11-18,JPM,1,0.667922,0.57,0,CALM,17.59
2021-11-18,MSFT,1,0.697586,0.57,0,CALM,17.59
2021-11-18,NVDA,1,0.702301,0.57,0,CALM,17.59
2021-11-18,TSLA,1,0.636358,0.57,0,CALM,17.59
2021-11-19,AAPL,1,0.664101,0.57,0,CALM,17.91
2021-11-19,JPM,1,0.672022,0.57,1,CALM,17.91
2021-11-19,MSFT,1,0.701894,0.57,0,CALM,17.91
2021-11-19,NVDA,1,0.706013,0.57,1,CALM,17.91
2021-11-19,TSLA,1,0.640591,0.57,0,CALM,17.91
2021-11-22,AAPL,1,0.671673,0.57,1,CALM,19.17
2021-11-22,JPM,1,0.677073,0.57,0,CALM,19.17
2021-11-22,MSFT,1,0.70489,0.57,0,CALM,19.17
2021-11-22,NVDA,1,0.706775,0.57,1,CALM,19.17
2021-11-22,TSLA,1,0.648481,0.57,0,CALM,19.17
2021-11-23,AAPL,1,0.675975,0.57,1,CALM,19.38
2021-11-23,JPM,1,0.679518,0.57,0,CALM,19.38
2021-11-23,MSFT,1,0.707171,0.57,0,CALM,19.38
2021-11-23,NVDA,1,0.706859,0.57,0,CALM,19.38
2021-11-23,TSLA,1,0.65565,0.57,0,CALM,19.38
2021-11-24,AAPL,1,0.677445,0.57,1,CALM,18.58
2021-11-24,JPM,1,0.679398,0.57,0,CALM,18.58
2021-11-24,MSFT,1,0.709895,0.57,0,CALM,18.58
2021-11-24,NVDA,1,0.70723,0.57,0,CALM,18.58
2021-11-24,TSLA,1,0.658521,0.57,0,CALM,18.58
2021-11-26,AAPL,1,0.666354,0.57,1,SHOCK,28.62
2021-11-26,JPM,1,0.667064,0.57,0,SHOCK,28.62
2021-11-26,MSFT,1,0.70264,0.57,0,SHOCK,28.62
2021-11-26,NVDA,1,0.704585,0.57,0,SHOCK,28.62
2021-11-26,TSLA,1,0.649898,0.57,0,SHOCK,28.62
2021-11-29,AAPL,1,0.654849,0.57,1,CALM,22.96
2021-11-29,JPM,1,0.651071,0.57,0,CALM,22.96
2021-11-29,MSFT,1,0.695458,0.57,0,CALM,22.96
2021-11-29,NVDA,1,0.701388,0.57,0,CALM,22.96
2021-11-29,TSLA,1,0.635111,0.57,0,CALM,22.96
2021-11-30,AAPL,1,0.647926,0.57,1,SHOCK,27.19
2021-11-30,JPM,1,0.63271,0.57,1,SHOCK,27.19
2021-11-30,MSFT,1,0.684754,0.57,1,SHOCK,27.19
2021-11-30,NVDA,1,0.695367,0.57,0,SHOCK,27.19
2021-11-30,TSLA,1,0.617223,0.57,0,SHOCK,27.19
2021-12-01,AAPL,1,0.637787,0.57,1,SHOCK,31.12
2021-12-01,JPM,1,0.6031,0.57,1,SHOCK,31.12
2021-12-01,MSFT,1,0.669087,0.57,1,SHOCK,31.12
2021-12-01,NVDA,1,0.681877,0.57,1,SHOCK,31.12
2021-12-01,TSLA,1,0.581968,0.57,0,SHOCK,31.12
2021-12-02,AAPL,1,0.625062,0.57,1,SHOCK,27.95
2021-12-02,JPM,1,0.568944,0.57,0,SHOCK,27.95
2021-12-02,MSFT,1,0.651547,0.57,1,SHOCK,27.95
2021-12-02,NVDA,1,0.662269,0.57,0,SHOCK,27.95
2021-12-02,TSLA,1,0.533693,0.57,0,SHOCK,27.95
2021-12-03,AAPL,1,0.60928,0.57,1,SHOCK,30.67
2021-12-03,JPM,1,0.543136,0.57,1,SHOCK,30.67
2021-12-03,MSFT,1,0.623917,0.57,1,SHOCK,30.67
2021-12-03,NVDA,1,0.641045,0.57,0,SHOCK,30.67
2021-12-03,TSLA,1,0.484632,0.57,1,SHOCK,30.67
2021-12-06,AAPL,1,0.598666,0.57,1,SHOCK,27.18
2021-12-06,JPM,1,0.516299,0.57,0,SHOCK,27.18
2021-12-06,MSFT,1,0.59423,0.57,1,SHOCK,27.18
2021-12-06,NVDA,1,0.61854,0.57,0,SHOCK,27.18
2021-12-06,TSLA,1,0.463905,0.57,0,SHOCK,27.18
2021-12-07,AAPL,1,0.601074,0.57,1,CALM,21.89
2021-12-07,JPM,1,0.502241,0.57,0,CALM,21.89
2021-12-07,MSFT,1,0.582517,0.57,0,CALM,21.89
2021-12-07,NVDA,1,0.609937,0.57,0,CALM,21.89
2021-12-07,TSLA,1,0.476371,0.57,0,CALM,21.89
2021-12-08,AAPL,1,0.616302,0.57,1,CALM,19.9
2021-12-08,JPM,1,0.506374,0.57,0,CALM,19.9
2021-12-08,MSFT,1,0.589513,0.57,0,CALM,19.9
2021-12-08,NVDA,1,0.617603,0.57,0,CALM,19.9
2021-12-08,TSLA,1,0.506154,0.57,0,CALM,19.9
2021-12-09,AAPL,1,0.626953,0.57,0,CALM,21.58
2021-12-09,JPM,1,0.516231,0.57,0,CALM,21.58
2021-12-09,MSFT,1,0.5983,0.57,0,CALM,21.58
2021-12-09,NVDA,1,0.623296,0.57,0,CALM,21.58
2021-12-09,TSLA,1,0.540447,0.57,0,CALM,21.58
2021-12-10,AAPL,1,0.642983,0.57,0,CALM,18.69
2021-12-10,JPM,1,0.538595,0.57,0,CALM,18.69
2021-12-10,MSFT,1,0.613919,0.57,0,CALM,18.69
2021-12-10,NVDA,1,0.628927,0.57,0,CALM,18.69
2021-12-10,TSLA,1,0.574254,0.57,0,CALM,18.69
2021-12-13,AAPL,1,0.657583,0.57,0,CALM,20.31
2021-12-13,JPM,1,0.559632,0.57,0,CALM,20.31
2021-12-13,MSFT,1,0.623991,0.57,0,CALM,20.31
2021-12-13,NVDA,1,0.618074,0.57,0,CALM,20.31
2021-12-13,TSLA,1,0.603816,0.57,0,CALM,20.31
2021-12-14,AAPL,1,0.665249,0.57,0,CALM,21.89
2021-12-14,JPM,1,0.567188,0.57,0,CALM,21.89
2021-12-14,MSFT,1,0.62973,0.57,0,CALM,21.89
2021-12-14,NVDA,1,0.618814,0.57,1,CALM,21.89
2021-12-14,TSLA,1,0.624484,0.57,0,CALM,21.89
2021-12-15,AAPL,1,0.67306,0.57,0,CALM,19.29
2021-12-15,JPM,1,0.573869,0.57,0,CALM,19.29
2021-12-15,MSFT,1,0.634279,0.57,0,CALM,19.29
2021-12-15,NVDA,1,0.628227,0.57,0,CALM,19.29
2021-12-15,TSLA,1,0.644169,0.57,1,CALM,19.29
2021-12-16,AAPL,1,0.674185,0.57,1,CALM,20.57
2021-12-16,JPM,1,0.573522,0.57,0,CALM,20.57
2021-12-16,MSFT,1,0.635826,0.57,1,CALM,20.57
2021-12-16,NVDA,1,0.62833,0.57,1,CALM,20.57
2021-12-16,TSLA,1,0.660958,0.57,1,CALM,20.57
2021-12-17,AAPL,1,0.671782,0.57,1,CALM,21.57
2021-12-17,JPM,1,0.569716,0.57,1,CALM,21.57
2021-12-17,MSFT,1,0.635128,0.57,1,CALM,21.57
2021-12-17,NVDA,1,0.62959,0.57,1,CALM,21.57
2021-12-17,TSLA,1,0.673368,0.57,1,CALM,21.57
2021-12-20,AAPL,1,0.666722,0.57,1,CALM,22.87
2021-12-20,JPM,1,0.565466,0.57,1,CALM,22.87
2021-12-20,MSFT,1,0.629059,0.57,1,CALM,22.87
2021-12-20,NVDA,1,0.637532,0.57,1,CALM,22.87
2021-12-20,TSLA,1,0.684068,0.57,1,CALM,22.87
2021-12-21,AAPL,1,0.663359,0.57,1,CALM,21.01
2021-12-21,JPM,1,0.567044,0.57,1,CALM,21.01
2021-12-21,MSFT,1,0.622712,0.57,1,CALM,21.01
2021-12-21,NVDA,1,0.646822,0.57,1,CALM,21.01
2021-12-21,TSLA,1,0.69244,0.57,1,CALM,21.01
2021-12-22,AAPL,1,0.665385,0.57,1,CALM,18.63
2021-12-22,JPM,1,0.576644,0.57,1,CALM,18.63
2021-12-22,MSFT,1,0.623924,0.57,1,CALM,18.63
2021-12-22,NVDA,1,0.660154,0.57,1,CALM,18.63
2021-12-22,TSLA,1,0.696203,0.57,1,CALM,18.63
2021-12-23,AAPL,1,0.674971,0.57,1,CALM,17.96
2021-12-23,JPM,1,0.593831,0.57,1,CALM,17.96
2021-12-23,MSFT,1,0.631982,0.57,1,CALM,17.96
2021-12-23,NVDA,1,0.675298,0.57,0,CALM,17.96
2021-12-23,TSLA,1,0.697438,0.57,0,CALM,17.96
2021-12-27,AAPL,1,0.686899,0.57,1,CALM,17.68
2021-12-27,JPM,1,0.612048,0.57,1,CALM,17.68
2021-12-27,MSFT,1,0.638733,0.57,0,CALM,17.68
2021-12-27,NVDA,1,0.685315,0.57,0,CALM,17.68
2021-12-27,TSLA,1,0.695371,0.57,1,CALM,17.68
2021-12-28,AAPL,1,0.697504,0.57,1,CALM,17.54
2021-12-28,JPM,1,0.620462,0.57,1,CALM,17.54
2021-12-28,MSFT,1,0.642029,0.57,0,CALM,17.54
2021-12-28,NVDA,1,0.692469,0.57,0,CALM,17.54
2021-12-28,TSLA,1,0.68929,0.57,1,CALM,17.54
2021-12-29,AAPL,1,0.704524,0.57,0,CALM,16.95
2021-12-29,JPM,1,0.628419,0.57,1,CALM,16.95
2021-12-29,MSFT,1,0.643956,0.57,0,CALM,16.95
2021-12-29,NVDA,1,0.695598,0.57,0,CALM,16.95
2021-12-29,TSLA,1,0.680702,0.57,1,CALM,16.95
2021-12-30,AAPL,1,0.706225,0.57,0,CALM,17.33
2021-12-30,JPM,1,0.63262,0.57,1,CALM,17.33
2021-12-30,MSFT,1,0.642373,0.57,0,CALM,17.33
2021-12-30,NVDA,1,0.694384,0.57,0,CALM,17.33
2021-12-30,TSLA,1,0.672863,0.57,0,CALM,17.33
2021-12-31,AAPL,1,0.704052,0.57,0,CALM,17.22
2021-12-31,JPM,1,0.632468,0.57,1,CALM,17.22
2021-12-31,MSFT,1,0.63815,0.57,0,CALM,17.22
2021-12-31,NVDA,1,0.690344,0.57,0,CALM,17.22
2021-12-31,TSLA,1,0.662285,0.57,0,CALM,17.22
2022-01-03,AAPL,1,0.704985,0.57,0,CALM,16.6
2022-01-03,JPM,1,0.634133,0.57,1,CALM,16.6
2022-01-03,MSFT,1,0.637471,0.57,0,CALM,16.6
2022-01-03,NVDA,1,0.685094,0.57,0,CALM,16.6
2022-01-03,TSLA,1,0.645659,0.57,0,CALM,16.6
2022-01-04,AAPL,1,0.705664,0.57,0,CALM,16.91
2022-01-04,JPM,1,0.638525,0.57,1,CALM,16.91
2022-01-04,MSFT,1,0.639587,0.57,0,CALM,16.91
2022-01-04,NVDA,1,0.678626,0.57,0,CALM,16.91
2022-01-04,TSLA,1,0.628905,0.57,0,CALM,16.91
2022-01-05,AAPL,1,0.701871,0.57,1,CALM,19.73
2022-01-05,JPM,1,0.636391,0.57,1,CALM,19.73
2022-01-05,MSFT,1,0.641456,0.57,1,CALM,19.73
2022-01-05,NVDA,1,0.673663,0.57,1,CALM,19.73
2022-01-05,TSLA,1,0.611441,0.57,1,CALM,19.73
2022-01-06,AAPL,1,0.695165,0.57,1,CALM,19.61
2022-01-06,JPM,1,0.629234,0.57,1,CALM,19.61
2022-01-06,MSFT,1,0.645273,0.57,0,CALM,19.61
2022-01-06,NVDA,1,0.669324,0.57,0,CALM,19.61
2022-01-06,TSLA,1,0.59677,0.57,0,CALM,19.61
2022-01-07,AAPL,1,0.689491,0.57,1,CALM,18.76
2022-01-07,JPM,1,0.623144,0.57,0,CALM,18.76
2022-01-07,MSFT,1,0.650139,0.57,0,CALM,18.76
2022-01-07,NVDA,1,0.669334,0.57,0,CALM,18.76
2022-01-07,TSLA,1,0.586491,0.57,1,CALM,18.76
2022-01-10,AAPL,1,0.685737,0.57,0,CALM,19.4
2022-01-10,JPM,1,0.619554,0.57,0,CALM,19.4
2022-01-10,MSFT,1,0.653032,0.57,0,CALM,19.4
2022-01-10,NVDA,1,0.668993,0.57,0,CALM,19.4
2022-01-10,TSLA,1,0.576603,0.57,0,CALM,19.4
2022-01-11,AAPL,1,0.6834,0.57,0,CALM,18.41
2022-01-11,JPM,1,0.614092,0.57,0,CALM,18.41
2022-01-11,MSFT,1,0.655235,0.57,0,CALM,18.41
2022-01-11,NVDA,1,0.669039,0.57,0,CALM,18.41
2022-01-11,TSLA,1,0.566867,0.57,0,CALM,18.41
2022-01-12,AAPL,1,0.684805,0.57,0,CALM,17.62
2022-01-12,JPM,1,0.61216,0.57,0,CALM,17.62
2022-01-12,MSFT,1,0.660413,0.57,0,CALM,17.62
2022-01-12,NVDA,1,0.670392,0.57,0,CALM,17.62
2022-01-12,TSLA,1,0.563866,0.57,0,CALM,17.62
2022-01-13,AAPL,1,0.683989,0.57,0,CALM,20.31
2022-01-13,JPM,1,0.608936,0.57,0,CALM,20.31
2022-01-13,MSFT,1,0.664378,0.57,0,CALM,20.31
2022-01-13,NVDA,1,0.674884,0.57,0,CALM,20.31
2022-01-13,TSLA,1,0.571117,0.57,0,CALM,20.31
2022-01-14,AAPL,1,0.681766,0.57,0,CALM,19.19
2022-01-14,JPM,1,0.61342,0.57,0,CALM,19.19
2022-01-14,MSFT,1,0.666194,0.57,0,CALM,19.19
2022-01-14,NVDA,1,0.678274,0.57,0,CALM,19.19
2022-01-14,TSLA,1,0.574446,0.57,0,CALM,19.19
2022-01-18,AAPL,1,0.675722,0.57,0,CALM,22.79
2022-01-18,JPM,1,0.604795,0.57,0,CALM,22.79
2022-01-18,MSFT,1,0.66214,0.57,0,CALM,22.79
2022-01-18,NVDA,1,0.680693,0.57,0,CALM,22.79
2022-01-18,TSLA,1,0.577111,0.57,0,CALM,22.79
2022-01-19,AAPL,1,0.667355,0.57,0,CALM,23.85
2022-01-19,JPM,1,0.593584,0.57,0,CALM,23.85
2022-01-19,MSFT,1,0.644831,0.57,0,CALM,23.85
2022-01-19,NVDA,1,0.682439,0.57,0,CALM,23.85
2022-01-19,TSLA,1,0.580271,0.57,0,CALM,23.85
2022-01-20,AAPL,1,0.655703,0.57,0,SHOCK,25.59
2022-01-20,JPM,1,0.57588,0.57,0,SHOCK,25.59
2022-01-20,MSFT,1,0.619688,0.57,0,SHOCK,25.59
2022-01-20,NVDA,1,0.684028,0.57,0,SHOCK,25.59
2022-01-20,TSLA,1,0.578848,0.57,0,SHOCK,25.59
2022-01-21,AAPL,1,0.634582,0.57,1,SHOCK,28.85
2022-01-21,JPM,1,0.565185,0.57,1,SHOCK,28.85
2022-01-21,MSFT,1,0.592514,0.57,1,SHOCK,28.85
2022-01-21,NVDA,1,0.678934,0.57,0,SHOCK,28.85
2022-01-21,TSLA,1,0.580136,0.57,0,SHOCK,28.85
2022-01-24,AAPL,1,0.597205,0.57,1,SHOCK,29.9
2022-01-24,JPM,1,0.54612,0.57,1,SHOCK,29.9
2022-01-24,MSFT,1,0.565994,0.57,1,SHOCK,29.9
2022-01-24,NVDA,1,0.668352,0.57,1,SHOCK,29.9
2022-01-24,TSLA,1,0.577643,0.57,1,SHOCK,29.9
2022-01-25,AAPL,1,0.561918,0.57,1,SHOCK,31.16
2022-01-25,JPM,1,0.523034,0.57,1,SHOCK,31.16
2022-01-25,MSFT,1,0.546204,0.57,1,SHOCK,31.16
2022-01-25,NVDA,1,0.666693,0.57,1,SHOCK,31.16
2022-01-25,TSLA,1,0.580714,0.57,1,SHOCK,31.16
2022-01-26,AAPL,1,0.530197,0.57,1,SHOCK,31.96
2022-01-26,JPM,1,0.505651,0.57,1,SHOCK,31.96
2022-01-26,MSFT,1,0.526083,0.57,1,SHOCK,31.96
2022-01-26,NVDA,1,0.662917,0.57,1,SHOCK,31.96
2022-01-26,TSLA,1,0.580369,0.57,0,SHOCK,31.96
2022-01-27,AAPL,1,0.499651,0.57,1,SHOCK,30.49
2022-01-27,JPM,1,0.498766,0.57,1,SHOCK,30.49
2022-01-27,MSFT,1,0.51156,0.57,1,SHOCK,30.49
2022-01-27,NVDA,1,0.665325,0.57,1,SHOCK,30.49
2022-01-27,TSLA,1,0.599519,0.57,1,SHOCK,30.49
2022-01-28,AAPL,1,0.477277,0.57,1,SHOCK,27.66
2022-01-28,JPM,1,0.500269,0.57,1,SHOCK,27.66
2022-01-28,MSFT,1,0.505916,0.57,0,SHOCK,27.66
2022-01-28,NVDA,1,0.669349,0.57,1,SHOCK,27.66
2022-01-28,TSLA,1,0.610836,0.57,1,SHOCK,27.66
2022-01-31,AAPL,1,0.477073,0.57,0,CALM,24.83
2022-01-31,JPM,1,0.519331,0.57,1,CALM,24.83
2022-01-31,MSFT,1,0.512887,0.57,0,CALM,24.83
2022-01-31,NVDA,1,0.676604,0.57,1,CALM,24.83
2022-01-31,TSLA,1,0.621941,0.57,0,CALM,24.83
2022-02-01,AAPL,1,0.491613,0.57,1,CALM,21.96
2022-02-01,JPM,1,0.553582,0.57,1,CALM,21.96
2022-02-01,MSFT,1,0.532861,0.57,0,CALM,21.96
2022-02-01,NVDA,1,0.691623,0.57,1,CALM,21.96
2022-02-01,TSLA,1,0.647751,0.57,0,CALM,21.96
2022-02-02,AAPL,1,0.508783,0.57,1,CALM,22.09
2022-02-02,JPM,1,0.591814,0.57,1,CALM,22.09
2022-02-02,MSFT,1,0.551986,0.57,0,CALM,22.09
2022-02-02,NVDA,1,0.702692,0.57,1,CALM,22.09
2022-02-02,TSLA,1,0.673907,0.57,1,CALM,22.09
2022-02-03,AAPL,1,0.526302,0.57,0,CALM,24.35
2022-02-03,JPM,1,0.62237,0.57,1,CALM,24.35
2022-02-03,MSFT,1,0.579291,0.57,1,CALM,24.35
2022-02-03,NVDA,1,0.709118,0.57,1,CALM,24.35
2022-02-03,TSLA,1,0.691871,0.57,1,CALM,24.35
2022-02-04,AAPL,1,0.544321,0.57,0,CALM,23.22
2022-02-04,JPM,1,0.64156,0.57,1,CALM,23.22
2022-02-04,MSFT,1,0.596373,0.57,0,CALM,23.22
2022-02-04,NVDA,1,0.711115,0.57,0,CALM,23.22
2022-02-04,TSLA,1,0.704772,0.57,0,CALM,23.22
2022-02-07,AAPL,1,0.557079,0.57,0,CALM,22.86
2022-02-07,JPM,1,0.643912,0.57,0,CALM,22.86
2022-02-07,MSFT,1,0.604875,0.57,0,CALM,22.86
2022-02-07,NVDA,1,0.70806,0.57,0,CALM,22.86
2022-02-07,TSLA,1,0.716021,0.57,0,CALM,22.86
2022-02-08,AAPL,1,0.559077,0.57,0,CALM,21.44
2022-02-08,JPM,1,0.641357,0.57,0,CALM,21.44
2022-02-08,MSFT,1,0.607279,0.57,0,CALM,21.44
2022-02-08,NVDA,1,0.702205,0.57,1,CALM,21.44
2022-02-08,TSLA,1,0.718785,0.57,1,CALM,21.44
2022-02-09,AAPL,1,0.559637,0.57,0,CALM,19.96
2022-02-09,JPM,1,0.636686,0.57,0,CALM,19.96
2022-02-09,MSFT,1,0.606148,0.57,0,CALM,19.96
2022-02-09,NVDA,1,0.690175,0.57,0,CALM,19.96
2022-02-09,TSLA,1,0.717703,0.57,0,CALM,19.96
2022-02-10,AAPL,1,0.557227,0.57,0,CALM,23.91
2022-02-10,JPM,1,0.626729,0.57,0,CALM,23.91
2022-02-10,MSFT,1,0.604272,0.57,0,CALM,23.91
2022-02-10,NVDA,1,0.681899,0.57,0,CALM,23.91
2022-02-10,TSLA,1,0.716908,0.57,0,CALM,23.91
2022-02-11,AAPL,1,0.550844,0.57,0,SHOCK,27.36
2022-02-11,JPM,1,0.610119,0.57,0,SHOCK,27.36
2022-02-11,MSFT,1,0.59972,0.57,0,SHOCK,27.36
2022-02-11,NVDA,1,0.674648,0.57,0,SHOCK,27.36
2022-02-11,TSLA,1,0.715832,0.57,0,SHOCK,27.36
2022-02-14,AAPL,1,0.544783,0.57,0,SHOCK,28.33
2022-02-14,JPM,1,0.589494,0.57,0,SHOCK,28.33
2022-02-14,MSFT,1,0.591992,0.57,0,SHOCK,28.33
2022-02-14,NVDA,1,0.658176,0.57,0,SHOCK,28.33
2022-02-14,TSLA,1,0.706397,0.57,0,SHOCK,28.33
2022-02-15,AAPL,1,0.541572,0.57,0,SHOCK,25.7
2022-02-15,JPM,1,0.576222,0.57,0,SHOCK,25.7
2022-02-15,MSFT,1,0.585763,0.57,0,SHOCK,25.7
2022-02-15,NVDA,1,0.632812,0.57,0,SHOCK,25.7
2022-02-15,TSLA,1,0.694206,0.57,0,SHOCK,25.7
2022-02-16,AAPL,1,0.539999,0.57,0,CALM,24.29
2022-02-16,JPM,1,0.56184,0.57,0,CALM,24.29
2022-02-16,MSFT,1,0.583137,0.57,0,CALM,24.29
2022-02-16,NVDA,1,0.617614,0.57,0,CALM,24.29
2022-02-16,TSLA,1,0.684528,0.57,0,CALM,24.29
2022-02-17,AAPL,1,0.536063,0.57,0,SHOCK,28.11
2022-02-17,JPM,1,0.548167,0.57,0,SHOCK,28.11
2022-02-17,MSFT,1,0.580476,0.57,1,SHOCK,28.11
2022-02-17,NVDA,1,0.612566,0.57,0,SHOCK,28.11
2022-02-17,TSLA,1,0.678253,0.57,0,SHOCK,28.11
2022-02-18,AAPL,1,0.531378,0.57,0,SHOCK,27.75
2022-02-18,JPM,1,0.535511,0.57,0,SHOCK,27.75
2022-02-18,MSFT,1,0.576832,0.57,1,SHOCK,27.75
2022-02-18,NVDA,1,0.607591,0.57,1,SHOCK,27.75
2022-02-18,TSLA,1,0.67055,0.57,1,SHOCK,27.75
2022-02-22,AAPL,1,0.527021,0.57,0,SHOCK,28.81
2022-02-22,JPM,1,0.521933,0.57,0,SHOCK,28.81
2022-02-22,MSFT,1,0.571882,0.57,1,SHOCK,28.81
2022-02-22,NVDA,1,0.603523,0.57,1,SHOCK,28.81
2022-02-22,TSLA,1,0.667538,0.57,1,SHOCK,28.81
2022-02-23,AAPL,1,0.519878,0.57,1,SHOCK,31.02
2022-02-23,JPM,1,0.504847,0.57,0,SHOCK,31.02
2022-02-23,MSFT,1,0.564264,0.57,1,SHOCK,31.02
2022-02-23,NVDA,1,0.605543,0.57,1,SHOCK,31.02
2022-02-23,TSLA,1,0.669634,0.57,1,SHOCK,31.02
2022-02-24,AAPL,1,0.509203,0.57,1,SHOCK,30.32
2022-02-24,JPM,1,0.489323,0.57,0,SHOCK,30.32
2022-02-24,MSFT,1,0.548487,0.57,1,SHOCK,30.32
2022-02-24,NVDA,1,0.591711,0.57,0,SHOCK,30.32
2022-02-24,TSLA,1,0.665062,0.57,1,SHOCK,30.32
2022-02-25,AAPL,1,0.508261,0.57,0,SHOCK,27.59
2022-02-25,JPM,1,0.480393,0.57,0,SHOCK,27.59
2022-02-25,MSFT,1,0.540747,0.57,0,SHOCK,27.59
2022-02-25,NVDA,1,0.58833,0.57,0,SHOCK,27.59
2022-02-25,TSLA,1,0.663981,0.57,1,SHOCK,27.59
2022-02-28,AAPL,1,0.508469,0.57,0,SHOCK,30.15
2022-02-28,JPM,1,0.47869,0.57,0,SHOCK,30.15
2022-02-28,MSFT,1,0.532571,0.57,0,SHOCK,30.15
2022-02-28,NVDA,1,0.586638,0.57,0,SHOCK,30.15
2022-02-28,TSLA,1,0.654955,0.57,0,SHOCK,30.15
2022-03-01,AAPL,1,0.50917,0.57,0,SHOCK,33.32
2022-03-01,JPM,1,0.477397,0.57,0,SHOCK,33.32
2022-03-01,MSFT,1,0.523807,0.57,0,SHOCK,33.32
2022-03-01,NVDA,1,0.5915,0.57,0,SHOCK,33.32
2022-03-01,TSLA,1,0.652862,0.57,0,SHOCK,33.32
2022-03-02,AAPL,1,0.515271,0.57,0,SHOCK,30.74
2022-03-02,JPM,1,0.499472,0.57,0,SHOCK,30.74
2022-03-02,MSFT,1,0.519532,0.57,0,SHOCK,30.74
2022-03-02,NVDA,1,0.588349,0.57,0,SHOCK,30.74
2022-03-02,TSLA,1,0.646536,0.57,0,SHOCK,30.74
2022-03-03,AAPL,1,0.522639,0.57,0,SHOCK,30.48
2022-03-03,JPM,1,0.52943,0.57,0,SHOCK,30.48
2022-03-03,MSFT,1,0.521602,0.57,0,SHOCK,30.48
2022-03-03,NVDA,1,0.593374,0.57,0,SHOCK,30.48
2022-03-03,TSLA,1,0.645371,0.57,0,SHOCK,30.48
2022-03-04,AAPL,1,0.527512,0.57,0,SHOCK,31.98
2022-03-04,JPM,1,0.562306,0.57,0,SHOCK,31.98
2022-03-04,MSFT,1,0.522398,0.57,0,SHOCK,31.98
2022-03-04,NVDA,1,0.600153,0.57,0,SHOCK,31.98
2022-03-04,TSLA,1,0.638173,0.57,0,SHOCK,31.98
2022-03-07,AAPL,1,0.523226,0.57,0,SHOCK,36.45
2022-03-07,JPM,1,0.582793,0.57,1,SHOCK,36.45
2022-03-07,MSFT,1,0.517772,0.57,0,SHOCK,36.45
2022-03-07,NVDA,1,0.611242,0.57,0,SHOCK,36.45
2022-03-07,TSLA,1,0.635919,0.57,0,SHOCK,36.45
2022-03-08,AAPL,1,0.51654,0.57,0,SHOCK,35.13
2022-03-08,JPM,1,0.601582,0.57,1,SHOCK,35.13
2022-03-08,MSFT,1,0.511788,0.57,1,SHOCK,35.13
2022-03-08,NVDA,1,0.613574,0.57,1,SHOCK,35.13
2022-03-08,TSLA,1,0.626425,0.57,0,SHOCK,35.13
2022-03-09,AAPL,1,0.509904,0.57,0,SHOCK,32.45
2022-03-09,JPM,1,0.613351,0.57,1,SHOCK,32.45
2022-03-09,MSFT,1,0.506673,0.57,1,SHOCK,32.45
2022-03-09,NVDA,1,0.613477,0.57,1,SHOCK,32.45
2022-03-09,TSLA,1,0.619178,0.57,0,SHOCK,32.45
2022-03-10,AAPL,1,0.516808,0.57,1,SHOCK,30.23
2022-03-10,JPM,1,0.632398,0.57,1,SHOCK,30.23
2022-03-10,MSFT,1,0.513425,0.57,1,SHOCK,30.23
2022-03-10,NVDA,1,0.624308,0.57,1,SHOCK,30.23
2022-03-10,TSLA,1,0.617759,0.57,1,SHOCK,30.23
2022-03-11,AAPL,1,0.525928,0.57,1,SHOCK,30.75
2022-03-11,JPM,1,0.647219,0.57,1,SHOCK,30.75
2022-03-11,MSFT,1,0.522404,0.57,1,SHOCK,30.75
2022-03-11,NVDA,1,0.632276,0.57,1,SHOCK,30.75
2022-03-11,TSLA,1,0.621777,0.57,1,SHOCK,30.75
2022-03-14,AAPL,1,0.541049,0.57,1,SHOCK,31.77
2022-03-14,JPM,1,0.65859,0.57,1,SHOCK,31.77
2022-03-14,MSFT,1,0.530756,0.57,1,SHOCK,31.77
2022-03-14,NVDA,1,0.639938,0.57,1,SHOCK,31.77
2022-03-14,TSLA,1,0.624153,0.57,1,SHOCK,31.77
2022-03-15,AAPL,1,0.556513,0.57,1,SHOCK,29.83
2022-03-15,JPM,1,0.671272,0.57,1,SHOCK,29.83
2022-03-15,MSFT,1,0.534998,0.57,1,SHOCK,29.83
2022-03-15,NVDA,1,0.636973,0.57,1,SHOCK,29.83
2022-03-15,TSLA,1,0.622879,0.57,1,SHOCK,29.83
2022-03-16,AAPL,1,0.576392,0.57,1,SHOCK,26.67
2022-03-16,JPM,1,0.680505,0.57,1,SHOCK,26.67
2022-03-16,MSFT,1,0.544783,0.57,1,SHOCK,26.67
2022-03-16,NVDA,1,0.635634,0.57,1,SHOCK,26.67
2022-03-16,TSLA,1,0.624356,0.57,1,SHOCK,26.67
2022-03-17,AAPL,1,0.601376,0.57,1,SHOCK,25.67
2022-03-17,JPM,1,0.689873,0.57,1,SHOCK,25.67
2022-03-17,MSFT,1,0.560246,0.57,1,SHOCK,25.67
2022-03-17,NVDA,1,0.633194,0.57,1,SHOCK,25.67
2022-03-17,TSLA,1,0.626405,0.57,1,SHOCK,25.67
2022-03-18,AAPL,1,0.623119,0.57,1,CALM,23.87
2022-03-18,JPM,1,0.693749,0.57,1,CALM,23.87
2022-03-18,MSFT,1,0.57607,0.57,1,CALM,23.87
2022-03-18,NVDA,1,0.625781,0.57,1,CALM,23.87
2022-03-18,TSLA,1,0.628573,0.57,1,CALM,23.87
2022-03-21,AAPL,1,0.637055,0.57,1,CALM,23.53
2022-03-21,JPM,1,0.696169,0.57,1,CALM,23.53
2022-03-21,MSFT,1,0.586161,0.57,1,CALM,23.53
2022-03-21,NVDA,1,0.619723,0.57,1,CALM,23.53
2022-03-21,TSLA,1,0.626816,0.57,1,CALM,23.53
2022-03-22,AAPL,1,0.641001,0.57,1,CALM,22.94
2022-03-22,JPM,1,0.693399,0.57,0,CALM,22.94
2022-03-22,MSFT,1,0.591913,0.57,1,CALM,22.94
2022-03-22,NVDA,1,0.615419,0.57,1,CALM,22.94
2022-03-22,TSLA,1,0.616896,0.57,1,CALM,22.94
2022-03-23,AAPL,1,0.63775,0.57,1,CALM,23.57
2022-03-23,JPM,1,0.688247,0.57,1,CALM,23.57
2022-03-23,MSFT,1,0.593206,0.57,1,CALM,23.57
2022-03-23,NVDA,1,0.61355,0.57,1,CALM,23.57
2022-03-23,TSLA,1,0.604275,0.57,1,CALM,23.57
2022-03-24,AAPL,1,0.630336,0.57,1,CALM,21.67
2022-03-24,JPM,1,0.680348,0.57,0,CALM,21.67
2022-03-24,MSFT,1,0.592999,0.57,1,CALM,21.67
2022-03-24,NVDA,1,0.606333,0.57,0,CALM,21.67
2022-03-24,TSLA,1,0.591335,0.57,1,CALM,21.67
2022-03-25,AAPL,1,0.61981,0.57,0,CALM,20.81
2022-03-25,JPM,1,0.669876,0.57,0,CALM,20.81
2022-03-25,MSFT,1,0.592243,0.57,1,CALM,20.81
2022-03-25,NVDA,1,0.600482,0.57,0,CALM,20.81
2022-03-25,TSLA,1,0.58004,0.57,1,CALM,20.81
2022-03-28,AAPL,1,0.613924,0.57,1,CALM,19.63
2022-03-28,JPM,1,0.659588,0.57,0,CALM,19.63
2022-03-28,MSFT,1,0.592386,0.57,1,CALM,19.63
2022-03-28,NVDA,1,0.595096,0.57,0,CALM,19.63
2022-03-28,TSLA,1,0.57342,0.57,1,CALM,19.63
2022-03-29,AAPL,1,0.615002,0.57,0,CALM,18.9
2022-03-29,JPM,1,0.650371,0.57,0,CALM,18.9
2022-03-29,MSFT,1,0.595465,0.57,0,CALM,18.9
2022-03-29,NVDA,1,0.585751,0.57,0,CALM,18.9
2022-03-29,TSLA,1,0.564741,0.57,0,CALM,18.9
2022-03-30,AAPL,1,0.614861,0.57,0,CALM,19.33
2022-03-30,JPM,1,0.642396,0.57,0,CALM,19.33
2022-03-30,MSFT,1,0.600666,0.57,0,CALM,19.33
2022-03-30,NVDA,1,0.580282,0.57,0,CALM,19.33
2022-03-30,TSLA,1,0.573297,0.57,0,CALM,19.33
2022-03-31,AAPL,1,0.613855,0.57,0,CALM,20.56
2022-03-31,JPM,1,0.638711,0.57,0,CALM,20.56
2022-03-31,MSFT,1,0.603061,0.57,0,CALM,20.56
2022-03-31,NVDA,1,0.578191,0.57,0,CALM,20.56
2022-03-31,TSLA,1,0.580096,0.57,0,CALM,20.56
2022-04-01,AAPL,1,0.613181,0.57,0,CALM,19.63
2022-04-01,JPM,1,0.638849,0.57,0,CALM,19.63
2022-04-01,MSFT,1,0.604921,0.57,0,CALM,19.63
2022-04-01,NVDA,1,0.574362,0.57,0,CALM,19.63
2022-04-01,TSLA,1,0.589561,0.57,0,CALM,19.63
2022-04-04,AAPL,1,0.614924,0.57,0,CALM,18.57
2022-04-04,JPM,1,0.642277,0.57,0,CALM,18.57
2022-04-04,MSFT,1,0.608845,0.57,0,CALM,18.57
2022-04-04,NVDA,1,0.575311,0.57,0,CALM,18.57
2022-04-04,TSLA,1,0.604554,0.57,0,CALM,18.57
2022-04-05,AAPL,1,0.61273,0.57,0,CALM,21.03
2022-04-05,JPM,1,0.643581,0.57,0,CALM,21.03
2022-04-05,MSFT,1,0.608465,0.57,0,CALM,21.03
2022-04-05,NVDA,1,0.572281,0.57,0,CALM,21.03
2022-04-05,TSLA,1,0.611512,0.57,0,CALM,21.03
2022-04-06,AAPL,1,0.609086,0.57,0,CALM,22.1
2022-04-06,JPM,1,0.642724,0.57,0,CALM,22.1
2022-04-06,MSFT,1,0.606938,0.57,0,CALM,22.1
2022-04-06,NVDA,1,0.565128,0.57,0,CALM,22.1
2022-04-06,TSLA,1,0.609018,0.57,0,CALM,22.1
2022-04-07,AAPL,1,0.604244,0.57,0,CALM,21.55
2022-04-07,JPM,1,0.642328,0.57,0,CALM,21.55
2022-04-07,MSFT,1,0.606031,0.57,0,CALM,21.55
2022-04-07,NVDA,1,0.572046,0.57,0,CALM,21.55
2022-04-07,TSLA,1,0.60447,0.57,0,CALM,21.55
2022-04-08,AAPL,1,0.597853,0.57,0,CALM,21.16
2022-04-08,JPM,1,0.63988,0.57,0,CALM,21.16
2022-04-08,MSFT,1,0.603475,0.57,0,CALM,21.16
2022-04-08,NVDA,1,0.590639,0.57,0,CALM,21.16
2022-04-08,TSLA,1,0.59324,0.57,0,CALM,21.16
2022-04-11,AAPL,1,0.587716,0.57,1,CALM,24.37
2022-04-11,JPM,1,0.629922,0.57,0,CALM,24.37
2022-04-11,MSFT,1,0.599118,0.57,1,CALM,24.37
2022-04-11,NVDA,1,0.605574,0.57,1,CALM,24.37
2022-04-11,TSLA,1,0.574655,0.57,1,CALM,24.37
2022-04-12,AAPL,1,0.579584,0.57,0,CALM,24.26
2022-04-12,JPM,1,0.620333,0.57,1,CALM,24.26
2022-04-12,MSFT,1,0.598349,0.57,1,CALM,24.26
2022-04-12,NVDA,1,0.617513,0.57,0,CALM,24.26
2022-04-12,TSLA,1,0.55739,0.57,0,CALM,24.26
2022-04-13,AAPL,1,0.576805,0.57,0,CALM,21.82
2022-04-13,JPM,1,0.611977,0.57,1,CALM,21.82
2022-04-13,MSFT,1,0.601657,0.57,0,CALM,21.82
2022-04-13,NVDA,1,0.630594,0.57,0,CALM,21.82
2022-04-13,TSLA,1,0.545654,0.57,0,CALM,21.82
2022-04-14,AAPL,1,0.572649,0.57,0,CALM,22.7
2022-04-14,JPM,1,0.605104,0.57,1,CALM,22.7
2022-04-14,MSFT,1,0.605925,0.57,0,CALM,22.7
2022-04-14,NVDA,1,0.642765,0.57,0,CALM,22.7
2022-04-14,TSLA,1,0.531663,0.57,1,CALM,22.7
2022-04-18,AAPL,1,0.5703,0.57,0,CALM,22.17
2022-04-18,JPM,1,0.603988,0.57,0,CALM,22.17
2022-04-18,MSFT,1,0.611449,0.57,1,CALM,22.17
2022-04-18,NVDA,1,0.65422,0.57,0,CALM,22.17
2022-04-18,TSLA,1,0.533019,0.57,0,CALM,22.17
2022-04-19,AAPL,1,0.575608,0.57,0,CALM,21.37
2022-04-19,JPM,1,0.610383,0.57,0,CALM,21.37
2022-04-19,MSFT,1,0.620229,0.57,0,CALM,21.37
2022-04-19,NVDA,1,0.667199,0.57,0,CALM,21.37
2022-04-19,TSLA,1,0.545197,0.57,0,CALM,21.37
2022-04-20,AAPL,1,0.58451,0.57,0,CALM,20.32
2022-04-20,JPM,1,0.618274,0.57,0,CALM,20.32
2022-04-20,MSFT,1,0.627711,0.57,0,CALM,20.32
2022-04-20,NVDA,1,0.680383,0.57,0,CALM,20.32
2022-04-20,TSLA,1,0.56299,0.57,0,CALM,20.32
2022-04-21,AAPL,1,0.59188,0.57,0,CALM,22.68
2022-04-21,JPM,1,0.62121,0.57,0,CALM,22.68
2022-04-21,MSFT,1,0.634471,0.57,1,CALM,22.68
2022-04-21,NVDA,1,0.689169,0.57,0,CALM,22.68
2022-04-21,TSLA,1,0.574413,0.57,0,CALM,22.68
2022-04-22,AAPL,1,0.596293,0.57,0,SHOCK,28.21
2022-04-22,JPM,1,0.619819,0.57,0,SHOCK,28.21
2022-04-22,MSFT,1,0.64251,0.57,1,SHOCK,28.21
2022-04-22,NVDA,1,0.694256,0.57,0,SHOCK,28.21
2022-04-22,TSLA,1,0.579541,0.57,0,SHOCK,28.21
2022-04-25,AAPL,1,0.597049,0.57,0,SHOCK,27.02
2022-04-25,JPM,1,0.613315,0.57,0,SHOCK,27.02
2022-04-25,MSFT,1,0.64154,0.57,1,SHOCK,27.02
2022-04-25,NVDA,1,0.699546,0.57,0,SHOCK,27.02
2022-04-25,TSLA,1,0.583063,0.57,0,SHOCK,27.02
2022-04-26,AAPL,1,0.579402,0.57,1,SHOCK,33.52
2022-04-26,JPM,1,0.593525,0.57,1,SHOCK,33.52
2022-04-26,MSFT,1,0.627128,0.57,1,SHOCK,33.52
2022-04-26,NVDA,1,0.70016,0.57,1,SHOCK,33.52
2022-04-26,TSLA,1,0.587226,0.57,1,SHOCK,33.52
2022-04-27,AAPL,1,0.5601,0.57,1,SHOCK,31.6
2022-04-27,JPM,1,0.572895,0.57,1,SHOCK,31.6
2022-04-27,MSFT,1,0.603167,0.57,1,SHOCK,31.6
2022-04-27,NVDA,1,0.704449,0.57,1,SHOCK,31.6
2022-04-27,TSLA,1,0.591133,0.57,1,SHOCK,31.6
2022-04-28,AAPL,1,0.537598,0.57,0,SHOCK,29.99
2022-04-28,JPM,1,0.556287,0.57,1,SHOCK,29.99
2022-04-28,MSFT,1,0.585436,0.57,0,SHOCK,29.99
2022-04-28,NVDA,1,0.703794,0.57,0,SHOCK,29.99
2022-04-28,TSLA,1,0.597,0.57,0,SHOCK,29.99
2022-04-29,AAPL,1,0.523527,0.57,0,SHOCK,33.4
2022-04-29,JPM,1,0.548822,0.57,1,SHOCK,33.4
2022-04-29,MSFT,1,0.569317,0.57,0,SHOCK,33.4
2022-04-29,NVDA,1,0.704408,0.57,1,SHOCK,33.4
2022-04-29,TSLA,1,0.607001,0.57,0,SHOCK,33.4
2022-05-02,AAPL,1,0.509884,0.57,0,SHOCK,32.34
2022-05-02,JPM,1,0.538643,0.57,1,SHOCK,32.34
2022-05-02,MSFT,1,0.548724,0.57,0,SHOCK,32.34
2022-05-02,NVDA,1,0.703741,0.57,0,SHOCK,32.34
2022-05-02,TSLA,1,0.615028,0.57,0,SHOCK,32.34
2022-05-03,AAPL,1,0.509764,0.57,0,SHOCK,29.25
2022-05-03,JPM,1,0.541248,0.57,0,SHOCK,29.25
2022-05-03,MSFT,1,0.544755,0.57,0,SHOCK,29.25
2022-05-03,NVDA,1,0.708863,0.57,0,SHOCK,29.25
2022-05-03,TSLA,1,0.629096,0.57,0,SHOCK,29.25
2022-05-04,AAPL,1,0.51848,0.57,0,SHOCK,25.42
2022-05-04,JPM,1,0.553057,0.57,0,SHOCK,25.42
2022-05-04,MSFT,1,0.548963,0.57,0,SHOCK,25.42
2022-05-04,NVDA,1,0.714769,0.57,0,SHOCK,25.42
2022-05-04,TSLA,1,0.642594,0.57,0,SHOCK,25.42
2022-05-05,AAPL,1,0.532604,0.57,0,SHOCK,31.2
2022-05-05,JPM,1,0.561314,0.57,0,SHOCK,31.2
2022-05-05,MSFT,1,0.555653,0.57,0,SHOCK,31.2
2022-05-05,NVDA,1,0.720404,0.57,0,SHOCK,31.2
2022-05-05,TSLA,1,0.656687,0.57,0,SHOCK,31.2
2022-05-06,AAPL,1,0.542272,0.57,0,SHOCK,30.19
2022-05-06,JPM,1,0.568275,0.57,0,SHOCK,30.19
2022-05-06,MSFT,1,0.561641,0.57,0,SHOCK,30.19
2022-05-06,NVDA,1,0.724543,0.57,0,SHOCK,30.19
2022-05-06,TSLA,1,0.667461,0.57,0,SHOCK,30.19
2022-05-09,AAPL,1,0.5469,0.57,0,SHOCK,34.75
2022-05-09,JPM,1,0.563615,0.57,0,SHOCK,34.75
2022-05-09,MSFT,1,0.5633,0.57,0,SHOCK,34.75
2022-05-09,NVDA,1,0.726175,0.57,1,SHOCK,34.75
2022-05-09,TSLA,1,0.67762,0.57,0,SHOCK,34.75
2022-05-10,AAPL,1,0.5441,0.57,0,SHOCK,32.99
2022-05-10,JPM,1,0.559126,0.57,1,SHOCK,32.99
2022-05-10,MSFT,1,0.555552,0.57,0,SHOCK,32.99
2022-05-10,NVDA,1,0.719119,0.57,1,SHOCK,32.99
2022-05-10,TSLA,1,0.679714,0.57,0,SHOCK,32.99
2022-05-11,AAPL,1,0.54871,0.57,0,SHOCK,32.56
2022-05-11,JPM,1,0.545378,0.57,1,SHOCK,32.56
2022-05-11,MSFT,1,0.551021,0.57,0,SHOCK,32.56
2022-05-11,NVDA,1,0.716505,0.57,1,SHOCK,32.56
2022-05-11,TSLA,1,0.685451,0.57,0,SHOCK,32.56
2022-05-12,AAPL,1,0.553759,0.57,0,SHOCK,31.77
2022-05-12,JPM,1,0.534308,0.57,1,SHOCK,31.77
2022-05-12,MSFT,1,0.548946,0.57,0,SHOCK,31.77
2022-05-12,NVDA,1,0.711567,0.57,1,SHOCK,31.77
2022-05-12,TSLA,1,0.681696,0.57,0,SHOCK,31.77
2022-05-13,AAPL,1,0.55803,0.57,0,SHOCK,28.87
2022-05-13,JPM,1,0.530814,0.57,0,SHOCK,28.87
2022-05-13,MSFT,1,0.548109,0.57,0,SHOCK,28.87
2022-05-13,NVDA,1,0.700442,0.57,0,SHOCK,28.87
2022-05-13,TSLA,1,0.67904,0.57,0,SHOCK,28.87
2022-05-16,AAPL,1,0.576242,0.57,0,SHOCK,27.47
2022-05-16,JPM,1,0.537191,0.57,1,SHOCK,27.47
2022-05-16,MSFT,1,0.556524,0.57,0,SHOCK,27.47
2022-05-16,NVDA,1,0.702358,0.57,0,SHOCK,27.47
2022-05-16,TSLA,1,0.688101,0.57,0,SHOCK,27.47
2022-05-17,AAPL,1,0.592185,0.57,0,SHOCK,26.1
2022-05-17,JPM,1,0.539858,0.57,1,SHOCK,26.1
2022-05-17,MSFT,1,0.56627,0.57,0,SHOCK,26.1
2022-05-17,NVDA,1,0.69644,0.57,0,SHOCK,26.1
2022-05-17,TSLA,1,0.690961,0.57,0,SHOCK,26.1
2022-05-18,AAPL,1,0.613941,0.57,0,SHOCK,30.96
2022-05-18,JPM,1,0.542781,0.57,1,SHOCK,30.96
2022-05-18,MSFT,1,0.58302,0.57,1,SHOCK,30.96
2022-05-18,NVDA,1,0.696949,0.57,1,SHOCK,30.96
2022-05-18,TSLA,1,0.698426,0.57,0,SHOCK,30.96
2022-05-19,AAPL,1,0.632315,0.57,1,SHOCK,29.35
2022-05-19,JPM,1,0.547811,0.57,1,SHOCK,29.35
2022-05-19,MSFT,1,0.596151,0.57,1,SHOCK,29.35
2022-05-19,NVDA,1,0.689176,0.57,1,SHOCK,29.35
2022-05-19,TSLA,1,0.702794,0.57,0,SHOCK,29.35
2022-05-20,AAPL,1,0.643001,0.57,1,SHOCK,29.43
2022-05-20,JPM,1,0.546835,0.57,1,SHOCK,29.43
2022-05-20,MSFT,1,0.602781,0.57,1,SHOCK,29.43
2022-05-20,NVDA,1,0.684123,0.57,1,SHOCK,29.43
2022-05-20,TSLA,1,0.704677,0.57,1,SHOCK,29.43
2022-05-23,AAPL,1,0.651428,0.57,1,SHOCK,28.48
2022-05-23,JPM,1,0.53764,0.57,1,SHOCK,28.48
2022-05-23,MSFT,1,0.60752,0.57,1,SHOCK,28.48
2022-05-23,NVDA,1,0.678485,0.57,1,SHOCK,28.48
2022-05-23,TSLA,1,0.707728,0.57,1,SHOCK,28.48
2022-05-24,AAPL,1,0.659555,0.57,1,SHOCK,29.45
2022-05-24,JPM,1,0.5261,0.57,1,SHOCK,29.45
2022-05-24,MSFT,1,0.609255,0.57,1,SHOCK,29.45
2022-05-24,NVDA,1,0.677454,0.57,1,SHOCK,29.45
2022-05-24,TSLA,1,0.712865,0.57,1,SHOCK,29.45
2022-05-25,AAPL,1,0.669201,0.57,1,SHOCK,28.37
2022-05-25,JPM,1,0.51954,0.57,1,SHOCK,28.37
2022-05-25,MSFT,1,0.61281,0.57,1,SHOCK,28.37
2022-05-25,NVDA,1,0.667709,0.57,1,SHOCK,28.37
2022-05-25,TSLA,1,0.713536,0.57,1,SHOCK,28.37
2022-05-26,AAPL,1,0.678464,0.57,1,SHOCK,27.5
2022-05-26,JPM,1,0.518569,0.57,1,SHOCK,27.5
2022-05-26,MSFT,1,0.618426,0.57,1,SHOCK,27.5
2022-05-26,NVDA,1,0.661435,0.57,1,SHOCK,27.5
2022-05-26,TSLA,1,0.716224,0.57,0,SHOCK,27.5
2022-05-27,AAPL,1,0.68703,0.57,0,SHOCK,25.72
2022-05-27,JPM,1,0.522955,0.57,0,SHOCK,25.72
2022-05-27,MSFT,1,0.621879,0.57,0,SHOCK,25.72
2022-05-27,NVDA,1,0.657479,0.57,0,SHOCK,25.72
2022-05-27,TSLA,1,0.721976,0.57,0,SHOCK,25.72
2022-05-31,AAPL,1,0.690008,0.57,0,SHOCK,26.19
2022-05-31,JPM,1,0.529672,0.57,0,SHOCK,26.19
2022-05-31,MSFT,1,0.623949,0.57,1,SHOCK,26.19
2022-05-31,NVDA,1,0.657659,0.57,1,SHOCK,26.19
2022-05-31,TSLA,1,0.723707,0.57,0,SHOCK,26.19
2022-06-01,AAPL,1,0.689884,0.57,0,SHOCK,25.69
2022-06-01,JPM,1,0.539542,0.57,0,SHOCK,25.69
2022-06-01,MSFT,1,0.624157,0.57,0,SHOCK,25.69
2022-06-01,NVDA,1,0.656774,0.57,1,SHOCK,25.69
2022-06-01,TSLA,1,0.72211,0.57,0,SHOCK,25.69
2022-06-02,AAPL,1,0.685725,0.57,0,CALM,24.72
2022-06-02,JPM,1,0.544851,0.57,0,CALM,24.72
2022-06-02,MSFT,1,0.62275,0.57,0,CALM,24.72
2022-06-02,NVDA,1,0.648351,0.57,0,CALM,24.72
2022-06-02,TSLA,1,0.716081,0.57,0,CALM,24.72
2022-06-03,AAPL,1,0.68134,0.57,0,CALM,24.79
2022-06-03,JPM,1,0.542108,0.57,0,CALM,24.79
2022-06-03,MSFT,1,0.61731,0.57,0,CALM,24.79
2022-06-03,NVDA,1,0.646963,0.57,0,CALM,24.79
2022-06-03,TSLA,1,0.71959,0.57,0,CALM,24.79
2022-06-06,AAPL,1,0.672993,0.57,0,SHOCK,25.07
2022-06-06,JPM,1,0.53767,0.57,0,SHOCK,25.07
2022-06-06,MSFT,1,0.608144,0.57,0,SHOCK,25.07
2022-06-06,NVDA,1,0.639268,0.57,0,SHOCK,25.07
2022-06-06,TSLA,1,0.71863,0.57,0,SHOCK,25.07
2022-06-07,AAPL,1,0.660664,0.57,0,CALM,24.02
2022-06-07,JPM,1,0.532216,0.57,0,CALM,24.02
2022-06-07,MSFT,1,0.595298,0.57,0,CALM,24.02
2022-06-07,NVDA,1,0.626974,0.57,0,CALM,24.02
2022-06-07,TSLA,1,0.716773,0.57,0,CALM,24.02
2022-06-08,AAPL,1,0.647164,0.57,0,CALM,23.96
2022-06-08,JPM,1,0.52655,0.57,0,CALM,23.96
2022-06-08,MSFT,1,0.586281,0.57,0,CALM,23.96
2022-06-08,NVDA,1,0.61551,0.57,0,CALM,23.96
2022-06-08,TSLA,1,0.712852,0.57,0,CALM,23.96
2022-06-09,AAPL,1,0.635152,0.57,0,SHOCK,26.09
2022-06-09,JPM,1,0.522617,0.57,0,SHOCK,26.09
2022-06-09,MSFT,1,0.5774,0.57,0,SHOCK,26.09
2022-06-09,NVDA,1,0.608326,0.57,0,SHOCK,26.09
2022-06-09,TSLA,1,0.705803,0.57,0,SHOCK,26.09
2022-06-10,AAPL,1,0.626263,0.57,0,SHOCK,27.75
2022-06-10,JPM,1,0.52504,0.57,0,SHOCK,27.75
2022-06-10,MSFT,1,0.57226,0.57,0,SHOCK,27.75
2022-06-10,NVDA,1,0.603408,0.57,0,SHOCK,27.75
2022-06-10,TSLA,1,0.695254,0.57,0,SHOCK,27.75
2022-06-13,AAPL,1,0.618534,0.57,1,SHOCK,34.02
2022-06-13,JPM,1,0.524101,0.57,0,SHOCK,34.02
2022-06-13,MSFT,1,0.562782,0.57,1,SHOCK,34.02
2022-06-13,NVDA,1,0.596222,0.57,1,SHOCK,34.02
2022-06-13,TSLA,1,0.684558,0.57,1,SHOCK,34.02
2022-06-14,AAPL,1,0.611391,0.57,1,SHOCK,32.69
2022-06-14,JPM,1,0.525762,0.57,1,SHOCK,32.69
2022-06-14,MSFT,1,0.550994,0.57,1,SHOCK,32.69
2022-06-14,NVDA,1,0.591888,0.57,1,SHOCK,32.69
2022-06-14,TSLA,1,0.666927,0.57,1,SHOCK,32.69
2022-06-15,AAPL,1,0.606747,0.57,1,SHOCK,29.62
2022-06-15,JPM,1,0.538786,0.57,0,SHOCK,29.62
2022-06-15,MSFT,1,0.54294,0.57,1,SHOCK,29.62
2022-06-15,NVDA,1,0.597175,0.57,0,SHOCK,29.62
2022-06-15,TSLA,1,0.64672,0.57,1,SHOCK,29.62
2022-06-16,AAPL,1,0.60691,0.57,1,SHOCK,32.95
2022-06-16,JPM,1,0.543882,0.57,1,SHOCK,32.95
2022-06-16,MSFT,1,0.537966,0.57,1,SHOCK,32.95
2022-06-16,NVDA,1,0.60774,0.57,1,SHOCK,32.95
2022-06-16,TSLA,1,0.644302,0.57,1,SHOCK,32.95
2022-06-17,AAPL,1,0.599476,0.57,1,SHOCK,31.13
2022-06-17,JPM,1,0.542333,0.57,1,SHOCK,31.13
2022-06-17,MSFT,1,0.527928,0.57,1,SHOCK,31.13
2022-06-17,NVDA,1,0.610938,0.57,1,SHOCK,31.13
2022-06-17,TSLA,1,0.635247,0.57,1,SHOCK,31.13
2022-06-21,AAPL,1,0.599666,0.57,1,SHOCK,30.19
2022-06-21,JPM,1,0.562756,0.57,0,SHOCK,30.19
2022-06-21,MSFT,1,0.531792,0.57,1,SHOCK,30.19
2022-06-21,NVDA,1,0.617616,0.57,0,SHOCK,30.19
2022-06-21,TSLA,1,0.617947,0.57,0,SHOCK,30.19
2022-06-22,AAPL,1,0.609169,0.57,1,SHOCK,28.95
2022-06-22,JPM,1,0.588813,0.57,1,SHOCK,28.95
2022-06-22,MSFT,1,0.545167,0.57,1,SHOCK,28.95
2022-06-22,NVDA,1,0.632411,0.57,0,SHOCK,28.95
2022-06-22,TSLA,1,0.616136,0.57,0,SHOCK,28.95
2022-06-23,AAPL,1,0.615105,0.57,0,SHOCK,29.05
2022-06-23,JPM,1,0.611351,0.57,0,SHOCK,29.05
2022-06-23,MSFT,1,0.555469,0.57,0,SHOCK,29.05
2022-06-23,NVDA,1,0.644948,0.57,0,SHOCK,29.05
2022-06-23,TSLA,1,0.615877,0.57,0,SHOCK,29.05
2022-06-24,AAPL,1,0.626755,0.57,0,SHOCK,27.23
2022-06-24,JPM,1,0.633828,0.57,0,SHOCK,27.23
2022-06-24,MSFT,1,0.573843,0.57,0,SHOCK,27.23
2022-06-24,NVDA,1,0.656541,0.57,0,SHOCK,27.23
2022-06-24,TSLA,1,0.612682,0.57,0,SHOCK,27.23
2022-06-27,AAPL,1,0.638175,0.57,0,SHOCK,26.95
2022-06-27,JPM,1,0.656439,0.57,0,SHOCK,26.95
2022-06-27,MSFT,1,0.591949,0.57,0,SHOCK,26.95
2022-06-27,NVDA,1,0.671258,0.57,0,SHOCK,26.95
2022-06-27,TSLA,1,0.616825,0.57,0,SHOCK,26.95
2022-06-28,AAPL,1,0.644739,0.57,1,SHOCK,28.36
2022-06-28,JPM,1,0.671644,0.57,0,SHOCK,28.36
2022-06-28,MSFT,1,0.604763,0.57,1,SHOCK,28.36
2022-06-28,NVDA,1,0.683543,0.57,0,SHOCK,28.36
2022-06-28,TSLA,1,0.628421,0.57,0,SHOCK,28.36
2022-06-29,AAPL,1,0.642656,0.57,1,SHOCK,28.16
2022-06-29,JPM,1,0.683273,0.57,1,SHOCK,28.16
2022-06-29,MSFT,1,0.608141,0.57,1,SHOCK,28.16
2022-06-29,NVDA,1,0.692401,0.57,1,SHOCK,28.16
2022-06-29,TSLA,1,0.635823,0.57,1,SHOCK,28.16
2022-06-30,AAPL,1,0.639968,0.57,1,SHOCK,28.71
2022-06-30,JPM,1,0.686127,0.57,1,SHOCK,28.71
2022-06-30,MSFT,1,0.605362,0.57,1,SHOCK,28.71
2022-06-30,NVDA,1,0.697622,0.57,1,SHOCK,28.71
2022-06-30,TSLA,1,0.639212,0.57,1,SHOCK,28.71
2022-07-01,AAPL,1,0.633406,0.57,1,SHOCK,26.7
2022-07-01,JPM,1,0.68677,0.57,0,SHOCK,26.7
2022-07-01,MSFT,1,0.599676,0.57,1,SHOCK,26.7
2022-07-01,NVDA,1,0.705291,0.57,1,SHOCK,26.7
2022-07-01,TSLA,1,0.639927,0.57,1,SHOCK,26.7
2022-07-05,AAPL,1,0.623485,0.57,1,SHOCK,27.54
2022-07-05,JPM,1,0.685724,0.57,1,SHOCK,27.54
2022-07-05,MSFT,1,0.591618,0.57,0,SHOCK,27.54
2022-07-05,NVDA,1,0.708732,0.57,1,SHOCK,27.54
2022-07-05,TSLA,1,0.636596,0.57,1,SHOCK,27.54
2022-07-06,AAPL,1,0.612175,0.57,1,SHOCK,26.73
2022-07-06,JPM,1,0.68582,0.57,1,SHOCK,26.73
2022-07-06,MSFT,1,0.581626,0.57,0,SHOCK,26.73
2022-07-06,NVDA,1,0.712802,0.57,1,SHOCK,26.73
2022-07-06,TSLA,1,0.633305,0.57,1,SHOCK,26.73
2022-07-07,AAPL,1,0.599742,0.57,1,SHOCK,26.08
2022-07-07,JPM,1,0.685082,0.57,0,SHOCK,26.08
2022-07-07,MSFT,1,0.574074,0.57,0,SHOCK,26.08
2022-07-07,NVDA,1,0.715701,0.57,0,SHOCK,26.08
2022-07-07,TSLA,1,0.623854,0.57,0,SHOCK,26.08
2022-07-08,AAPL,1,0.589025,0.57,1,CALM,24.64
2022-07-08,JPM,1,0.684221,0.57,0,CALM,24.64
2022-07-08,MSFT,1,0.569814,0.57,0,CALM,24.64
2022-07-08,NVDA,1,0.719599,0.57,0,CALM,24.64
2022-07-08,TSLA,1,0.616103,0.57,0,CALM,24.64
2022-07-11,AAPL,1,0.578328,0.57,1,SHOCK,26.17
2022-07-11,JPM,1,0.680436,0.57,0,SHOCK,26.17
2022-07-11,MSFT,1,0.564767,0.57,0,SHOCK,26.17
2022-07-11,NVDA,1,0.721877,0.57,1,SHOCK,26.17
2022-07-11,TSLA,1,0.613066,0.57,1,SHOCK,26.17
2022-07-12,AAPL,1,0.568597,0.57,1,SHOCK,27.29
2022-07-12,JPM,1,0.67262,0.57,1,SHOCK,27.29
2022-07-12,MSFT,1,0.562011,0.57,1,SHOCK,27.29
2022-07-12,NVDA,1,0.721291,0.57,1,SHOCK,27.29
2022-07-12,TSLA,1,0.606447,0.57,1,SHOCK,27.29
2022-07-13,AAPL,1,0.558941,0.57,1,SHOCK,26.82
2022-07-13,JPM,1,0.663933,0.57,1,SHOCK,26.82
2022-07-13,MSFT,1,0.559988,0.57,1,SHOCK,26.82
2022-07-13,NVDA,1,0.718445,0.57,1,SHOCK,26.82
2022-07-13,TSLA,1,0.598088,0.57,1,SHOCK,26.82
2022-07-14,AAPL,1,0.546231,0.57,1,SHOCK,26.4
2022-07-14,JPM,1,0.65814,0.57,1,SHOCK,26.4
2022-07-14,MSFT,1,0.558918,0.57,1,SHOCK,26.4
2022-07-14,NVDA,1,0.714355,0.57,1,SHOCK,26.4
2022-07-14,TSLA,1,0.590712,0.57,1,SHOCK,26.4
2022-07-15,AAPL,1,0.534652,0.57,1,CALM,24.23
2022-07-15,JPM,1,0.650602,0.57,1,CALM,24.23
2022-07-15,MSFT,1,0.561062,0.57,1,CALM,24.23
2022-07-15,NVDA,1,0.707385,0.57,1,CALM,24.23
2022-07-15,TSLA,1,0.586348,0.57,1,CALM,24.23
2022-07-18,AAPL,1,0.525016,0.57,1,SHOCK,25.3
2022-07-18,JPM,1,0.645976,0.57,1,SHOCK,25.3
2022-07-18,MSFT,1,0.567707,0.57,1,SHOCK,25.3
2022-07-18,NVDA,1,0.694253,0.57,1,SHOCK,25.3
2022-07-18,TSLA,1,0.579687,0.57,1,SHOCK,25.3
2022-07-19,AAPL,1,0.520628,0.57,1,CALM,24.5
2022-07-19,JPM,1,0.641034,0.57,0,CALM,24.5
2022-07-19,MSFT,1,0.573311,0.57,0,CALM,24.5
2022-07-19,NVDA,1,0.676023,0.57,0,CALM,24.5
2022-07-19,TSLA,1,0.572774,0.57,1,CALM,24.5
2022-07-20,AAPL,1,0.518938,0.57,1,CALM,23.88
2022-07-20,JPM,1,0.636909,0.57,1,CALM,23.88
2022-07-20,MSFT,1,0.578682,0.57,1,CALM,23.88
2022-07-20,NVDA,1,0.656373,0.57,0,CALM,23.88
2022-07-20,TSLA,1,0.567663,0.57,1,CALM,23.88
2022-07-21,AAPL,1,0.520643,0.57,1,CALM,23.11
2022-07-21,JPM,1,0.631933,0.57,0,CALM,23.11
2022-07-21,MSFT,1,0.585175,0.57,1,CALM,23.11
2022-07-21,NVDA,1,0.635737,0.57,0,CALM,23.11
2022-07-21,TSLA,1,0.560957,0.57,1,CALM,23.11
2022-07-22,AAPL,1,0.528329,0.57,1,CALM,23.03
2022-07-22,JPM,1,0.627576,0.57,1,CALM,23.03
2022-07-22,MSFT,1,0.591399,0.57,1,CALM,23.03
2022-07-22,NVDA,1,0.619953,0.57,1,CALM,23.03
2022-07-22,TSLA,1,0.553022,0.57,1,CALM,23.03
2022-07-25,AAPL,1,0.538927,0.57,1,CALM,23.36
2022-07-25,JPM,1,0.621621,0.57,0,CALM,23.36
2022-07-25,MSFT,1,0.597225,0.57,1,CALM,23.36
2022-07-25,NVDA,1,0.60681,0.57,1,CALM,23.36
2022-07-25,TSLA,1,0.546146,0.57,1,CALM,23.36
2022-07-26,AAPL,1,0.546457,0.57,1,CALM,24.69
2022-07-26,JPM,1,0.61526,0.57,0,CALM,24.69
2022-07-26,MSFT,1,0.600866,0.57,1,CALM,24.69
2022-07-26,NVDA,1,0.598179,0.57,1,CALM,24.69
2022-07-26,TSLA,1,0.538364,0.57,1,CALM,24.69
2022-07-27,AAPL,1,0.558504,0.57,1,CALM,23.24
2022-07-27,JPM,1,0.608553,0.57,0,CALM,23.24
2022-07-27,MSFT,1,0.612444,0.57,1,CALM,23.24
2022-07-27,NVDA,1,0.591106,0.57,1,CALM,23.24
2022-07-27,TSLA,1,0.531979,0.57,1,CALM,23.24
2022-07-28,AAPL,1,0.572691,0.57,1,CALM,22.33
2022-07-28,JPM,1,0.603377,0.57,0,CALM,22.33
2022-07-28,MSFT,1,0.620772,0.57,1,CALM,22.33
2022-07-28,NVDA,1,0.582887,0.57,1,CALM,22.33
2022-07-28,TSLA,1,0.532028,0.57,1,CALM,22.33
2022-07-29,AAPL,1,0.589653,0.57,1,CALM,21.33
2022-07-29,JPM,1,0.600468,0.57,1,CALM,21.33
2022-07-29,MSFT,1,0.625206,0.57,1,CALM,21.33
2022-07-29,NVDA,1,0.573099,0.57,1,CALM,21.33
2022-07-29,TSLA,1,0.537615,0.57,0,CALM,21.33
2022-08-01,AAPL,1,0.603743,0.57,1,CALM,22.84
2022-08-01,JPM,1,0.598779,0.57,1,CALM,22.84
2022-08-01,MSFT,1,0.623625,0.57,1,CALM,22.84
2022-08-01,NVDA,1,0.561517,0.57,0,CALM,22.84
2022-08-01,TSLA,1,0.550301,0.57,0,CALM,22.84
2022-08-02,AAPL,1,0.612632,0.57,1,CALM,23.93
2022-08-02,JPM,1,0.598544,0.57,1,CALM,23.93
2022-08-02,MSFT,1,0.617965,0.57,1,CALM,23.93
2022-08-02,NVDA,1,0.549484,0.57,0,CALM,23.93
2022-08-02,TSLA,1,0.570962,0.57,0,CALM,23.93
2022-08-03,AAPL,1,0.626243,0.57,1,CALM,21.95
2022-08-03,JPM,1,0.604995,0.57,1,CALM,21.95
2022-08-03,MSFT,1,0.614992,0.57,1,CALM,21.95
2022-08-03,NVDA,1,0.539819,0.57,0,CALM,21.95
2022-08-03,TSLA,1,0.590362,0.57,0,CALM,21.95
2022-08-04,AAPL,1,0.637093,0.57,1,CALM,21.44
2022-08-04,JPM,1,0.614073,0.57,1,CALM,21.44
2022-08-04,MSFT,1,0.611537,0.57,1,CALM,21.44
2022-08-04,NVDA,1,0.532349,0.57,0,CALM,21.44
2022-08-04,TSLA,1,0.60599,0.57,0,CALM,21.44
2022-08-05,AAPL,1,0.646733,0.57,1,CALM,21.15
2022-08-05,JPM,1,0.623588,0.57,1,CALM,21.15
2022-08-05,MSFT,1,0.607207,0.57,1,CALM,21.15
2022-08-05,NVDA,1,0.535447,0.57,0,CALM,21.15
2022-08-05,TSLA,1,0.611787,0.57,1,CALM,21.15
2022-08-08,AAPL,1,0.653171,0.57,1,CALM,21.29
2022-08-08,JPM,1,0.626624,0.57,1,CALM,21.29
2022-08-08,MSFT,1,0.599762,0.57,1,CALM,21.29
2022-08-08,NVDA,1,0.538872,0.57,1,CALM,21.29
2022-08-08,TSLA,1,0.616045,0.57,1,CALM,21.29
2022-08-09,AAPL,1,0.656085,0.57,1,CALM,21.77
2022-08-09,JPM,1,0.625785,0.57,1,CALM,21.77
2022-08-09,MSFT,1,0.595661,0.57,1,CALM,21.77
2022-08-09,NVDA,1,0.533329,0.57,1,CALM,21.77
2022-08-09,TSLA,1,0.614887,0.57,1,CALM,21.77
2022-08-10,AAPL,1,0.664231,0.57,1,CALM,19.74
2022-08-10,JPM,1,0.625512,0.57,1,CALM,19.74
2022-08-10,MSFT,1,0.598142,0.57,1,CALM,19.74
2022-08-10,NVDA,1,0.532296,0.57,1,CALM,19.74
2022-08-10,TSLA,1,0.619629,0.57,1,CALM,19.74
2022-08-11,AAPL,1,0.6703,0.57,1,CALM,20.2
2022-08-11,JPM,1,0.622525,0.57,1,CALM,20.2
2022-08-11,MSFT,1,0.599049,0.57,1,CALM,20.2
2022-08-11,NVDA,1,0.541619,0.57,1,CALM,20.2
2022-08-11,TSLA,1,0.620022,0.57,1,CALM,20.2
2022-08-12,AAPL,1,0.678506,0.57,0,CALM,19.53
2022-08-12,JPM,1,0.619563,0.57,0,CALM,19.53
2022-08-12,MSFT,1,0.602963,0.57,0,CALM,19.53
2022-08-12,NVDA,1,0.560015,0.57,0,CALM,19.53
2022-08-12,TSLA,1,0.625643,0.57,0,CALM,19.53
2022-08-15,AAPL,1,0.686114,0.57,0,CALM,19.95
2022-08-15,JPM,1,0.614663,0.57,0,CALM,19.95
2022-08-15,MSFT,1,0.607244,0.57,0,CALM,19.95
2022-08-15,NVDA,1,0.575316,0.57,0,CALM,19.95
2022-08-15,TSLA,1,0.6354,0.57,0,CALM,19.95
2022-08-16,AAPL,1,0.692754,0.57,0,CALM,19.69
2022-08-16,JPM,1,0.612297,0.57,0,CALM,19.69
2022-08-16,MSFT,1,0.612512,0.57,0,CALM,19.69
2022-08-16,NVDA,1,0.585089,0.57,0,CALM,19.69
2022-08-16,TSLA,1,0.643332,0.57,0,CALM,19.69
2022-08-17,AAPL,1,0.698553,0.57,0,CALM,19.9
2022-08-17,JPM,1,0.610256,0.57,0,CALM,19.9
2022-08-17,MSFT,1,0.617778,0.57,0,CALM,19.9
2022-08-17,NVDA,1,0.589722,0.57,0,CALM,19.9
2022-08-17,TSLA,1,0.648543,0.57,0,CALM,19.9
2022-08-18,AAPL,1,0.703574,0.57,0,CALM,19.56
2022-08-18,JPM,1,0.608028,0.57,0,CALM,19.56
2022-08-18,MSFT,1,0.622583,0.57,0,CALM,19.56
2022-08-18,NVDA,1,0.593483,0.57,0,CALM,19.56
2022-08-18,TSLA,1,0.651069,0.57,0,CALM,19.56
2022-08-19,AAPL,1,0.705621,0.57,0,CALM,20.6
2022-08-19,JPM,1,0.604811,0.57,0,CALM,20.6
2022-08-19,MSFT,1,0.625589,0.57,0,CALM,20.6
2022-08-19,NVDA,1,0.591226,0.57,0,CALM,20.6
2022-08-19,TSLA,1,0.648917,0.57,0,CALM,20.6
2022-08-22,AAPL,1,0.701787,0.57,0,CALM,23.8
2022-08-22,JPM,1,0.596481,0.57,0,CALM,23.8
2022-08-22,MSFT,1,0.623197,0.57,0,CALM,23.8
2022-08-22,NVDA,1,0.588455,0.57,0,CALM,23.8
2022-08-22,TSLA,1,0.641768,0.57,0,CALM,23.8
2022-08-23,AAPL,1,0.695783,0.57,0,CALM,24.11
2022-08-23,JPM,1,0.587255,0.57,0,CALM,24.11
2022-08-23,MSFT,1,0.618996,0.57,0,CALM,24.11
2022-08-23,NVDA,1,0.590601,0.57,0,CALM,24.11
2022-08-23,TSLA,1,0.634402,0.57,0,CALM,24.11
2022-08-24,AAPL,1,0.691138,0.57,0,CALM,22.82
2022-08-24,JPM,1,0.580737,0.57,0,CALM,22.82
2022-08-24,MSFT,1,0.616705,0.57,0,CALM,22.82
2022-08-24,NVDA,1,0.59992,0.57,0,CALM,22.82
2022-08-24,TSLA,1,0.627638,0.57,0,CALM,22.82
2022-08-25,AAPL,1,0.688959,0.57,0,CALM,21.78
2022-08-25,JPM,1,0.578716,0.57,0,CALM,21.78
2022-08-25,MSFT,1,0.61987,0.57,0,CALM,21.78
2022-08-25,NVDA,1,0.605886,0.57,0,CALM,21.78
2022-08-25,TSLA,1,0.620222,0.57,0,CALM,21.78
2022-08-26,AAPL,1,0.685298,0.57,0,SHOCK,25.56
2022-08-26,JPM,1,0.573503,0.57,0,SHOCK,25.56
2022-08-26,MSFT,1,0.624495,0.57,0,SHOCK,25.56
2022-08-26,NVDA,1,0.616811,0.57,0,SHOCK,25.56
2022-08-26,TSLA,1,0.611171,0.57,0,SHOCK,25.56
2022-08-29,AAPL,1,0.679741,0.57,0,SHOCK,26.21
2022-08-29,JPM,1,0.566245,0.57,0,SHOCK,26.21
2022-08-29,MSFT,1,0.627438,0.57,0,SHOCK,26.21
2022-08-29,NVDA,1,0.624217,0.57,0,SHOCK,26.21
2022-08-29,TSLA,1,0.599821,0.57,0,SHOCK,26.21
2022-08-30,AAPL,1,0.672821,0.57,0,SHOCK,26.21
2022-08-30,JPM,1,0.555987,0.57,1,SHOCK,26.21
2022-08-30,MSFT,1,0.629373,0.57,0,SHOCK,26.21
2022-08-30,NVDA,1,0.631644,0.57,0,SHOCK,26.21
2022-08-30,TSLA,1,0.586584,0.57,1,SHOCK,26.21
2022-08-31,AAPL,1,0.665763,0.57,0,SHOCK,25.87
2022-08-31,JPM,1,0.543179,0.57,1,SHOCK,25.87
2022-08-31,MSFT,1,0.63108,0.57,0,SHOCK,25.87
2022-08-31,NVDA,1,0.640682,0.57,0,SHOCK,25.87
2022-08-31,TSLA,1,0.568852,0.57,1,SHOCK,25.87
2022-09-01,AAPL,1,0.653606,0.57,0,SHOCK,25.56
2022-09-01,JPM,1,0.530825,0.57,1,SHOCK,25.56
2022-09-01,MSFT,1,0.624681,0.57,1,SHOCK,25.56
2022-09-01,NVDA,1,0.650443,0.57,1,SHOCK,25.56
2022-09-01,TSLA,1,0.553132,0.57,1,SHOCK,25.56
2022-09-02,AAPL,2,0.593654,0.6,1,SHOCK,25.47
2022-09-02,JPM,2,0.580363,0.6,1,SHOCK,25.47
2022-09-02,MSFT,2,0.556239,0.6,1,SHOCK,25.47
2022-09-02,NVDA,2,0.613266,0.6,1,SHOCK,25.47
2022-09-02,TSLA,2,0.50684,0.6,1,SHOCK,25.47
2022-09-06,AAPL,2,0.606396,0.6,0,SHOCK,26.91
2022-09-06,JPM,2,0.591717,0.6,1,SHOCK,26.91
2022-09-06,MSFT,2,0.569671,0.6,0,SHOCK,26.91
2022-09-06,NVDA,2,0.625678,0.6,0,SHOCK,26.91
2022-09-06,TSLA,2,0.532957,0.6,1,SHOCK,26.91
2022-09-07,AAPL,2,0.61737,0.6,0,CALM,24.64
2022-09-07,JPM,2,0.604986,0.6,1,CALM,24.64
2022-09-07,MSFT,2,0.579403,0.6,0,CALM,24.64
2022-09-07,NVDA,2,0.630663,0.6,0,CALM,24.64
2022-09-07,TSLA,2,0.5577,0.6,1,CALM,24.64
2022-09-08,AAPL,2,0.625016,0.6,0,CALM,23.61
2022-09-08,JPM,2,0.619888,0.6,0,CALM,23.61
2022-09-08,MSFT,2,0.586751,0.6,0,CALM,23.61
2022-09-08,NVDA,2,0.628059,0.6,0,CALM,23.61
2022-09-08,TSLA,2,0.582764,0.6,1,CALM,23.61
2022-09-09,AAPL,2,0.631018,0.6,0,CALM,22.79
2022-09-09,JPM,2,0.634868,0.6,0,CALM,22.79
2022-09-09,MSFT,2,0.592101,0.6,0,CALM,22.79
2022-09-09,NVDA,2,0.613163,0.6,0,CALM,22.79
2022-09-09,TSLA,2,0.606845,0.6,1,CALM,22.79
2022-09-12,AAPL,2,0.637416,0.6,0,CALM,23.87
2022-09-12,JPM,2,0.646433,0.6,0,CALM,23.87
2022-09-12,MSFT,2,0.596263,0.6,0,CALM,23.87
2022-09-12,NVDA,2,0.589624,0.6,0,CALM,23.87
2022-09-12,TSLA,2,0.625473,0.6,1,CALM,23.87
2022-09-13,AAPL,2,0.642936,0.6,1,SHOCK,27.27
2022-09-13,JPM,2,0.655668,0.6,0,SHOCK,27.27
2022-09-13,MSFT,2,0.599121,0.6,0,SHOCK,27.27
2022-09-13,NVDA,2,0.588148,0.6,1,SHOCK,27.27
2022-09-13,TSLA,2,0.638979,0.6,1,SHOCK,27.27
2022-09-14,AAPL,2,0.64756,0.6,0,SHOCK,26.16
2022-09-14,JPM,2,0.65983,0.6,0,SHOCK,26.16
2022-09-14,MSFT,2,0.599711,0.6,0,SHOCK,26.16
2022-09-14,NVDA,2,0.58623,0.6,1,SHOCK,26.16
2022-09-14,TSLA,2,0.646543,0.6,0,SHOCK,26.16
2022-09-15,AAPL,2,0.648549,0.6,1,SHOCK,26.27
2022-09-15,JPM,2,0.661585,0.6,0,SHOCK,26.27
2022-09-15,MSFT,2,0.598695,0.6,0,SHOCK,26.27
2022-09-15,NVDA,2,0.585536,0.6,0,SHOCK,26.27
2022-09-15,TSLA,2,0.647358,0.6,0,SHOCK,26.27
2022-09-16,AAPL,2,0.648956,0.6,0,SHOCK,26.3
2022-09-16,JPM,2,0.664127,0.6,0,SHOCK,26.3
2022-09-16,MSFT,2,0.596631,0.6,0,SHOCK,26.3
2022-09-16,NVDA,2,0.577496,0.6,0,SHOCK,26.3
2022-09-16,TSLA,2,0.646858,0.6,0,SHOCK,26.3
2022-09-19,AAPL,2,0.647513,0.6,0,SHOCK,25.76
2022-09-19,JPM,2,0.663472,0.6,0,SHOCK,25.76
2022-09-19,MSFT,2,0.594498,0.6,0,SHOCK,25.76
2022-09-19,NVDA,2,0.563869,0.6,0,SHOCK,25.76
2022-09-19,TSLA,2,0.64112,0.6,0,SHOCK,25.76
2022-09-20,AAPL,2,0.643643,0.6,0,SHOCK,27.16
2022-09-20,JPM,2,0.665998,0.6,0,SHOCK,27.16
2022-09-20,MSFT,2,0.59259,0.6,0,SHOCK,27.16
2022-09-20,NVDA,2,0.548998,0.6,0,SHOCK,27.16
2022-09-20,TSLA,2,0.63388,0.6,0,SHOCK,27.16
2022-09-21,AAPL,2,0.643974,0.6,0,SHOCK,27.99
2022-09-21,JPM,2,0.670556,0.6,0,SHOCK,27.99
2022-09-21,MSFT,2,0.591166,0.6,1,SHOCK,27.99
2022-09-21,NVDA,2,0.534237,0.6,0,SHOCK,27.99
2022-09-21,TSLA,2,0.620912,0.6,0,SHOCK,27.99
2022-09-22,AAPL,2,0.644973,0.6,0,SHOCK,27.35
2022-09-22,JPM,2,0.673964,0.6,0,SHOCK,27.35
2022-09-22,MSFT,2,0.590004,0.6,0,SHOCK,27.35
2022-09-22,NVDA,2,0.535368,0.6,0,SHOCK,27.35
2022-09-22,TSLA,2,0.602199,0.6,0,SHOCK,27.35
2022-09-23,AAPL,2,0.647924,0.6,0,SHOCK,29.92
2022-09-23,JPM,2,0.677953,0.6,0,SHOCK,29.92
2022-09-23,MSFT,2,0.589923,0.6,0,SHOCK,29.92
2022-09-23,NVDA,2,0.53931,0.6,0,SHOCK,29.92
2022-09-23,TSLA,2,0.578947,0.6,0,SHOCK,29.92
2022-09-26,AAPL,2,0.650408,0.6,0,SHOCK,32.26
2022-09-26,JPM,2,0.67939,0.6,1,SHOCK,32.26
2022-09-26,MSFT,2,0.588713,0.6,1,SHOCK,32.26
2022-09-26,NVDA,2,0.548521,0.6,1,SHOCK,32.26
2022-09-26,TSLA,2,0.555375,0.6,0,SHOCK,32.26
2022-09-27,AAPL,2,0.652418,0.6,0,SHOCK,32.6
2022-09-27,JPM,2,0.677392,0.6,1,SHOCK,32.6
2022-09-27,MSFT,2,0.584604,0.6,1,SHOCK,32.6
2022-09-27,NVDA,2,0.554267,0.6,1,SHOCK,32.6
2022-09-27,TSLA,2,0.534685,0.6,0,SHOCK,32.6
2022-09-28,AAPL,2,0.656629,0.6,0,SHOCK,30.18
2022-09-28,JPM,2,0.673079,0.6,1,SHOCK,30.18
2022-09-28,MSFT,2,0.576713,0.6,1,SHOCK,30.18
2022-09-28,NVDA,2,0.555658,0.6,1,SHOCK,30.18
2022-09-28,TSLA,2,0.522792,0.6,0,SHOCK,30.18
2022-09-29,AAPL,2,0.662111,0.6,1,SHOCK,31.84
2022-09-29,JPM,2,0.669364,0.6,1,SHOCK,31.84
2022-09-29,MSFT,2,0.570734,0.6,1,SHOCK,31.84
2022-09-29,NVDA,2,0.568284,0.6,1,SHOCK,31.84
2022-09-29,TSLA,2,0.53117,0.6,0,SHOCK,31.84
2022-09-30,AAPL,2,0.664661,0.6,1,SHOCK,31.62
2022-09-30,JPM,2,0.664304,0.6,1,SHOCK,31.62
2022-09-30,MSFT,2,0.567476,0.6,1,SHOCK,31.62
2022-09-30,NVDA,2,0.583404,0.6,0,SHOCK,31.62
2022-09-30,TSLA,2,0.542129,0.6,0,SHOCK,31.62
2022-10-03,AAPL,2,0.66104,0.6,0,SHOCK,30.1
2022-10-03,JPM,2,0.655614,0.6,0,SHOCK,30.1
2022-10-03,MSFT,2,0.559755,0.6,0,SHOCK,30.1
2022-10-03,NVDA,2,0.591397,0.6,0,SHOCK,30.1
2022-10-03,TSLA,2,0.564844,0.6,0,SHOCK,30.1
2022-10-04,AAPL,2,0.655863,0.6,0,SHOCK,29.07
2022-10-04,JPM,2,0.644457,0.6,0,SHOCK,29.07
2022-10-04,MSFT,2,0.551404,0.6,0,SHOCK,29.07
2022-10-04,NVDA,2,0.588769,0.6,0,SHOCK,29.07
2022-10-04,TSLA,2,0.582908,0.6,0,SHOCK,29.07
2022-10-05,AAPL,2,0.652696,0.6,0,SHOCK,28.55
2022-10-05,JPM,2,0.63582,0.6,0,SHOCK,28.55
2022-10-05,MSFT,2,0.5494,0.6,0,SHOCK,28.55
2022-10-05,NVDA,2,0.589431,0.6,0,SHOCK,28.55
2022-10-05,TSLA,2,0.602421,0.6,0,SHOCK,28.55
2022-10-06,AAPL,2,0.653346,0.6,0,SHOCK,30.52
2022-10-06,JPM,2,0.632737,0.6,1,SHOCK,30.52
2022-10-06,MSFT,2,0.55274,0.6,0,SHOCK,30.52
2022-10-06,NVDA,2,0.591025,0.6,0,SHOCK,30.52
2022-10-06,TSLA,2,0.619237,0.6,0,SHOCK,30.52
2022-10-07,AAPL,2,0.660172,0.6,0,SHOCK,31.36
2022-10-07,JPM,2,0.631523,0.6,1,SHOCK,31.36
2022-10-07,MSFT,2,0.563081,0.6,0,SHOCK,31.36
2022-10-07,NVDA,2,0.611146,0.6,0,SHOCK,31.36
2022-10-07,TSLA,2,0.638471,0.6,0,SHOCK,31.36
2022-10-10,AAPL,2,0.6672,0.6,1,SHOCK,32.45
2022-10-10,JPM,2,0.633848,0.6,1,SHOCK,32.45
2022-10-10,MSFT,2,0.576998,0.6,1,SHOCK,32.45
2022-10-10,NVDA,2,0.627097,0.6,1,SHOCK,32.45
2022-10-10,TSLA,2,0.652651,0.6,0,SHOCK,32.45
2022-10-11,AAPL,2,0.673554,0.6,1,SHOCK,33.63
2022-10-11,JPM,2,0.640141,0.6,1,SHOCK,33.63
2022-10-11,MSFT,2,0.589339,0.6,1,SHOCK,33.63
2022-10-11,NVDA,2,0.639803,0.6,1,SHOCK,33.63
2022-10-11,TSLA,2,0.664345,0.6,1,SHOCK,33.63
2022-10-12,AAPL,2,0.679309,0.6,1,SHOCK,33.57
2022-10-12,JPM,2,0.6418,0.6,1,SHOCK,33.57
2022-10-12,MSFT,2,0.60318,0.6,1,SHOCK,33.57
2022-10-12,NVDA,2,0.651734,0.6,1,SHOCK,33.57
2022-10-12,TSLA,2,0.670896,0.6,1,SHOCK,33.57
2022-10-13,AAPL,2,0.677702,0.6,1,SHOCK,31.94
2022-10-13,JPM,2,0.634801,0.6,1,SHOCK,31.94
2022-10-13,MSFT,2,0.612783,0.6,1,SHOCK,31.94
2022-10-13,NVDA,2,0.653569,0.6,1,SHOCK,31.94
2022-10-13,TSLA,2,0.666463,0.6,0,SHOCK,31.94
2022-10-14,AAPL,2,0.681639,0.6,1,SHOCK,32.02
2022-10-14,JPM,2,0.630325,0.6,1,SHOCK,32.02
2022-10-14,MSFT,2,0.626544,0.6,1,SHOCK,32.02
2022-10-14,NVDA,2,0.669532,0.6,1,SHOCK,32.02
2022-10-14,TSLA,2,0.668674,0.6,1,SHOCK,32.02
2022-10-17,AAPL,2,0.682077,0.6,1,SHOCK,31.37
2022-10-17,JPM,2,0.622782,0.6,1,SHOCK,31.37
2022-10-17,MSFT,2,0.634912,0.6,1,SHOCK,31.37
2022-10-17,NVDA,2,0.666601,0.6,1,SHOCK,31.37
2022-10-17,TSLA,2,0.654747,0.6,0,SHOCK,31.37
2022-10-18,AAPL,2,0.681632,0.6,1,SHOCK,30.5
2022-10-18,JPM,2,0.613657,0.6,1,SHOCK,30.5
2022-10-18,MSFT,2,0.644582,0.6,1,SHOCK,30.5
2022-10-18,NVDA,2,0.66354,0.6,1,SHOCK,30.5
2022-10-18,TSLA,2,0.632695,0.6,1,SHOCK,30.5
2022-10-19,AAPL,2,0.681099,0.6,1,SHOCK,30.76
2022-10-19,JPM,2,0.604594,0.6,1,SHOCK,30.76
2022-10-19,MSFT,2,0.655369,0.6,0,SHOCK,30.76
2022-10-19,NVDA,2,0.659685,0.6,1,SHOCK,30.76
2022-10-19,TSLA,2,0.606728,0.6,1,SHOCK,30.76
2022-10-20,AAPL,2,0.681216,0.6,1,SHOCK,29.98
2022-10-20,JPM,2,0.595162,0.6,1,SHOCK,29.98
2022-10-20,MSFT,2,0.664131,0.6,0,SHOCK,29.98
2022-10-20,NVDA,2,0.655475,0.6,1,SHOCK,29.98
2022-10-20,TSLA,2,0.604067,0.6,1,SHOCK,29.98
2022-10-21,AAPL,2,0.677508,0.6,1,SHOCK,29.69
2022-10-21,JPM,2,0.587865,0.6,1,SHOCK,29.69
2022-10-21,MSFT,2,0.667832,0.6,0,SHOCK,29.69
2022-10-21,NVDA,2,0.644732,0.6,1,SHOCK,29.69
2022-10-21,TSLA,2,0.588636,0.6,1,SHOCK,29.69
2022-10-24,AAPL,2,0.670533,0.6,1,SHOCK,29.85
2022-10-24,JPM,2,0.573482,0.6,1,SHOCK,29.85
2022-10-24,MSFT,2,0.662256,0.6,0,SHOCK,29.85
2022-10-24,NVDA,2,0.634757,0.6,1,SHOCK,29.85
2022-10-24,TSLA,2,0.578852,0.6,1,SHOCK,29.85
2022-10-25,AAPL,2,0.656504,0.6,0,SHOCK,28.46
2022-10-25,JPM,2,0.561738,0.6,1,SHOCK,28.46
2022-10-25,MSFT,2,0.649319,0.6,0,SHOCK,28.46
2022-10-25,NVDA,2,0.614694,0.6,1,SHOCK,28.46
2022-10-25,TSLA,2,0.562017,0.6,1,SHOCK,28.46
2022-10-26,AAPL,2,0.64284,0.6,0,SHOCK,27.28
2022-10-26,JPM,2,0.547588,0.6,1,SHOCK,27.28
2022-10-26,MSFT,2,0.6538,0.6,0,SHOCK,27.28
2022-10-26,NVDA,2,0.606223,0.6,1,SHOCK,27.28
2022-10-26,TSLA,2,0.554216,0.6,0,SHOCK,27.28
2022-10-27,AAPL,2,0.636979,0.6,0,SHOCK,27.39
2022-10-27,JPM,2,0.532174,0.6,1,SHOCK,27.39
2022-10-27,MSFT,2,0.657342,0.6,0,SHOCK,27.39
2022-10-27,NVDA,2,0.593808,0.6,1,SHOCK,27.39
2022-10-27,TSLA,2,0.548668,0.6,0,SHOCK,27.39
2022-10-28,AAPL,2,0.619514,0.6,0,SHOCK,25.75
2022-10-28,JPM,2,0.51896,0.6,1,SHOCK,25.75
2022-10-28,MSFT,2,0.654403,0.6,0,SHOCK,25.75
2022-10-28,NVDA,2,0.574895,0.6,1,SHOCK,25.75
2022-10-28,TSLA,2,0.543533,0.6,0,SHOCK,25.75
2022-10-31,AAPL,2,0.607274,0.6,0,SHOCK,25.88
2022-10-31,JPM,2,0.511814,0.6,1,SHOCK,25.88
2022-10-31,MSFT,2,0.656398,0.6,0,SHOCK,25.88
2022-10-31,NVDA,2,0.56239,0.6,1,SHOCK,25.88
2022-10-31,TSLA,2,0.543843,0.6,0,SHOCK,25.88
2022-11-01,AAPL,2,0.599827,0.6,0,SHOCK,25.81
2022-11-01,JPM,2,0.506108,0.6,1,SHOCK,25.81
2022-11-01,MSFT,2,0.664917,0.6,1,SHOCK,25.81
2022-11-01,NVDA,2,0.552604,0.6,1,SHOCK,25.81
2022-11-01,TSLA,2,0.550807,0.6,0,SHOCK,25.81
2022-11-02,AAPL,2,0.601195,0.6,0,SHOCK,25.86
2022-11-02,JPM,2,0.500847,0.6,1,SHOCK,25.86
2022-11-02,MSFT,2,0.678492,0.6,1,SHOCK,25.86
2022-11-02,NVDA,2,0.54712,0.6,1,SHOCK,25.86
2022-11-02,TSLA,2,0.57324,0.6,0,SHOCK,25.86
2022-11-03,AAPL,2,0.613538,0.6,1,SHOCK,25.3
2022-11-03,JPM,2,0.494456,0.6,1,SHOCK,25.3
2022-11-03,MSFT,2,0.693275,0.6,1,SHOCK,25.3
2022-11-03,NVDA,2,0.543012,0.6,1,SHOCK,25.3
2022-11-03,TSLA,2,0.594787,0.6,0,SHOCK,25.3
2022-11-04,AAPL,2,0.629801,0.6,1,CALM,24.55
2022-11-04,JPM,2,0.485353,0.6,1,CALM,24.55
2022-11-04,MSFT,2,0.704197,0.6,1,CALM,24.55
2022-11-04,NVDA,2,0.537577,0.6,1,CALM,24.55
2022-11-04,TSLA,2,0.62232,0.6,0,CALM,24.55
2022-11-07,AAPL,2,0.644554,0.6,1,CALM,24.35
2022-11-07,JPM,2,0.47945,0.6,1,CALM,24.35
2022-11-07,MSFT,2,0.709546,0.6,1,CALM,24.35
2022-11-07,NVDA,2,0.534561,0.6,1,CALM,24.35
2022-11-07,TSLA,2,0.648353,0.6,0,CALM,24.35
2022-11-08,AAPL,2,0.660754,0.6,1,SHOCK,25.54
2022-11-08,JPM,2,0.475822,0.6,1,SHOCK,25.54
2022-11-08,MSFT,2,0.712833,0.6,1,SHOCK,25.54
2022-11-08,NVDA,2,0.531768,0.6,1,SHOCK,25.54
2022-11-08,TSLA,2,0.668493,0.6,1,SHOCK,25.54
2022-11-09,AAPL,2,0.678386,0.6,1,SHOCK,26.09
2022-11-09,JPM,2,0.474095,0.6,1,SHOCK,26.09
2022-11-09,MSFT,2,0.716773,0.6,1,SHOCK,26.09
2022-11-09,NVDA,2,0.533457,0.6,1,SHOCK,26.09
2022-11-09,TSLA,2,0.692621,0.6,1,SHOCK,26.09
2022-11-10,AAPL,2,0.68327,0.6,1,CALM,23.53
2022-11-10,JPM,2,0.478543,0.6,0,CALM,23.53
2022-11-10,MSFT,2,0.711528,0.6,0,CALM,23.53
2022-11-10,NVDA,2,0.524916,0.6,0,CALM,23.53
2022-11-10,TSLA,2,0.69614,0.6,0,CALM,23.53
2022-11-11,AAPL,2,0.684673,0.6,1,CALM,22.52
2022-11-11,JPM,2,0.482837,0.6,0,CALM,22.52
2022-11-11,MSFT,2,0.704148,0.6,0,CALM,22.52
2022-11-11,NVDA,2,0.51169,0.6,0,CALM,22.52
2022-11-11,TSLA,2,0.695706,0.6,0,CALM,22.52
2022-11-14,AAPL,2,0.683032,0.6,0,CALM,23.73
2022-11-14,JPM,2,0.489015,0.6,0,CALM,23.73
2022-11-14,MSFT,2,0.696552,0.6,1,CALM,23.73
2022-11-14,NVDA,2,0.507359,0.6,0,CALM,23.73
2022-11-14,TSLA,2,0.698735,0.6,0,CALM,23.73
2022-11-15,AAPL,2,0.674771,0.6,1,CALM,24.54
2022-11-15,JPM,2,0.500036,0.6,1,CALM,24.54
2022-11-15,MSFT,2,0.683525,0.6,1,CALM,24.54
2022-11-15,NVDA,2,0.512859,0.6,0,CALM,24.54
2022-11-15,TSLA,2,0.692621,0.6,0,CALM,24.54
2022-11-16,AAPL,2,0.658968,0.6,1,CALM,24.11
2022-11-16,JPM,2,0.513548,0.6,1,CALM,24.11
2022-11-16,MSFT,2,0.66162,0.6,1,CALM,24.11
2022-11-16,NVDA,2,0.516182,0.6,1,CALM,24.11
2022-11-16,TSLA,2,0.691444,0.6,0,CALM,24.11
2022-11-17,AAPL,2,0.638908,0.6,0,CALM,23.93
2022-11-17,JPM,2,0.52481,0.6,1,CALM,23.93
2022-11-17,MSFT,2,0.637771,0.6,1,CALM,23.93
2022-11-17,NVDA,2,0.512572,0.6,1,CALM,23.93
2022-11-17,TSLA,2,0.696027,0.6,0,CALM,23.93
2022-11-18,AAPL,2,0.618367,0.6,0,CALM,23.12
2022-11-18,JPM,2,0.536634,0.6,1,CALM,23.12
2022-11-18,MSFT,2,0.616495,0.6,1,CALM,23.12
2022-11-18,NVDA,2,0.503312,0.6,1,CALM,23.12
2022-11-18,TSLA,2,0.701396,0.6,1,CALM,23.12
2022-11-21,AAPL,2,0.603381,0.6,0,CALM,22.36
2022-11-21,JPM,2,0.55092,0.6,1,CALM,22.36
2022-11-21,MSFT,2,0.597705,0.6,0,CALM,22.36
2022-11-21,NVDA,2,0.49349,0.6,1,CALM,22.36
2022-11-21,TSLA,2,0.713049,0.6,1,CALM,22.36
2022-11-22,AAPL,2,0.589936,0.6,0,CALM,21.29
2022-11-22,JPM,2,0.569402,0.6,1,CALM,21.29
2022-11-22,MSFT,2,0.584483,0.6,1,CALM,21.29
2022-11-22,NVDA,2,0.488231,0.6,1,CALM,21.29
2022-11-22,TSLA,2,0.714444,0.6,1,CALM,21.29
2022-11-23,AAPL,2,0.580326,0.6,0,CALM,20.35
2022-11-23,JPM,2,0.591393,0.6,0,CALM,20.35
2022-11-23,MSFT,2,0.574708,0.6,1,CALM,20.35
2022-11-23,NVDA,2,0.488462,0.6,1,CALM,20.35
2022-11-23,TSLA,2,0.697071,0.6,1,CALM,20.35
2022-11-25,AAPL,2,0.577877,0.6,0,CALM,20.5
2022-11-25,JPM,2,0.608841,0.6,0,CALM,20.5
2022-11-25,MSFT,2,0.566406,0.6,1,CALM,20.5
2022-11-25,NVDA,2,0.483507,0.6,1,CALM,20.5
2022-11-25,TSLA,2,0.683375,0.6,1,CALM,20.5
2022-11-28,AAPL,2,0.582854,0.6,1,CALM,22.21
2022-11-28,JPM,2,0.627115,0.6,0,CALM,22.21
2022-11-28,MSFT,2,0.566585,0.6,1,CALM,22.21
2022-11-28,NVDA,2,0.47373,0.6,1,CALM,22.21
2022-11-28,TSLA,2,0.671908,0.6,0,CALM,22.21
2022-11-29,AAPL,2,0.591246,0.6,1,CALM,21.89
2022-11-29,JPM,2,0.64759,0.6,0,CALM,21.89
2022-11-29,MSFT,2,0.568574,0.6,1,CALM,21.89
2022-11-29,NVDA,2,0.463909,0.6,1,CALM,21.89
2022-11-29,TSLA,2,0.662896,0.6,0,CALM,21.89
2022-11-30,AAPL,2,0.597474,0.6,0,CALM,20.58
2022-11-30,JPM,2,0.671596,0.6,0,CALM,20.58
2022-11-30,MSFT,2,0.564527,0.6,0,CALM,20.58
2022-11-30,NVDA,2,0.463856,0.6,0,CALM,20.58
2022-11-30,TSLA,2,0.641738,0.6,0,CALM,20.58
2022-12-01,AAPL,2,0.604854,0.6,0,CALM,19.84
2022-12-01,JPM,2,0.688572,0.6,0,CALM,19.84
2022-12-01,MSFT,2,0.559404,0.6,0,CALM,19.84
2022-12-01,NVDA,2,0.46741,0.6,1,CALM,19.84
2022-12-01,TSLA,2,0.626649,0.6,0,CALM,19.84
2022-12-02,AAPL,2,0.610779,0.6,0,CALM,19.06
2022-12-02,JPM,2,0.69973,0.6,0,CALM,19.06
2022-12-02,MSFT,2,0.552181,0.6,0,CALM,19.06
2022-12-02,NVDA,2,0.47117,0.6,1,CALM,19.06
2022-12-02,TSLA,2,0.614656,0.6,0,CALM,19.06
2022-12-05,AAPL,2,0.616011,0.6,0,CALM,20.75
2022-12-05,JPM,2,0.70663,0.6,1,CALM,20.75
2022-12-05,MSFT,2,0.54507,0.6,1,CALM,20.75
2022-12-05,NVDA,2,0.471081,0.6,1,CALM,20.75
2022-12-05,TSLA,2,0.619958,0.6,0,CALM,20.75
2022-12-06,AAPL,2,0.623794,0.6,1,CALM,22.17
2022-12-06,JPM,2,0.715663,0.6,1,CALM,22.17
2022-12-06,MSFT,2,0.539478,0.6,1,CALM,22.17
2022-12-06,NVDA,2,0.465026,0.6,1,CALM,22.17
2022-12-06,TSLA,2,0.628183,0.6,0,CALM,22.17
2022-12-07,AAPL,2,0.635932,0.6,1,CALM,22.68
2022-12-07,JPM,2,0.724593,0.6,1,CALM,22.68
2022-12-07,MSFT,2,0.53843,0.6,1,CALM,22.68
2022-12-07,NVDA,2,0.457262,0.6,1,CALM,22.68
2022-12-07,TSLA,2,0.643858,0.6,0,CALM,22.68
2022-12-08,AAPL,2,0.648137,0.6,0,CALM,22.29
2022-12-08,JPM,2,0.733968,0.6,0,CALM,22.29
2022-12-08,MSFT,2,0.5417,0.6,1,CALM,22.29
2022-12-08,NVDA,2,0.456398,0.6,0,CALM,22.29
2022-12-08,TSLA,2,0.657163,0.6,0,CALM,22.29
2022-12-09,AAPL,2,0.661914,0.6,0,CALM,22.83
2022-12-09,JPM,2,0.742556,0.6,0,CALM,22.83
2022-12-09,MSFT,2,0.549389,0.6,0,CALM,22.83
2022-12-09,NVDA,2,0.457449,0.6,0,CALM,22.83
2022-12-09,TSLA,2,0.663205,0.6,0,CALM,22.83
2022-12-12,AAPL,2,0.674017,0.6,0,CALM,25.0
2022-12-12,JPM,2,0.754514,0.6,0,CALM,25.0
2022-12-12,MSFT,2,0.557477,0.6,0,CALM,25.0
2022-12-12,NVDA,2,0.4624,0.6,0,CALM,25.0
2022-12-12,TSLA,2,0.676396,0.6,0,CALM,25.0
2022-12-13,AAPL,2,0.685741,0.6,0,CALM,22.55
2022-12-13,JPM,2,0.762502,0.6,0,CALM,22.55
2022-12-13,MSFT,2,0.577596,0.6,0,CALM,22.55
2022-12-13,NVDA,2,0.486079,0.6,0,CALM,22.55
2022-12-13,TSLA,2,0.691298,0.6,0,CALM,22.55
2022-12-14,AAPL,2,0.6955,0.6,0,CALM,21.14
2022-12-14,JPM,2,0.767118,0.6,0,CALM,21.14
2022-12-14,MSFT,2,0.600128,0.6,0,CALM,21.14
2022-12-14,NVDA,2,0.525401,0.6,0,CALM,21.14
2022-12-14,TSLA,2,0.701731,0.6,0,CALM,21.14
2022-12-15,AAPL,2,0.703769,0.6,0,CALM,22.83
2022-12-15,JPM,2,0.769276,0.6,1,CALM,22.83
2022-12-15,MSFT,2,0.622366,0.6,0,CALM,22.83
2022-12-15,NVDA,2,0.552447,0.6,0,CALM,22.83
2022-12-15,TSLA,2,0.70738,0.6,0,CALM,22.83
2022-12-16,AAPL,2,0.708234,0.6,0,CALM,22.62
2022-12-16,JPM,2,0.769649,0.6,1,CALM,22.62
2022-12-16,MSFT,2,0.641727,0.6,0,CALM,22.62
2022-12-16,NVDA,2,0.563271,0.6,0,CALM,22.62
2022-12-16,TSLA,2,0.715608,0.6,0,CALM,22.62
2022-12-19,AAPL,2,0.706211,0.6,0,CALM,22.42
2022-12-19,JPM,2,0.76906,0.6,1,CALM,22.42
2022-12-19,MSFT,2,0.656402,0.6,0,CALM,22.42
2022-12-19,NVDA,2,0.565151,0.6,0,CALM,22.42
2022-12-19,TSLA,2,0.717132,0.6,0,CALM,22.42
2022-12-20,AAPL,2,0.702516,0.6,0,CALM,21.48
2022-12-20,JPM,2,0.766538,0.6,1,CALM,21.48
2022-12-20,MSFT,2,0.666097,0.6,0,CALM,21.48
2022-12-20,NVDA,2,0.565327,0.6,0,CALM,21.48
2022-12-20,TSLA,2,0.725021,0.6,0,CALM,21.48
2022-12-21,AAPL,2,0.698907,0.6,0,CALM,20.07
2022-12-21,JPM,2,0.763779,0.6,1,CALM,20.07
2022-12-21,MSFT,2,0.674713,0.6,0,CALM,20.07
2022-12-21,NVDA,2,0.571833,0.6,0,CALM,20.07
2022-12-21,TSLA,2,0.723145,0.6,0,CALM,20.07
2022-12-22,AAPL,2,0.697365,0.6,0,CALM,21.97
2022-12-22,JPM,2,0.760635,0.6,1,CALM,21.97
2022-12-22,MSFT,2,0.682109,0.6,1,CALM,21.97
2022-12-22,NVDA,2,0.583075,0.6,0,CALM,21.97
2022-12-22,TSLA,2,0.726909,0.6,0,CALM,21.97
2022-12-23,AAPL,2,0.697048,0.6,0,CALM,20.87
2022-12-23,JPM,2,0.757818,0.6,1,CALM,20.87
2022-12-23,MSFT,2,0.688067,0.6,1,CALM,20.87
2022-12-23,NVDA,2,0.593131,0.6,0,CALM,20.87
2022-12-23,TSLA,2,0.724468,0.6,0,CALM,20.87
2022-12-27,AAPL,2,0.69744,0.6,0,CALM,21.65
2022-12-27,JPM,2,0.754542,0.6,1,CALM,21.65
2022-12-27,MSFT,2,0.693779,0.6,0,CALM,21.65
2022-12-27,NVDA,2,0.604576,0.6,1,CALM,21.65
2022-12-27,TSLA,2,0.726281,0.6,1,CALM,21.65
2022-12-28,AAPL,2,0.698436,0.6,0,CALM,22.14
2022-12-28,JPM,2,0.75358,0.6,1,CALM,22.14
2022-12-28,MSFT,2,0.699083,0.6,0,CALM,22.14
2022-12-28,NVDA,2,0.617334,0.6,1,CALM,22.14
2022-12-28,TSLA,2,0.725188,0.6,0,CALM,22.14
2022-12-29,AAPL,2,0.696335,0.6,1,CALM,21.44
2022-12-29,JPM,2,0.753335,0.6,1,CALM,21.44
2022-12-29,MSFT,2,0.704753,0.6,0,CALM,21.44
2022-12-29,NVDA,2,0.628786,0.6,1,CALM,21.44
2022-12-29,TSLA,2,0.713148,0.6,0,CALM,21.44
2022-12-30,AAPL,2,0.692555,0.6,1,CALM,21.67
2022-12-30,JPM,2,0.753835,0.6,1,CALM,21.67
2022-12-30,MSFT,2,0.709062,0.6,0,CALM,21.67
2022-12-30,NVDA,2,0.637109,0.6,1,CALM,21.67
2022-12-30,TSLA,2,0.696282,0.6,0,CALM,21.67
2023-01-03,AAPL,2,0.691171,0.6,1,CALM,22.9
2023-01-03,JPM,2,0.756636,0.6,1,CALM,22.9
2023-01-03,MSFT,2,0.715529,0.6,0,CALM,22.9
2023-01-03,NVDA,2,0.646193,0.6,1,CALM,22.9
2023-01-03,TSLA,2,0.702151,0.6,1,CALM,22.9
2023-01-04,AAPL,2,0.686878,0.6,1,CALM,22.01
2023-01-04,JPM,2,0.759373,0.6,1,CALM,22.01
2023-01-04,MSFT,2,0.723078,0.6,1,CALM,22.01
2023-01-04,NVDA,2,0.649616,0.6,1,CALM,22.01
2023-01-04,TSLA,2,0.690461,0.6,1,CALM,22.01
2023-01-05,AAPL,2,0.682812,0.6,1,CALM,22.46
2023-01-05,JPM,2,0.763569,0.6,1,CALM,22.46
2023-01-05,MSFT,2,0.726217,0.6,1,CALM,22.46
2023-01-05,NVDA,2,0.65186,0.6,1,CALM,22.46
2023-01-05,TSLA,2,0.685889,0.6,1,CALM,22.46
2023-01-06,AAPL,2,0.675358,0.6,1,CALM,21.13
2023-01-06,JPM,2,0.767603,0.6,1,CALM,21.13
2023-01-06,MSFT,2,0.725465,0.6,1,CALM,21.13
2023-01-06,NVDA,2,0.643995,0.6,1,CALM,21.13
2023-01-06,TSLA,2,0.675132,0.6,1,CALM,21.13
2023-01-09,AAPL,2,0.669079,0.6,1,CALM,21.97
2023-01-09,JPM,2,0.771095,0.6,1,CALM,21.97
2023-01-09,MSFT,2,0.721753,0.6,1,CALM,21.97
2023-01-09,NVDA,2,0.617968,0.6,1,CALM,21.97
2023-01-09,TSLA,2,0.648325,0.6,1,CALM,21.97
2023-01-10,AAPL,2,0.662896,0.6,1,CALM,20.58
2023-01-10,JPM,2,0.773007,0.6,0,CALM,20.58
2023-01-10,MSFT,2,0.715826,0.6,1,CALM,20.58
2023-01-10,NVDA,2,0.584877,0.6,1,CALM,20.58
2023-01-10,TSLA,2,0.620872,0.6,1,CALM,20.58
2023-01-11,AAPL,2,0.657399,0.6,1,CALM,21.09
2023-01-11,JPM,2,0.775648,0.6,0,CALM,21.09
2023-01-11,MSFT,2,0.710851,0.6,0,CALM,21.09
2023-01-11,NVDA,2,0.556645,0.6,1,CALM,21.09
2023-01-11,TSLA,2,0.597295,0.6,1,CALM,21.09
2023-01-12,AAPL,2,0.655246,0.6,1,CALM,18.83
2023-01-12,JPM,2,0.774671,0.6,0,CALM,18.83
2023-01-12,MSFT,2,0.707134,0.6,1,CALM,18.83
2023-01-12,NVDA,2,0.533431,0.6,1,CALM,18.83
2023-01-12,TSLA,2,0.581519,0.6,1,CALM,18.83
2023-01-13,AAPL,2,0.654377,0.6,1,CALM,18.35
2023-01-13,JPM,2,0.774017,0.6,0,CALM,18.35
2023-01-13,MSFT,2,0.704901,0.6,1,CALM,18.35
2023-01-13,NVDA,2,0.526466,0.6,1,CALM,18.35
2023-01-13,TSLA,2,0.572743,0.6,1,CALM,18.35
2023-01-17,AAPL,2,0.652621,0.6,1,CALM,19.36
2023-01-17,JPM,2,0.772263,0.6,0,CALM,19.36
2023-01-17,MSFT,2,0.703099,0.6,1,CALM,19.36
2023-01-17,NVDA,2,0.527423,0.6,1,CALM,19.36
2023-01-17,TSLA,2,0.552271,0.6,1,CALM,19.36
2023-01-18,AAPL,2,0.649319,0.6,1,CALM,20.34
2023-01-18,JPM,2,0.768694,0.6,1,CALM,20.34
2023-01-18,MSFT,2,0.701509,0.6,1,CALM,20.34
2023-01-18,NVDA,2,0.520354,0.6,1,CALM,20.34
2023-01-18,TSLA,2,0.539019,0.6,1,CALM,20.34
2023-01-19,AAPL,2,0.644258,0.6,1,CALM,20.52
2023-01-19,JPM,2,0.759295,0.6,1,CALM,20.52
2023-01-19,MSFT,2,0.695731,0.6,1,CALM,20.52
2023-01-19,NVDA,2,0.510693,0.6,1,CALM,20.52
2023-01-19,TSLA,2,0.537308,0.6,1,CALM,20.52
2023-01-20,AAPL,2,0.634244,0.6,1,CALM,19.85
2023-01-20,JPM,2,0.746766,0.6,1,CALM,19.85
2023-01-20,MSFT,2,0.687523,0.6,1,CALM,19.85
2023-01-20,NVDA,2,0.505272,0.6,1,CALM,19.85
2023-01-20,TSLA,2,0.528267,0.6,1,CALM,19.85
2023-01-23,AAPL,2,0.620292,0.6,1,CALM,19.81
2023-01-23,JPM,2,0.733417,0.6,1,CALM,19.81
2023-01-23,MSFT,2,0.679314,0.6,1,CALM,19.81
2023-01-23,NVDA,2,0.506056,0.6,0,CALM,19.81
2023-01-23,TSLA,2,0.514741,0.6,1,CALM,19.81
2023-01-24,AAPL,2,0.602477,0.6,1,CALM,19.2
2023-01-24,JPM,2,0.719657,0.6,1,CALM,19.2
2023-01-24,MSFT,2,0.669948,0.6,1,CALM,19.2
2023-01-24,NVDA,2,0.508215,0.6,1,CALM,19.2
2023-01-24,TSLA,2,0.508865,0.6,1,CALM,19.2
2023-01-25,AAPL,2,0.585025,0.6,1,CALM,19.08
2023-01-25,JPM,2,0.706691,0.6,1,CALM,19.08
2023-01-25,MSFT,2,0.661165,0.6,1,CALM,19.08
2023-01-25,NVDA,2,0.507738,0.6,1,CALM,19.08
2023-01-25,TSLA,2,0.504676,0.6,1,CALM,19.08
2023-01-26,AAPL,2,0.563098,0.6,1,CALM,18.73
2023-01-26,JPM,2,0.691584,0.6,0,CALM,18.73
2023-01-26,MSFT,2,0.647731,0.6,1,CALM,18.73
2023-01-26,NVDA,2,0.505835,0.6,1,CALM,18.73
2023-01-26,TSLA,2,0.495894,0.6,1,CALM,18.73
2023-01-27,AAPL,2,0.542562,0.6,1,CALM,18.51
2023-01-27,JPM,2,0.670857,0.6,1,CALM,18.51
2023-01-27,MSFT,2,0.625712,0.6,1,CALM,18.51
2023-01-27,NVDA,2,0.50467,0.6,1,CALM,18.51
2023-01-27,TSLA,2,0.494754,0.6,1,CALM,18.51
2023-01-30,AAPL,2,0.522456,0.6,1,CALM,19.94
2023-01-30,JPM,2,0.64324,0.6,1,CALM,19.94
2023-01-30,MSFT,2,0.600764,0.6,1,CALM,19.94
2023-01-30,NVDA,2,0.501943,0.6,1,CALM,19.94
2023-01-30,TSLA,2,0.496832,0.6,1,CALM,19.94
2023-01-31,AAPL,2,0.503601,0.6,1,CALM,19.4
2023-01-31,JPM,2,0.614411,0.6,1,CALM,19.4
2023-01-31,MSFT,2,0.575499,0.6,1,CALM,19.4
2023-01-31,NVDA,2,0.49591,0.6,1,CALM,19.4
2023-01-31,TSLA,2,0.493916,0.6,1,CALM,19.4
2023-02-01,AAPL,2,0.498481,0.6,1,CALM,17.87
2023-02-01,JPM,2,0.586076,0.6,1,CALM,17.87
2023-02-01,MSFT,2,0.549225,0.6,1,CALM,17.87
2023-02-01,NVDA,2,0.493118,0.6,1,CALM,17.87
2023-02-01,TSLA,2,0.492696,0.6,1,CALM,17.87
2023-02-02,AAPL,2,0.495597,0.6,1,CALM,18.73
2023-02-02,JPM,2,0.564697,0.6,1,CALM,18.73
2023-02-02,MSFT,2,0.529482,0.6,0,CALM,18.73
2023-02-02,NVDA,2,0.49191,0.6,1,CALM,18.73
2023-02-02,TSLA,2,0.490219,0.6,1,CALM,18.73
2023-02-03,AAPL,2,0.493216,0.6,0,CALM,18.33
2023-02-03,JPM,2,0.548936,0.6,0,CALM,18.33
2023-02-03,MSFT,2,0.51366,0.6,1,CALM,18.33
2023-02-03,NVDA,2,0.489943,0.6,1,CALM,18.33
2023-02-03,TSLA,2,0.486576,0.6,1,CALM,18.33
2023-02-06,AAPL,2,0.491139,0.6,1,CALM,19.43
2023-02-06,JPM,2,0.535814,0.6,1,CALM,19.43
2023-02-06,MSFT,2,0.50166,0.6,1,CALM,19.43
2023-02-06,NVDA,2,0.486332,0.6,1,CALM,19.43
2023-02-06,TSLA,2,0.480608,0.6,0,CALM,19.43
2023-02-07,AAPL,2,0.489104,0.6,0,CALM,18.66
2023-02-07,JPM,2,0.527986,0.6,0,CALM,18.66
2023-02-07,MSFT,2,0.494984,0.6,1,CALM,18.66
2023-02-07,NVDA,2,0.484017,0.6,1,CALM,18.66
2023-02-07,TSLA,2,0.479519,0.6,1,CALM,18.66
2023-02-08,AAPL,2,0.486717,0.6,1,CALM,19.63
2023-02-08,JPM,2,0.519563,0.6,1,CALM,19.63
2023-02-08,MSFT,2,0.491549,0.6,1,CALM,19.63
2023-02-08,NVDA,2,0.481891,0.6,1,CALM,19.63
2023-02-08,TSLA,2,0.479262,0.6,1,CALM,19.63
2023-02-09,AAPL,2,0.484339,0.6,1,CALM,20.71
2023-02-09,JPM,2,0.508969,0.6,1,CALM,20.71
2023-02-09,MSFT,2,0.48836,0.6,0,CALM,20.71
2023-02-09,NVDA,2,0.479518,0.6,0,CALM,20.71
2023-02-09,TSLA,2,0.479362,0.6,0,CALM,20.71
2023-02-10,AAPL,2,0.481705,0.6,1,CALM,20.53
2023-02-10,JPM,2,0.49954,0.6,1,CALM,20.53
2023-02-10,MSFT,2,0.484963,0.6,0,CALM,20.53
2023-02-10,NVDA,2,0.474073,0.6,1,CALM,20.53
2023-02-10,TSLA,2,0.480714,0.6,1,CALM,20.53
2023-02-13,AAPL,2,0.480003,0.6,0,CALM,20.34
2023-02-13,JPM,2,0.492891,0.6,0,CALM,20.34
2023-02-13,MSFT,2,0.48247,0.6,0,CALM,20.34
2023-02-13,NVDA,2,0.469392,0.6,0,CALM,20.34
2023-02-13,TSLA,2,0.481344,0.6,1,CALM,20.34
2023-02-14,AAPL,2,0.478818,0.6,0,CALM,18.91
2023-02-14,JPM,2,0.490442,0.6,0,CALM,18.91
2023-02-14,MSFT,2,0.480863,0.6,0,CALM,18.91
2023-02-14,NVDA,2,0.467704,0.6,0,CALM,18.91
2023-02-14,TSLA,2,0.48162,0.6,0,CALM,18.91
2023-02-15,AAPL,2,0.478871,0.6,0,CALM,18.23
2023-02-15,JPM,2,0.490582,0.6,0,CALM,18.23
2023-02-15,MSFT,2,0.479542,0.6,0,CALM,18.23
2023-02-15,NVDA,2,0.465716,0.6,1,CALM,18.23
2023-02-15,TSLA,2,0.482508,0.6,0,CALM,18.23
2023-02-16,AAPL,2,0.478642,0.6,0,CALM,20.17
2023-02-16,JPM,2,0.490254,0.6,0,CALM,20.17
2023-02-16,MSFT,2,0.477716,0.6,0,CALM,20.17
2023-02-16,NVDA,2,0.462188,0.6,1,CALM,20.17
2023-02-16,TSLA,2,0.482427,0.6,0,CALM,20.17
2023-02-17,AAPL,2,0.476695,0.6,0,CALM,20.02
2023-02-17,JPM,2,0.491507,0.6,0,CALM,20.02
2023-02-17,MSFT,2,0.475892,0.6,0,CALM,20.02
2023-02-17,NVDA,2,0.458041,0.6,1,CALM,20.02
2023-02-17,TSLA,2,0.483369,0.6,0,CALM,20.02
2023-02-21,AAPL,2,0.468251,0.6,0,CALM,22.87
2023-02-21,JPM,2,0.496551,0.6,1,CALM,22.87
2023-02-21,MSFT,2,0.473284,0.6,0,CALM,22.87
2023-02-21,NVDA,2,0.44475,0.6,1,CALM,22.87
2023-02-21,TSLA,2,0.477508,0.6,1,CALM,22.87
2023-02-22,AAPL,2,0.46126,0.6,0,CALM,22.29
2023-02-22,JPM,2,0.504431,0.6,1,CALM,22.29
2023-02-22,MSFT,2,0.460009,0.6,0,CALM,22.29
2023-02-22,NVDA,2,0.432851,0.6,1,CALM,22.29
2023-02-22,TSLA,2,0.474252,0.6,1,CALM,22.29
2023-02-23,AAPL,2,0.456043,0.6,0,CALM,21.14
2023-02-23,JPM,2,0.513446,0.6,1,CALM,21.14
2023-02-23,MSFT,2,0.450148,0.6,0,CALM,21.14
2023-02-23,NVDA,2,0.427685,0.6,0,CALM,21.14
2023-02-23,TSLA,2,0.465355,0.6,0,CALM,21.14
2023-02-24,AAPL,2,0.452285,0.6,1,CALM,21.67
2023-02-24,JPM,2,0.526567,0.6,1,CALM,21.67
2023-02-24,MSFT,2,0.444784,0.6,1,CALM,21.67
2023-02-24,NVDA,2,0.42223,0.6,1,CALM,21.67
2023-02-24,TSLA,2,0.453045,0.6,1,CALM,21.67
2023-02-27,AAPL,2,0.456614,0.6,1,CALM,20.95
2023-02-27,JPM,2,0.543856,0.6,1,CALM,20.95
2023-02-27,MSFT,2,0.447031,0.6,1,CALM,20.95
2023-02-27,NVDA,2,0.420653,0.6,1,CALM,20.95
2023-02-27,TSLA,2,0.443366,0.6,0,CALM,20.95
2023-02-28,AAPL,2,0.464148,0.6,1,CALM,20.7
2023-02-28,JPM,2,0.571231,0.6,0,CALM,20.7
2023-02-28,MSFT,2,0.45851,0.6,1,CALM,20.7
2023-02-28,NVDA,2,0.421244,0.6,1,CALM,20.7
2023-02-28,TSLA,2,0.433028,0.6,0,CALM,20.7
2023-03-01,AAPL,2,0.477053,0.6,1,CALM,20.58
2023-03-01,JPM,2,0.601425,0.6,0,CALM,20.58
2023-03-01,MSFT,2,0.476131,0.6,1,CALM,20.58
2023-03-01,NVDA,2,0.4228,0.6,1,CALM,20.58
2023-03-01,TSLA,2,0.424468,0.6,0,CALM,20.58
2023-03-02,AAPL,2,0.497651,0.6,1,CALM,19.59
2023-03-02,JPM,2,0.627101,0.6,0,CALM,19.59
2023-03-02,MSFT,2,0.494563,0.6,1,CALM,19.59
2023-03-02,NVDA,2,0.426008,0.6,1,CALM,19.59
2023-03-02,TSLA,2,0.418469,0.6,0,CALM,19.59
2023-03-03,AAPL,2,0.531306,0.6,0,CALM,18.49
2023-03-03,JPM,2,0.651397,0.6,0,CALM,18.49
2023-03-03,MSFT,2,0.524192,0.6,0,CALM,18.49
2023-03-03,NVDA,2,0.432311,0.6,0,CALM,18.49
2023-03-03,TSLA,2,0.41326,0.6,0,CALM,18.49
2023-03-06,AAPL,2,0.573787,0.6,0,CALM,18.61
2023-03-06,JPM,2,0.670508,0.6,0,CALM,18.61
2023-03-06,MSFT,2,0.556544,0.6,0,CALM,18.61
2023-03-06,NVDA,2,0.440065,0.6,0,CALM,18.61
2023-03-06,TSLA,2,0.410693,0.6,0,CALM,18.61
2023-03-07,AAPL,2,0.614161,0.6,1,CALM,19.59
2023-03-07,JPM,2,0.683229,0.6,0,CALM,19.59
2023-03-07,MSFT,2,0.584237,0.6,1,CALM,19.59
2023-03-07,NVDA,2,0.445709,0.6,1,CALM,19.59
2023-03-07,TSLA,2,0.409511,0.6,0,CALM,19.59
2023-03-08,AAPL,2,0.648589,0.6,1,CALM,19.11
2023-03-08,JPM,2,0.692343,0.6,0,CALM,19.11
2023-03-08,MSFT,2,0.611299,0.6,1,CALM,19.11
2023-03-08,NVDA,2,0.454822,0.6,1,CALM,19.11
2023-03-08,TSLA,2,0.419131,0.6,0,CALM,19.11
2023-03-09,AAPL,2,0.676069,0.6,1,CALM,22.61
2023-03-09,JPM,2,0.7005,0.6,1,CALM,22.61
2023-03-09,MSFT,2,0.635083,0.6,1,CALM,22.61
2023-03-09,NVDA,2,0.457153,0.6,1,CALM,22.61
2023-03-09,TSLA,2,0.434183,0.6,1,CALM,22.61
2023-03-10,AAPL,2,0.697579,0.6,1,CALM,24.8
2023-03-10,JPM,2,0.708687,0.6,0,CALM,24.8
2023-03-10,MSFT,2,0.653895,0.6,1,CALM,24.8
2023-03-10,NVDA,2,0.454015,0.6,1,CALM,24.8
2023-03-10,TSLA,2,0.456671,0.6,1,CALM,24.8
2023-03-13,AAPL,2,0.714809,0.6,1,SHOCK,26.52
2023-03-13,JPM,2,0.70981,0.6,0,SHOCK,26.52
2023-03-13,MSFT,2,0.668148,0.6,1,SHOCK,26.52
2023-03-13,NVDA,2,0.448417,0.6,1,SHOCK,26.52
2023-03-13,TSLA,2,0.49708,0.6,1,SHOCK,26.52
2023-03-14,AAPL,2,0.727904,0.6,1,CALM,23.73
2023-03-14,JPM,2,0.708472,0.6,0,CALM,23.73
2023-03-14,MSFT,2,0.678489,0.6,1,CALM,23.73
2023-03-14,NVDA,2,0.451333,0.6,1,CALM,23.73
2023-03-14,TSLA,2,0.529556,0.6,1,CALM,23.73
2023-03-15,AAPL,2,0.740455,0.6,1,SHOCK,26.14
2023-03-15,JPM,2,0.704474,0.6,0,SHOCK,26.14
2023-03-15,MSFT,2,0.688193,0.6,1,SHOCK,26.14
2023-03-15,NVDA,2,0.462316,0.6,1,SHOCK,26.14
2023-03-15,TSLA,2,0.557811,0.6,1,SHOCK,26.14
2023-03-16,AAPL,2,0.74684,0.6,1,CALM,22.99
2023-03-16,JPM,2,0.694322,0.6,0,CALM,22.99
2023-03-16,MSFT,2,0.696662,0.6,1,CALM,22.99
2023-03-16,NVDA,2,0.493156,0.6,1,CALM,22.99
2023-03-16,TSLA,2,0.576886,0.6,1,CALM,22.99
2023-03-17,AAPL,2,0.751737,0.6,1,SHOCK,25.51
2023-03-17,JPM,2,0.681225,0.6,0,SHOCK,25.51
2023-03-17,MSFT,2,0.709559,0.6,1,SHOCK,25.51
2023-03-17,NVDA,2,0.531769,0.6,1,SHOCK,25.51
2023-03-17,TSLA,2,0.587799,0.6,1,SHOCK,25.51
2023-03-20,AAPL,2,0.75281,0.6,1,CALM,24.15
2023-03-20,JPM,2,0.667412,0.6,1,CALM,24.15
2023-03-20,MSFT,2,0.711592,0.6,1,CALM,24.15
2023-03-20,NVDA,2,0.559836,0.6,1,CALM,24.15
2023-03-20,TSLA,2,0.585223,0.6,1,CALM,24.15
2023-03-21,AAPL,2,0.750175,0.6,0,CALM,21.38
2023-03-21,JPM,2,0.650515,0.6,0,CALM,21.38
2023-03-21,MSFT,2,0.708726,0.6,1,CALM,21.38
2023-03-21,NVDA,2,0.576686,0.6,1,CALM,21.38
2023-03-21,TSLA,2,0.566101,0.6,0,CALM,21.38
2023-03-22,AAPL,2,0.745926,0.6,1,CALM,22.26
2023-03-22,JPM,2,0.630638,0.6,1,CALM,22.26
2023-03-22,MSFT,2,0.701444,0.6,1,CALM,22.26
2023-03-22,NVDA,2,0.590108,0.6,1,CALM,22.26
2023-03-22,TSLA,2,0.539295,0.6,1,CALM,22.26
2023-03-23,AAPL,2,0.742176,0.6,1,CALM,22.61
2023-03-23,JPM,2,0.613807,0.6,1,CALM,22.61
2023-03-23,MSFT,2,0.689027,0.6,1,CALM,22.61
2023-03-23,NVDA,2,0.598715,0.6,1,CALM,22.61
2023-03-23,TSLA,2,0.51543,0.6,1,CALM,22.61
2023-03-24,AAPL,2,0.734569,0.6,1,CALM,21.74
2023-03-24,JPM,2,0.595698,0.6,1,CALM,21.74
2023-03-24,MSFT,2,0.671826,0.6,1,CALM,21.74
2023-03-24,NVDA,2,0.597497,0.6,1,CALM,21.74
2023-03-24,TSLA,2,0.500106,0.6,1,CALM,21.74
2023-03-27,AAPL,2,0.72127,0.6,1,CALM,20.6
2023-03-27,JPM,2,0.577986,0.6,1,CALM,20.6
2023-03-27,MSFT,2,0.651019,0.6,1,CALM,20.6
2023-03-27,NVDA,2,0.583481,0.6,1,CALM,20.6
2023-03-27,TSLA,2,0.484629,0.6,1,CALM,20.6
2023-03-28,AAPL,2,0.702868,0.6,1,CALM,19.97
2023-03-28,JPM,2,0.566306,0.6,0,CALM,19.97
2023-03-28,MSFT,2,0.625616,0.6,1,CALM,19.97
2023-03-28,NVDA,2,0.560539,0.6,1,CALM,19.97
2023-03-28,TSLA,2,0.476269,0.6,1,CALM,19.97
2023-03-29,AAPL,2,0.686139,0.6,1,CALM,19.12
2023-03-29,JPM,2,0.561375,0.6,0,CALM,19.12
2023-03-29,MSFT,2,0.600004,0.6,1,CALM,19.12
2023-03-29,NVDA,2,0.542028,0.6,0,CALM,19.12
2023-03-29,TSLA,2,0.474389,0.6,0,CALM,19.12
2023-03-30,AAPL,2,0.672362,0.6,1,CALM,19.02
2023-03-30,JPM,2,0.563559,0.6,0,CALM,19.02
2023-03-30,MSFT,2,0.577917,0.6,1,CALM,19.02
2023-03-30,NVDA,2,0.53343,0.6,0,CALM,19.02
2023-03-30,TSLA,2,0.476634,0.6,0,CALM,19.02
2023-03-31,AAPL,2,0.665509,0.6,0,CALM,18.7
2023-03-31,JPM,2,0.57131,0.6,0,CALM,18.7
2023-03-31,MSFT,2,0.565985,0.6,1,CALM,18.7
2023-03-31,NVDA,2,0.533652,0.6,0,CALM,18.7
2023-03-31,TSLA,2,0.483358,0.6,0,CALM,18.7
2023-04-03,AAPL,2,0.662921,0.6,0,CALM,18.55
2023-04-03,JPM,2,0.586014,0.6,0,CALM,18.55
2023-04-03,MSFT,2,0.554938,0.6,0,CALM,18.55
2023-04-03,NVDA,2,0.535834,0.6,0,CALM,18.55
2023-04-03,TSLA,2,0.487203,0.6,0,CALM,18.55
2023-04-04,AAPL,2,0.658561,0.6,0,CALM,19.0
2023-04-04,JPM,2,0.602154,0.6,1,CALM,19.0
2023-04-04,MSFT,2,0.544318,0.6,0,CALM,19.0
2023-04-04,NVDA,2,0.533134,0.6,0,CALM,19.0
2023-04-04,TSLA,2,0.486624,0.6,0,CALM,19.0
2023-04-05,AAPL,2,0.648676,0.6,1,CALM,19.08
2023-04-05,JPM,2,0.618663,0.6,1,CALM,19.08
2023-04-05,MSFT,2,0.529346,0.6,1,CALM,19.08
2023-04-05,NVDA,2,0.525507,0.6,0,CALM,19.08
2023-04-05,TSLA,2,0.486015,0.6,1,CALM,19.08
2023-04-06,AAPL,2,0.637095,0.6,1,CALM,18.4
2023-04-06,JPM,2,0.635153,0.6,1,CALM,18.4
2023-04-06,MSFT,2,0.519623,0.6,0,CALM,18.4
2023-04-06,NVDA,2,0.516133,0.6,0,CALM,18.4
2023-04-06,TSLA,2,0.485997,0.6,0,CALM,18.4
2023-04-10,AAPL,2,0.622885,0.6,1,CALM,18.97
2023-04-10,JPM,2,0.650111,0.6,1,CALM,18.97
2023-04-10,MSFT,2,0.508153,0.6,0,CALM,18.97
2023-04-10,NVDA,2,0.510554,0.6,0,CALM,18.97
2023-04-10,TSLA,2,0.485242,0.6,1,CALM,18.97
2023-04-11,AAPL,2,0.613408,0.6,1,CALM,19.1
2023-04-11,JPM,2,0.664028,0.6,1,CALM,19.1
2023-04-11,MSFT,2,0.495939,0.6,1,CALM,19.1
2023-04-11,NVDA,2,0.505158,0.6,1,CALM,19.1
2023-04-11,TSLA,2,0.492647,0.6,0,CALM,19.1
2023-04-12,AAPL,2,0.609425,0.6,1,CALM,19.09
2023-04-12,JPM,2,0.676506,0.6,1,CALM,19.09
2023-04-12,MSFT,2,0.491423,0.6,1,CALM,19.09
2023-04-12,NVDA,2,0.506741,0.6,1,CALM,19.09
2023-04-12,TSLA,2,0.503544,0.6,1,CALM,19.09
2023-04-13,AAPL,2,0.618602,0.6,1,CALM,17.8
2023-04-13,JPM,2,0.689542,0.6,1,CALM,17.8
2023-04-13,MSFT,2,0.50263,0.6,0,CALM,17.8
2023-04-13,NVDA,2,0.51924,0.6,1,CALM,17.8
2023-04-13,TSLA,2,0.520849,0.6,0,CALM,17.8
2023-04-14,AAPL,2,0.630767,0.6,0,CALM,17.07
2023-04-14,JPM,2,0.704562,0.6,1,CALM,17.07
2023-04-14,MSFT,2,0.516704,0.6,0,CALM,17.07
2023-04-14,NVDA,2,0.54081,0.6,1,CALM,17.07
2023-04-14,TSLA,2,0.541985,0.6,0,CALM,17.07
2023-04-17,AAPL,2,0.644045,0.6,1,CALM,16.95
2023-04-17,JPM,2,0.713033,0.6,1,CALM,16.95
2023-04-17,MSFT,2,0.538346,0.6,0,CALM,16.95
2023-04-17,NVDA,2,0.571278,0.6,1,CALM,16.95
2023-04-17,TSLA,2,0.561794,0.6,0,CALM,16.95
2023-04-18,AAPL,2,0.659004,0.6,0,CALM,16.83
2023-04-18,JPM,2,0.710826,0.6,0,CALM,16.83
2023-04-18,MSFT,2,0.562599,0.6,0,CALM,16.83
2023-04-18,NVDA,2,0.610586,0.6,0,CALM,16.83
2023-04-18,TSLA,2,0.580878,0.6,0,CALM,16.83
2023-04-19,AAPL,2,0.673685,0.6,0,CALM,16.46
2023-04-19,JPM,2,0.697807,0.6,0,CALM,16.46
2023-04-19,MSFT,2,0.584016,0.6,1,CALM,16.46
2023-04-19,NVDA,2,0.647343,0.6,0,CALM,16.46
2023-04-19,TSLA,2,0.59861,0.6,0,CALM,16.46
2023-04-20,AAPL,2,0.685681,0.6,1,CALM,17.17
2023-04-20,JPM,2,0.678798,0.6,0,CALM,17.17
2023-04-20,MSFT,2,0.603675,0.6,1,CALM,17.17
2023-04-20,NVDA,2,0.675664,0.6,1,CALM,17.17
2023-04-20,TSLA,2,0.616631,0.6,0,CALM,17.17
2023-04-21,AAPL,2,0.695332,0.6,1,CALM,16.77
2023-04-21,JPM,2,0.662762,0.6,0,CALM,16.77
2023-04-21,MSFT,2,0.622566,0.6,1,CALM,16.77
2023-04-21,NVDA,2,0.699287,0.6,1,CALM,16.77
2023-04-21,TSLA,2,0.629665,0.6,0,CALM,16.77
2023-04-24,AAPL,2,0.703595,0.6,1,CALM,16.89
2023-04-24,JPM,2,0.64312,0.6,1,CALM,16.89
2023-04-24,MSFT,2,0.638738,0.6,1,CALM,16.89
2023-04-24,NVDA,2,0.716384,0.6,1,CALM,16.89
2023-04-24,TSLA,2,0.638045,0.6,0,CALM,16.89
2023-04-25,AAPL,2,0.71107,0.6,1,CALM,18.76
2023-04-25,JPM,2,0.626482,0.6,1,CALM,18.76
2023-04-25,MSFT,2,0.656027,0.6,1,CALM,18.76
2023-04-25,NVDA,2,0.727368,0.6,1,CALM,18.76
2023-04-25,TSLA,2,0.645111,0.6,0,CALM,18.76
2023-04-26,AAPL,2,0.71841,0.6,1,CALM,18.84
2023-04-26,JPM,2,0.614741,0.6,1,CALM,18.84
2023-04-26,MSFT,2,0.68523,0.6,1,CALM,18.84
2023-04-26,NVDA,2,0.739622,0.6,1,CALM,18.84
2023-04-26,TSLA,2,0.650373,0.6,1,CALM,18.84
2023-04-27,AAPL,2,0.728074,0.6,0,CALM,17.03
2023-04-27,JPM,2,0.605419,0.6,0,CALM,17.03
2023-04-27,MSFT,2,0.716202,0.6,1,CALM,17.03
2023-04-27,NVDA,2,0.748418,0.6,1,CALM,17.03
2023-04-27,TSLA,2,0.649679,0.6,1,CALM,17.03
2023-04-28,AAPL,2,0.73732,0.6,1,CALM,15.78
2023-04-28,JPM,2,0.596239,0.6,0,CALM,15.78
2023-04-28,MSFT,2,0.74179,0.6,1,CALM,15.78
2023-04-28,NVDA,2,0.755514,0.6,1,CALM,15.78
2023-04-28,TSLA,2,0.641327,0.6,1,CALM,15.78
2023-05-01,AAPL,2,0.745149,0.6,1,CALM,16.08
2023-05-01,JPM,2,0.590647,0.6,0,CALM,16.08
2023-05-01,MSFT,2,0.76013,0.6,1,CALM,16.08
2023-05-01,NVDA,2,0.766316,0.6,1,CALM,16.08
2023-05-01,TSLA,2,0.635394,0.6,1,CALM,16.08
2023-05-02,AAPL,2,0.750752,0.6,1,CALM,17.78
2023-05-02,JPM,2,0.586474,0.6,0,CALM,17.78
2023-05-02,MSFT,2,0.771442,0.6,1,CALM,17.78
2023-05-02,NVDA,2,0.776404,0.6,1,CALM,17.78
2023-05-02,TSLA,2,0.628965,0.6,1,CALM,17.78
2023-05-03,AAPL,2,0.754324,0.6,1,CALM,18.34
2023-05-03,JPM,2,0.582295,0.6,1,CALM,18.34
2023-05-03,MSFT,2,0.77746,0.6,1,CALM,18.34
2023-05-03,NVDA,2,0.782501,0.6,1,CALM,18.34
2023-05-03,TSLA,2,0.620973,0.6,1,CALM,18.34
2023-05-04,AAPL,2,0.759063,0.6,1,CALM,20.09
2023-05-04,JPM,2,0.576155,0.6,1,CALM,20.09
2023-05-04,MSFT,2,0.781132,0.6,1,CALM,20.09
2023-05-04,NVDA,2,0.788271,0.6,1,CALM,20.09
2023-05-04,TSLA,2,0.6107,0.6,1,CALM,20.09
2023-05-05,AAPL,2,0.765181,0.6,0,CALM,17.19
2023-05-05,JPM,2,0.571815,0.6,0,CALM,17.19
2023-05-05,MSFT,2,0.777663,0.6,0,CALM,17.19
2023-05-05,NVDA,2,0.790263,0.6,0,CALM,17.19
2023-05-05,TSLA,2,0.596348,0.6,0,CALM,17.19
2023-05-08,AAPL,2,0.771387,0.6,0,CALM,16.98
2023-05-08,JPM,2,0.569157,0.6,0,CALM,16.98
2023-05-08,MSFT,2,0.769377,0.6,1,CALM,16.98
2023-05-08,NVDA,2,0.788905,0.6,0,CALM,16.98
2023-05-08,TSLA,2,0.579565,0.6,0,CALM,16.98
2023-05-09,AAPL,2,0.772739,0.6,1,CALM,17.71
2023-05-09,JPM,2,0.567504,0.6,0,CALM,17.71
2023-05-09,MSFT,2,0.755307,0.6,1,CALM,17.71
2023-05-09,NVDA,2,0.784045,0.6,1,CALM,17.71
2023-05-09,TSLA,2,0.565263,0.6,0,CALM,17.71
2023-05-10,AAPL,2,0.770681,0.6,0,CALM,16.94
2023-05-10,JPM,2,0.566656,0.6,1,CALM,16.94
2023-05-10,MSFT,2,0.740711,0.6,1,CALM,16.94
2023-05-10,NVDA,2,0.775953,0.6,1,CALM,16.94
2023-05-10,TSLA,2,0.553736,0.6,1,CALM,16.94
2023-05-11,AAPL,2,0.765766,0.6,1,CALM,16.93
2023-05-11,JPM,2,0.568356,0.6,1,CALM,16.93
2023-05-11,MSFT,2,0.724851,0.6,1,CALM,16.93
2023-05-11,NVDA,2,0.765802,0.6,1,CALM,16.93
2023-05-11,TSLA,2,0.54285,0.6,1,CALM,16.93
2023-05-12,AAPL,2,0.759483,0.6,1,CALM,17.03
2023-05-12,JPM,2,0.572655,0.6,1,CALM,17.03
2023-05-12,MSFT,2,0.706799,0.6,1,CALM,17.03
2023-05-12,NVDA,2,0.751474,0.6,1,CALM,17.03
2023-05-12,TSLA,2,0.540676,0.6,1,CALM,17.03
2023-05-15,AAPL,2,0.751345,0.6,1,CALM,17.12
2023-05-15,JPM,2,0.579485,0.6,1,CALM,17.12
2023-05-15,MSFT,2,0.687116,0.6,1,CALM,17.12
2023-05-15,NVDA,2,0.736996,0.6,1,CALM,17.12
2023-05-15,TSLA,2,0.542144,0.6,1,CALM,17.12
2023-05-16,AAPL,2,0.743214,0.6,0,CALM,17.99
2023-05-16,JPM,2,0.587595,0.6,1,CALM,17.99
2023-05-16,MSFT,2,0.671454,0.6,1,CALM,17.99
2023-05-16,NVDA,2,0.727269,0.6,1,CALM,17.99
2023-05-16,TSLA,2,0.545623,0.6,1,CALM,17.99
2023-05-17,AAPL,2,0.734771,0.6,0,CALM,16.87
2023-05-17,JPM,2,0.600575,0.6,0,CALM,16.87
2023-05-17,MSFT,2,0.65882,0.6,0,CALM,16.87
2023-05-17,NVDA,2,0.724348,0.6,1,CALM,16.87
2023-05-17,TSLA,2,0.549955,0.6,1,CALM,16.87
2023-05-18,AAPL,2,0.72862,0.6,0,CALM,16.05
2023-05-18,JPM,2,0.615792,0.6,0,CALM,16.05
2023-05-18,MSFT,2,0.652429,0.6,1,CALM,16.05
2023-05-18,NVDA,2,0.733064,0.6,1,CALM,16.05
2023-05-18,TSLA,2,0.556819,0.6,1,CALM,16.05
2023-05-19,AAPL,2,0.724741,0.6,1,CALM,16.81
2023-05-19,JPM,2,0.631782,0.6,0,CALM,16.81
2023-05-19,MSFT,2,0.649856,0.6,1,CALM,16.81
2023-05-19,NVDA,2,0.742321,0.6,1,CALM,16.81
2023-05-19,TSLA,2,0.557412,0.6,1,CALM,16.81
2023-05-22,AAPL,2,0.718934,0.6,1,CALM,17.21
2023-05-22,JPM,2,0.642582,0.6,0,CALM,17.21
2023-05-22,MSFT,2,0.648851,0.6,1,CALM,17.21
2023-05-22,NVDA,2,0.741002,0.6,1,CALM,17.21
2023-05-22,TSLA,2,0.547894,0.6,1,CALM,17.21
2023-05-23,AAPL,2,0.709844,0.6,1,CALM,18.53
2023-05-23,JPM,2,0.648996,0.6,0,CALM,18.53
2023-05-23,MSFT,2,0.645256,0.6,1,CALM,18.53
2023-05-23,NVDA,2,0.729019,0.6,1,CALM,18.53
2023-05-23,TSLA,2,0.534497,0.6,1,CALM,18.53
2023-05-24,AAPL,2,0.703711,0.6,1,CALM,20.03
2023-05-24,JPM,2,0.655395,0.6,1,CALM,20.03
2023-05-24,MSFT,2,0.641779,0.6,1,CALM,20.03
2023-05-24,NVDA,2,0.712547,0.6,1,CALM,20.03
2023-05-24,TSLA,2,0.520144,0.6,1,CALM,20.03
2023-05-25,AAPL,2,0.6975,0.6,1,CALM,19.14
2023-05-25,JPM,2,0.657643,0.6,1,CALM,19.14
2023-05-25,MSFT,2,0.651172,0.6,1,CALM,19.14
2023-05-25,NVDA,2,0.706926,0.6,1,CALM,19.14
2023-05-25,TSLA,2,0.508571,0.6,1,CALM,19.14
2023-05-26,AAPL,2,0.690964,0.6,1,CALM,17.95
2023-05-26,JPM,2,0.653037,0.6,1,CALM,17.95
2023-05-26,MSFT,2,0.665758,0.6,1,CALM,17.95
2023-05-26,NVDA,2,0.702073,0.6,1,CALM,17.95
2023-05-26,TSLA,2,0.493654,0.6,1,CALM,17.95
2023-05-30,AAPL,2,0.685881,0.6,1,CALM,17.46
2023-05-30,JPM,2,0.646019,0.6,1,CALM,17.46
2023-05-30,MSFT,2,0.676937,0.6,1,CALM,17.46
2023-05-30,NVDA,2,0.689387,0.6,0,CALM,17.46
2023-05-30,TSLA,2,0.483666,0.6,1,CALM,17.46
2023-05-31,AAPL,2,0.683892,0.6,1,CALM,17.94
2023-05-31,JPM,2,0.638912,0.6,1,CALM,17.94
2023-05-31,MSFT,2,0.685806,0.6,0,CALM,17.94
2023-05-31,NVDA,2,0.674385,0.6,0,CALM,17.94
2023-05-31,TSLA,2,0.482518,0.6,1,CALM,17.94
2023-06-01,AAPL,2,0.68057,0.6,1,CALM,15.65
2023-06-01,JPM,2,0.627722,0.6,1,CALM,15.65
2023-06-01,MSFT,2,0.687353,0.6,0,CALM,15.65
2023-06-01,NVDA,2,0.642473,0.6,0,CALM,15.65
2023-06-01,TSLA,2,0.481392,0.6,1,CALM,15.65
2023-06-02,AAPL,2,0.677385,0.6,1,CALM,14.6
2023-06-02,JPM,2,0.620872,0.6,1,CALM,14.6
2023-06-02,MSFT,2,0.682845,0.6,0,CALM,14.6
2023-06-02,NVDA,2,0.61848,0.6,0,CALM,14.6
2023-06-02,TSLA,2,0.480654,0.6,1,CALM,14.6
2023-06-05,AAPL,2,0.678823,0.6,1,CALM,14.73
2023-06-05,JPM,2,0.614636,0.6,1,CALM,14.73
2023-06-05,MSFT,2,0.674093,0.6,0,CALM,14.73
2023-06-05,NVDA,2,0.593328,0.6,1,CALM,14.73
2023-06-05,TSLA,2,0.480994,0.6,1,CALM,14.73
2023-06-06,AAPL,2,0.677483,0.6,1,CALM,13.96
2023-06-06,JPM,2,0.609074,0.6,1,CALM,13.96
2023-06-06,MSFT,2,0.660689,0.6,1,CALM,13.96
2023-06-06,NVDA,2,0.575936,0.6,1,CALM,13.96
2023-06-06,TSLA,2,0.482863,0.6,1,CALM,13.96
2023-06-07,AAPL,2,0.672932,0.6,1,CALM,13.94
2023-06-07,JPM,2,0.60718,0.6,1,CALM,13.94
2023-06-07,MSFT,2,0.644212,0.6,1,CALM,13.94
2023-06-07,NVDA,2,0.562782,0.6,1,CALM,13.94
2023-06-07,TSLA,2,0.487198,0.6,1,CALM,13.94
2023-06-08,AAPL,2,0.670245,0.6,1,CALM,13.65
2023-06-08,JPM,2,0.605686,0.6,1,CALM,13.65
2023-06-08,MSFT,2,0.627841,0.6,1,CALM,13.65
2023-06-08,NVDA,2,0.548898,0.6,1,CALM,13.65
2023-06-08,TSLA,2,0.493108,0.6,1,CALM,13.65
2023-06-09,AAPL,2,0.667944,0.6,1,CALM,13.83
2023-06-09,JPM,2,0.605198,0.6,1,CALM,13.83
2023-06-09,MSFT,2,0.617106,0.6,1,CALM,13.83
2023-06-09,NVDA,2,0.535588,0.6,1,CALM,13.83
2023-06-09,TSLA,2,0.500946,0.6,1,CALM,13.83
2023-06-12,AAPL,2,0.670068,0.6,1,CALM,15.01
2023-06-12,JPM,2,0.603239,0.6,1,CALM,15.01
2023-06-12,MSFT,2,0.613966,0.6,1,CALM,15.01
2023-06-12,NVDA,2,0.522505,0.6,1,CALM,15.01
2023-06-12,TSLA,2,0.507675,0.6,1,CALM,15.01
2023-06-13,AAPL,2,0.671125,0.6,1,CALM,14.61
2023-06-13,JPM,2,0.59985,0.6,1,CALM,14.61
2023-06-13,MSFT,2,0.61419,0.6,0,CALM,14.61
2023-06-13,NVDA,2,0.511747,0.6,1,CALM,14.61
2023-06-13,TSLA,2,0.512994,0.6,1,CALM,14.61
2023-06-14,AAPL,2,0.669132,0.6,1,CALM,13.88
2023-06-14,JPM,2,0.591733,0.6,0,CALM,13.88
2023-06-14,MSFT,2,0.616918,0.6,1,CALM,13.88
2023-06-14,NVDA,2,0.505278,0.6,1,CALM,13.88
2023-06-14,TSLA,2,0.518165,0.6,1,CALM,13.88
2023-06-15,AAPL,2,0.667632,0.6,1,CALM,14.5
2023-06-15,JPM,2,0.58521,0.6,0,CALM,14.5
2023-06-15,MSFT,2,0.626612,0.6,0,CALM,14.5
2023-06-15,NVDA,2,0.499908,0.6,0,CALM,14.5
2023-06-15,TSLA,2,0.523549,0.6,1,CALM,14.5
2023-06-16,AAPL,2,0.665959,0.6,1,CALM,13.54
2023-06-16,JPM,2,0.58084,0.6,0,CALM,13.54
2023-06-16,MSFT,2,0.634562,0.6,0,CALM,13.54
2023-06-16,NVDA,2,0.494356,0.6,0,CALM,13.54
2023-06-16,TSLA,2,0.526637,0.6,0,CALM,13.54
2023-06-20,AAPL,2,0.661172,0.6,1,CALM,13.88
2023-06-20,JPM,2,0.576599,0.6,0,CALM,13.88
2023-06-20,MSFT,2,0.634254,0.6,0,CALM,13.88
2023-06-20,NVDA,2,0.490942,0.6,0,CALM,13.88
2023-06-20,TSLA,2,0.527744,0.6,0,CALM,13.88
2023-06-21,AAPL,2,0.652746,0.6,1,CALM,13.2
2023-06-21,JPM,2,0.574769,0.6,0,CALM,13.2
2023-06-21,MSFT,2,0.627969,0.6,1,CALM,13.2
2023-06-21,NVDA,2,0.488117,0.6,0,CALM,13.2
2023-06-21,TSLA,2,0.531316,0.6,0,CALM,13.2
2023-06-22,AAPL,2,0.645976,0.6,1,CALM,12.91
2023-06-22,JPM,2,0.571602,0.6,1,CALM,12.91
2023-06-22,MSFT,2,0.623439,0.6,0,CALM,12.91
2023-06-22,NVDA,2,0.485914,0.6,0,CALM,12.91
2023-06-22,TSLA,2,0.532011,0.6,0,CALM,12.91
2023-06-23,AAPL,2,0.640435,0.6,1,CALM,13.44
2023-06-23,JPM,2,0.570957,0.6,1,CALM,13.44
2023-06-23,MSFT,2,0.616556,0.6,1,CALM,13.44
2023-06-23,NVDA,2,0.482246,0.6,1,CALM,13.44
2023-06-23,TSLA,2,0.531424,0.6,1,CALM,13.44
2023-06-26,AAPL,2,0.636221,0.6,1,CALM,14.25
2023-06-26,JPM,2,0.574371,0.6,1,CALM,14.25
2023-06-26,MSFT,2,0.609911,0.6,1,CALM,14.25
2023-06-26,NVDA,2,0.471016,0.6,1,CALM,14.25
2023-06-26,TSLA,2,0.524555,0.6,1,CALM,14.25
2023-06-27,AAPL,2,0.6397,0.6,1,CALM,13.74
2023-06-27,JPM,2,0.579306,0.6,1,CALM,13.74
2023-06-27,MSFT,2,0.612683,0.6,1,CALM,13.74
2023-06-27,NVDA,2,0.46267,0.6,1,CALM,13.74
2023-06-27,TSLA,2,0.506351,0.6,1,CALM,13.74
2023-06-28,AAPL,2,0.648416,0.6,1,CALM,13.43
2023-06-28,JPM,2,0.58269,0.6,1,CALM,13.43
2023-06-28,MSFT,2,0.619404,0.6,1,CALM,13.43
2023-06-28,NVDA,2,0.452009,0.6,1,CALM,13.43
2023-06-28,TSLA,2,0.487199,0.6,1,CALM,13.43
2023-06-29,AAPL,2,0.658789,0.6,1,CALM,13.54
2023-06-29,JPM,2,0.600666,0.6,1,CALM,13.54
2023-06-29,MSFT,2,0.626442,0.6,1,CALM,13.54
2023-06-29,NVDA,2,0.442465,0.6,1,CALM,13.54
2023-06-29,TSLA,2,0.46929,0.6,1,CALM,13.54
2023-06-30,AAPL,2,0.677223,0.6,0,CALM,13.59
2023-06-30,JPM,2,0.629946,0.6,1,CALM,13.59
2023-06-30,MSFT,2,0.638912,0.6,0,CALM,13.59
2023-06-30,NVDA,2,0.435777,0.6,0,CALM,13.59
2023-06-30,TSLA,2,0.454014,0.6,1,CALM,13.59
2023-07-03,AAPL,2,0.689784,0.6,0,CALM,13.57
2023-07-03,JPM,2,0.656778,0.6,1,CALM,13.57
2023-07-03,MSFT,2,0.649981,0.6,0,CALM,13.57
2023-07-03,NVDA,2,0.432645,0.6,0,CALM,13.57
2023-07-03,TSLA,2,0.44788,0.6,0,CALM,13.57
2023-07-05,AAPL,2,0.695703,0.6,0,CALM,14.18
2023-07-05,JPM,2,0.674266,0.6,1,CALM,14.18
2023-07-05,MSFT,2,0.65755,0.6,0,CALM,14.18
2023-07-05,NVDA,2,0.434286,0.6,1,CALM,14.18
2023-07-05,TSLA,2,0.447884,0.6,0,CALM,14.18
2023-07-06,AAPL,2,0.70014,0.6,0,CALM,15.44
2023-07-06,JPM,2,0.686569,0.6,1,CALM,15.44
2023-07-06,MSFT,2,0.667728,0.6,1,CALM,15.44
2023-07-06,NVDA,2,0.448854,0.6,1,CALM,15.44
2023-07-06,TSLA,2,0.444137,0.6,1,CALM,15.44
2023-07-07,AAPL,2,0.698915,0.6,1,CALM,14.83
2023-07-07,JPM,2,0.692492,0.6,1,CALM,14.83
2023-07-07,MSFT,2,0.672309,0.6,1,CALM,14.83
2023-07-07,NVDA,2,0.472986,0.6,1,CALM,14.83
2023-07-07,TSLA,2,0.440282,0.6,1,CALM,14.83
2023-07-10,AAPL,2,0.694071,0.6,1,CALM,15.07
2023-07-10,JPM,2,0.69575,0.6,1,CALM,15.07
2023-07-10,MSFT,2,0.673222,0.6,1,CALM,15.07
2023-07-10,NVDA,2,0.496692,0.6,1,CALM,15.07
2023-07-10,TSLA,2,0.433131,0.6,1,CALM,15.07
2023-07-11,AAPL,2,0.687814,0.6,1,CALM,14.84
2023-07-11,JPM,2,0.699068,0.6,1,CALM,14.84
2023-07-11,MSFT,2,0.673799,0.6,1,CALM,14.84
2023-07-11,NVDA,2,0.521886,0.6,1,CALM,14.84
2023-07-11,TSLA,2,0.42632,0.6,1,CALM,14.84
2023-07-12,AAPL,2,0.682886,0.6,1,CALM,13.54
2023-07-12,JPM,2,0.70112,0.6,1,CALM,13.54
2023-07-12,MSFT,2,0.67438,0.6,1,CALM,13.54
2023-07-12,NVDA,2,0.55468,0.6,1,CALM,13.54
2023-07-12,TSLA,2,0.422666,0.6,1,CALM,13.54
2023-07-13,AAPL,2,0.679599,0.6,1,CALM,13.61
2023-07-13,JPM,2,0.703428,0.6,1,CALM,13.61
2023-07-13,MSFT,2,0.676687,0.6,1,CALM,13.61
2023-07-13,NVDA,2,0.597306,0.6,0,CALM,13.61
2023-07-13,TSLA,2,0.422907,0.6,0,CALM,13.61
2023-07-14,AAPL,2,0.677841,0.6,1,CALM,13.34
2023-07-14,JPM,2,0.709115,0.6,1,CALM,13.34
2023-07-14,MSFT,2,0.682081,0.6,0,CALM,13.34
2023-07-14,NVDA,2,0.640247,0.6,0,CALM,13.34
2023-07-14,TSLA,2,0.426396,0.6,0,CALM,13.34
2023-07-17,AAPL,2,0.681333,0.6,0,CALM,13.48
2023-07-17,JPM,2,0.718811,0.6,1,CALM,13.48
2023-07-17,MSFT,2,0.688319,0.6,0,CALM,13.48
2023-07-17,NVDA,2,0.676911,0.6,0,CALM,13.48
2023-07-17,TSLA,2,0.438168,0.6,0,CALM,13.48
2023-07-18,AAPL,2,0.683922,0.6,0,CALM,13.3
2023-07-18,JPM,2,0.728195,0.6,1,CALM,13.3
2023-07-18,MSFT,2,0.702557,0.6,0,CALM,13.3
2023-07-18,NVDA,2,0.706032,0.6,0,CALM,13.3
2023-07-18,TSLA,2,0.456609,0.6,0,CALM,13.3
2023-07-19,AAPL,2,0.690418,0.6,0,CALM,13.76
2023-07-19,JPM,2,0.734922,0.6,1,CALM,13.76
2023-07-19,MSFT,2,0.717538,0.6,0,CALM,13.76
2023-07-19,NVDA,2,0.72639,0.6,0,CALM,13.76
2023-07-19,TSLA,2,0.475666,0.6,0,CALM,13.76
2023-07-20,AAPL,2,0.695633,0.6,1,CALM,13.99
2023-07-20,JPM,2,0.738369,0.6,0,CALM,13.99
2023-07-20,MSFT,2,0.724506,0.6,0,CALM,13.99
2023-07-20,NVDA,2,0.732338,0.6,1,CALM,13.99
2023-07-20,TSLA,2,0.482429,0.6,0,CALM,13.99
2023-07-21,AAPL,2,0.699265,0.6,1,CALM,13.6
2023-07-21,JPM,2,0.73414,0.6,1,CALM,13.6
2023-07-21,MSFT,2,0.728248,0.6,0,CALM,13.6
2023-07-21,NVDA,2,0.73082,0.6,1,CALM,13.6
2023-07-21,TSLA,2,0.486013,0.6,1,CALM,13.6
2023-07-24,AAPL,2,0.702698,0.6,1,CALM,13.91
2023-07-24,JPM,2,0.729195,0.6,0,CALM,13.91
2023-07-24,MSFT,2,0.732394,0.6,0,CALM,13.91
2023-07-24,NVDA,2,0.721613,0.6,1,CALM,13.91
2023-07-24,TSLA,2,0.494866,0.6,0,CALM,13.91
2023-07-25,AAPL,2,0.706096,0.6,1,CALM,13.86
2023-07-25,JPM,2,0.721094,0.6,1,CALM,13.86
2023-07-25,MSFT,2,0.734293,0.6,0,CALM,13.86
2023-07-25,NVDA,2,0.712139,0.6,1,CALM,13.86
2023-07-25,TSLA,2,0.509409,0.6,0,CALM,13.86
2023-07-26,AAPL,2,0.708952,0.6,0,CALM,13.19
2023-07-26,JPM,2,0.708652,0.6,0,CALM,13.19
2023-07-26,MSFT,2,0.732396,0.6,0,CALM,13.19
2023-07-26,NVDA,2,0.702722,0.6,0,CALM,13.19
2023-07-26,TSLA,2,0.527147,0.6,0,CALM,13.19
2023-07-27,AAPL,2,0.713267,0.6,0,CALM,14.41
2023-07-27,JPM,2,0.696241,0.6,1,CALM,14.41
2023-07-27,MSFT,2,0.729173,0.6,0,CALM,14.41
2023-07-27,NVDA,2,0.699192,0.6,0,CALM,14.41
2023-07-27,TSLA,2,0.546454,0.6,1,CALM,14.41
2023-07-28,AAPL,2,0.720009,0.6,0,CALM,13.33
2023-07-28,JPM,2,0.684686,0.6,0,CALM,13.33
2023-07-28,MSFT,2,0.726897,0.6,0,CALM,13.33
2023-07-28,NVDA,2,0.701651,0.6,0,CALM,13.33
2023-07-28,TSLA,2,0.570882,0.6,0,CALM,13.33
2023-07-31,AAPL,2,0.726808,0.6,0,CALM,13.63
2023-07-31,JPM,2,0.677282,0.6,0,CALM,13.63
2023-07-31,MSFT,2,0.724082,0.6,0,CALM,13.63
2023-07-31,NVDA,2,0.705767,0.6,0,CALM,13.63
2023-07-31,TSLA,2,0.593799,0.6,0,CALM,13.63
2023-08-01,AAPL,2,0.731934,0.6,0,CALM,13.93
2023-08-01,JPM,2,0.672696,0.6,0,CALM,13.93
2023-08-01,MSFT,2,0.721686,0.6,0,CALM,13.93
2023-08-01,NVDA,2,0.707433,0.6,0,CALM,13.93
2023-08-01,TSLA,2,0.611024,0.6,0,CALM,13.93
2023-08-02,AAPL,2,0.737061,0.6,0,CALM,16.09
2023-08-02,JPM,2,0.669613,0.6,0,CALM,16.09
2023-08-02,MSFT,2,0.722819,0.6,0,CALM,16.09
2023-08-02,NVDA,2,0.705494,0.6,0,CALM,16.09
2023-08-02,TSLA,2,0.627195,0.6,0,CALM,16.09
2023-08-03,AAPL,2,0.73876,0.6,0,CALM,15.92
2023-08-03,JPM,2,0.667878,0.6,0,CALM,15.92
2023-08-03,MSFT,2,0.72254,0.6,0,CALM,15.92
2023-08-03,NVDA,2,0.702228,0.6,0,CALM,15.92
2023-08-03,TSLA,2,0.642395,0.6,0,CALM,15.92
2023-08-04,AAPL,2,0.735289,0.6,0,CALM,17.1
2023-08-04,JPM,2,0.666661,0.6,0,CALM,17.1
2023-08-04,MSFT,2,0.722794,0.6,0,CALM,17.1
2023-08-04,NVDA,2,0.69855,0.6,0,CALM,17.1
2023-08-04,TSLA,2,0.654246,0.6,0,CALM,17.1
2023-08-07,AAPL,2,0.725518,0.6,1,CALM,15.77
2023-08-07,JPM,2,0.665354,0.6,0,CALM,15.77
2023-08-07,MSFT,2,0.719332,0.6,0,CALM,15.77
2023-08-07,NVDA,2,0.695602,0.6,0,CALM,15.77
2023-08-07,TSLA,2,0.661008,0.6,0,CALM,15.77
2023-08-08,AAPL,2,0.713286,0.6,0,CALM,15.99
2023-08-08,JPM,2,0.664326,0.6,0,CALM,15.99
2023-08-08,MSFT,2,0.713896,0.6,0,CALM,15.99
2023-08-08,NVDA,2,0.692124,0.6,0,CALM,15.99
2023-08-08,TSLA,2,0.662769,0.6,0,CALM,15.99
2023-08-09,AAPL,2,0.698416,0.6,0,CALM,15.96
2023-08-09,JPM,2,0.660874,0.6,0,CALM,15.96
2023-08-09,MSFT,2,0.706129,0.6,0,CALM,15.96
2023-08-09,NVDA,2,0.686557,0.6,1,CALM,15.96
2023-08-09,TSLA,2,0.660462,0.6,0,CALM,15.96
2023-08-10,AAPL,2,0.684182,0.6,0,CALM,15.85
2023-08-10,JPM,2,0.657487,0.6,0,CALM,15.85
2023-08-10,MSFT,2,0.697945,0.6,0,CALM,15.85
2023-08-10,NVDA,2,0.681598,0.6,1,CALM,15.85
2023-08-10,TSLA,2,0.65452,0.6,0,CALM,15.85
2023-08-11,AAPL,2,0.670804,0.6,0,CALM,14.84
2023-08-11,JPM,2,0.656017,0.6,0,CALM,14.84
2023-08-11,MSFT,2,0.689357,0.6,0,CALM,14.84
2023-08-11,NVDA,2,0.673886,0.6,1,CALM,14.84
2023-08-11,TSLA,2,0.645057,0.6,0,CALM,14.84
2023-08-14,AAPL,2,0.659861,0.6,0,CALM,14.82
2023-08-14,JPM,2,0.657007,0.6,0,CALM,14.82
2023-08-14,MSFT,2,0.682145,0.6,0,CALM,14.82
2023-08-14,NVDA,2,0.673432,0.6,1,CALM,14.82
2023-08-14,TSLA,2,0.63645,0.6,0,CALM,14.82
2023-08-15,AAPL,2,0.650611,0.6,0,CALM,16.46
2023-08-15,JPM,2,0.658353,0.6,0,CALM,16.46
2023-08-15,MSFT,2,0.680339,0.6,1,CALM,16.46
2023-08-15,NVDA,2,0.674657,0.6,1,CALM,16.46
2023-08-15,TSLA,2,0.630956,0.6,1,CALM,16.46
2023-08-16,AAPL,2,0.642226,0.6,1,CALM,16.78
2023-08-16,JPM,2,0.660895,0.6,0,CALM,16.78
2023-08-16,MSFT,2,0.679868,0.6,1,CALM,16.78
2023-08-16,NVDA,2,0.679675,0.6,1,CALM,16.78
2023-08-16,TSLA,2,0.627778,0.6,1,CALM,16.78
2023-08-17,AAPL,2,0.633348,0.6,1,CALM,17.89
2023-08-17,JPM,2,0.66319,0.6,0,CALM,17.89
2023-08-17,MSFT,2,0.679095,0.6,1,CALM,17.89
2023-08-17,NVDA,2,0.685101,0.6,1,CALM,17.89
2023-08-17,TSLA,2,0.625092,0.6,1,CALM,17.89
2023-08-18,AAPL,2,0.62661,0.6,1,CALM,17.3
2023-08-18,JPM,2,0.665788,0.6,0,CALM,17.3
2023-08-18,MSFT,2,0.677407,0.6,1,CALM,17.3
2023-08-18,NVDA,2,0.689867,0.6,1,CALM,17.3
2023-08-18,TSLA,2,0.621232,0.6,1,CALM,17.3
2023-08-21,AAPL,2,0.620437,0.6,1,CALM,17.13
2023-08-21,JPM,2,0.668681,0.6,0,CALM,17.13
2023-08-21,MSFT,2,0.676429,0.6,1,CALM,17.13
2023-08-21,NVDA,2,0.693192,0.6,0,CALM,17.13
2023-08-21,TSLA,2,0.607109,0.6,1,CALM,17.13
2023-08-22,AAPL,2,0.6124,0.6,1,CALM,16.97
2023-08-22,JPM,2,0.669389,0.6,1,CALM,16.97
2023-08-22,MSFT,2,0.67653,0.6,1,CALM,16.97
2023-08-22,NVDA,2,0.695146,0.6,1,CALM,16.97
2023-08-22,TSLA,2,0.590218,0.6,1,CALM,16.97
2023-08-23,AAPL,2,0.605876,0.6,1,CALM,15.98
2023-08-23,JPM,2,0.669402,0.6,1,CALM,15.98
2023-08-23,MSFT,2,0.679876,0.6,1,CALM,15.98
2023-08-23,NVDA,2,0.694646,0.6,1,CALM,15.98
2023-08-23,TSLA,2,0.577726,0.6,1,CALM,15.98
2023-08-24,AAPL,2,0.601858,0.6,1,CALM,17.2
2023-08-24,JPM,2,0.668616,0.6,0,CALM,17.2
2023-08-24,MSFT,2,0.684091,0.6,1,CALM,17.2
2023-08-24,NVDA,2,0.692977,0.6,1,CALM,17.2
2023-08-24,TSLA,2,0.569936,0.6,1,CALM,17.2
2023-08-25,AAPL,2,0.601148,0.6,1,CALM,15.68
2023-08-25,JPM,2,0.665977,0.6,0,CALM,15.68
2023-08-25,MSFT,2,0.688611,0.6,1,CALM,15.68
2023-08-25,NVDA,2,0.692315,0.6,1,CALM,15.68
2023-08-25,TSLA,2,0.557895,0.6,1,CALM,15.68
2023-08-28,AAPL,2,0.603505,0.6,1,CALM,15.08
2023-08-28,JPM,2,0.663406,0.6,0,CALM,15.08
2023-08-28,MSFT,2,0.693123,0.6,1,CALM,15.08
2023-08-28,NVDA,2,0.684446,0.6,1,CALM,15.08
2023-08-28,TSLA,2,0.549531,0.6,1,CALM,15.08
2023-08-29,AAPL,2,0.612014,0.6,0,CALM,14.45
2023-08-29,JPM,2,0.662052,0.6,0,CALM,14.45
2023-08-29,MSFT,2,0.69986,0.6,1,CALM,14.45
2023-08-29,NVDA,2,0.673516,0.6,0,CALM,14.45
2023-08-29,TSLA,2,0.537495,0.6,0,CALM,14.45
2023-08-30,AAPL,2,0.623743,0.6,0,CALM,13.88
2023-08-30,JPM,2,0.661901,0.6,0,CALM,13.88
2023-08-30,MSFT,2,0.706029,0.6,1,CALM,13.88
2023-08-30,NVDA,2,0.662786,0.6,0,CALM,13.88
2023-08-30,TSLA,2,0.527616,0.6,0,CALM,13.88
2023-08-31,AAPL,2,0.637837,0.6,0,CALM,13.57
2023-08-31,JPM,2,0.665216,0.6,0,CALM,13.57
2023-08-31,MSFT,2,0.711484,0.6,1,CALM,13.57
2023-08-31,NVDA,2,0.646331,0.6,0,CALM,13.57
2023-08-31,TSLA,2,0.522129,0.6,0,CALM,13.57
2023-09-01,AAPL,2,0.650215,0.6,0,CALM,13.09
2023-09-01,JPM,2,0.669632,0.6,0,CALM,13.09
2023-09-01,MSFT,2,0.716087,0.6,1,CALM,13.09
2023-09-01,NVDA,2,0.622685,0.6,0,CALM,13.09
2023-09-01,TSLA,2,0.522367,0.6,1,CALM,13.09
2023-09-05,AAPL,2,0.659653,0.6,0,CALM,14.01
2023-09-05,JPM,2,0.673054,0.6,1,CALM,14.01
2023-09-05,MSFT,2,0.719958,0.6,0,CALM,14.01
2023-09-05,NVDA,2,0.595488,0.6,0,CALM,14.01
2023-09-05,TSLA,2,0.513056,0.6,1,CALM,14.01
2023-09-06,AAPL,2,0.664348,0.6,0,CALM,14.45
2023-09-06,JPM,2,0.677338,0.6,1,CALM,14.45
2023-09-06,MSFT,2,0.722315,0.6,1,CALM,14.45
2023-09-06,NVDA,2,0.566289,0.6,0,CALM,14.45
2023-09-06,TSLA,2,0.506341,0.6,1,CALM,14.45
2023-09-07,AAPL,2,0.663438,0.6,0,CALM,14.4
2023-09-07,JPM,2,0.682257,0.6,1,CALM,14.4
2023-09-07,MSFT,2,0.721696,0.6,1,CALM,14.4
2023-09-07,NVDA,2,0.539473,0.6,0,CALM,14.4
2023-09-07,TSLA,2,0.502134,0.6,1,CALM,14.4
2023-09-08,AAPL,2,0.659959,0.6,0,CALM,13.84
2023-09-08,JPM,2,0.688741,0.6,1,CALM,13.84
2023-09-08,MSFT,2,0.721571,0.6,0,CALM,13.84
2023-09-08,NVDA,2,0.506808,0.6,0,CALM,13.84
2023-09-08,TSLA,2,0.498654,0.6,1,CALM,13.84
2023-09-11,AAPL,2,0.657715,0.6,0,CALM,13.8
2023-09-11,JPM,2,0.694727,0.6,1,CALM,13.8
2023-09-11,MSFT,2,0.721102,0.6,0,CALM,13.8
2023-09-11,NVDA,2,0.48427,0.6,0,CALM,13.8
2023-09-11,TSLA,2,0.494407,0.6,0,CALM,13.8
2023-09-12,AAPL,2,0.656832,0.6,1,CALM,14.23
2023-09-12,JPM,2,0.703161,0.6,1,CALM,14.23
2023-09-12,MSFT,2,0.719959,0.6,0,CALM,14.23
2023-09-12,NVDA,2,0.469118,0.6,0,CALM,14.23
2023-09-12,TSLA,2,0.493322,0.6,0,CALM,14.23
2023-09-13,AAPL,2,0.658263,0.6,1,CALM,13.48
2023-09-13,JPM,2,0.712689,0.6,1,CALM,13.48
2023-09-13,MSFT,2,0.717445,0.6,0,CALM,13.48
2023-09-13,NVDA,2,0.466095,0.6,0,CALM,13.48
2023-09-13,TSLA,2,0.491075,0.6,0,CALM,13.48
2023-09-14,AAPL,2,0.662467,0.6,0,CALM,12.82
2023-09-14,JPM,2,0.724697,0.6,0,CALM,12.82
2023-09-14,MSFT,2,0.713345,0.6,0,CALM,12.82
2023-09-14,NVDA,2,0.480441,0.6,0,CALM,12.82
2023-09-14,TSLA,2,0.488472,0.6,0,CALM,12.82
2023-09-15,AAPL,2,0.669679,0.6,0,CALM,13.79
2023-09-15,JPM,2,0.736489,0.6,0,CALM,13.79
2023-09-15,MSFT,2,0.710543,0.6,0,CALM,13.79
2023-09-15,NVDA,2,0.498272,0.6,0,CALM,13.79
2023-09-15,TSLA,2,0.485902,0.6,0,CALM,13.79
2023-09-18,AAPL,2,0.678929,0.6,0,CALM,14.0
2023-09-18,JPM,2,0.742906,0.6,0,CALM,14.0
2023-09-18,MSFT,2,0.707664,0.6,0,CALM,14.0
2023-09-18,NVDA,2,0.519059,0.6,0,CALM,14.0
2023-09-18,TSLA,2,0.482984,0.6,0,CALM,14.0
2023-09-19,AAPL,2,0.688497,0.6,0,CALM,14.11
2023-09-19,JPM,2,0.747709,0.6,0,CALM,14.11
2023-09-19,MSFT,2,0.704078,0.6,0,CALM,14.11
2023-09-19,NVDA,2,0.537909,0.6,0,CALM,14.11
2023-09-19,TSLA,2,0.481108,0.6,0,CALM,14.11
2023-09-20,AAPL,2,0.696526,0.6,0,CALM,15.14
2023-09-20,JPM,2,0.751586,0.6,0,CALM,15.14
2023-09-20,MSFT,2,0.698689,0.6,0,CALM,15.14
2023-09-20,NVDA,2,0.554839,0.6,1,CALM,15.14
2023-09-20,TSLA,2,0.480072,0.6,0,CALM,15.14
2023-09-21,AAPL,2,0.702231,0.6,0,CALM,17.54
2023-09-21,JPM,2,0.756077,0.6,1,CALM,17.54
2023-09-21,MSFT,2,0.695877,0.6,0,CALM,17.54
2023-09-21,NVDA,2,0.567634,0.6,1,CALM,17.54
2023-09-21,TSLA,2,0.473151,0.6,0,CALM,17.54
2023-09-22,AAPL,2,0.703924,0.6,0,CALM,17.2
2023-09-22,JPM,2,0.755864,0.6,0,CALM,17.2
2023-09-22,MSFT,2,0.69143,0.6,0,CALM,17.2
2023-09-22,NVDA,2,0.574767,0.6,1,CALM,17.2
2023-09-22,TSLA,2,0.459141,0.6,1,CALM,17.2
2023-09-25,AAPL,2,0.702897,0.6,0,CALM,16.9
2023-09-25,JPM,2,0.75138,0.6,0,CALM,16.9
2023-09-25,MSFT,2,0.686009,0.6,1,CALM,16.9
2023-09-25,NVDA,2,0.579559,0.6,1,CALM,16.9
2023-09-25,TSLA,2,0.448157,0.6,1,CALM,16.9
2023-09-26,AAPL,2,0.698549,0.6,1,CALM,18.94
2023-09-26,JPM,2,0.744342,0.6,0,CALM,18.94
2023-09-26,MSFT,2,0.680146,0.6,1,CALM,18.94
2023-09-26,NVDA,2,0.58132,0.6,1,CALM,18.94
2023-09-26,TSLA,2,0.437875,0.6,1,CALM,18.94
2023-09-27,AAPL,2,0.688844,0.6,1,CALM,18.22
2023-09-27,JPM,2,0.734085,0.6,0,CALM,18.22
2023-09-27,MSFT,2,0.670281,0.6,1,CALM,18.22
2023-09-27,NVDA,2,0.578531,0.6,1,CALM,18.22
2023-09-27,TSLA,2,0.429133,0.6,1,CALM,18.22
2023-09-28,AAPL,2,0.676317,0.6,1,CALM,17.34
2023-09-28,JPM,2,0.724637,0.6,0,CALM,17.34
2023-09-28,MSFT,2,0.659662,0.6,1,CALM,17.34
2023-09-28,NVDA,2,0.570757,0.6,1,CALM,17.34
2023-09-28,TSLA,2,0.429033,0.6,1,CALM,17.34
2023-09-29,AAPL,2,0.663989,0.6,1,CALM,17.52
2023-09-29,JPM,2,0.717,0.6,1,CALM,17.52
2023-09-29,MSFT,2,0.650922,0.6,1,CALM,17.52
2023-09-29,NVDA,2,0.561953,0.6,1,CALM,17.52
2023-09-29,TSLA,2,0.433335,0.6,1,CALM,17.52
2023-10-02,AAPL,2,0.653146,0.6,1,CALM,17.61
2023-10-02,JPM,2,0.70861,0.6,1,CALM,17.61
2023-10-02,MSFT,2,0.64484,0.6,1,CALM,17.61
2023-10-02,NVDA,2,0.553718,0.6,1,CALM,17.61
2023-10-02,TSLA,2,0.439236,0.6,1,CALM,17.61
2023-10-03,AAPL,2,0.644979,0.6,1,CALM,19.78
2023-10-03,JPM,2,0.699673,0.6,1,CALM,19.78
2023-10-03,MSFT,2,0.639588,0.6,1,CALM,19.78
2023-10-03,NVDA,2,0.546354,0.6,1,CALM,19.78
2023-10-03,TSLA,2,0.444868,0.6,1,CALM,19.78
2023-10-04,AAPL,2,0.640043,0.6,1,CALM,18.58
2023-10-04,JPM,2,0.690298,0.6,1,CALM,18.58
2023-10-04,MSFT,2,0.634042,0.6,1,CALM,18.58
2023-10-04,NVDA,2,0.539566,0.6,1,CALM,18.58
2023-10-04,TSLA,2,0.453705,0.6,1,CALM,18.58
2023-10-05,AAPL,2,0.637039,0.6,1,CALM,18.49
2023-10-05,JPM,2,0.681662,0.6,1,CALM,18.49
2023-10-05,MSFT,2,0.627928,0.6,1,CALM,18.49
2023-10-05,NVDA,2,0.531302,0.6,1,CALM,18.49
2023-10-05,TSLA,2,0.461381,0.6,0,CALM,18.49
2023-10-06,AAPL,2,0.636818,0.6,1,CALM,17.45
2023-10-06,JPM,2,0.676354,0.6,1,CALM,17.45
2023-10-06,MSFT,2,0.623155,0.6,1,CALM,17.45
2023-10-06,NVDA,2,0.523462,0.6,0,CALM,17.45
2023-10-06,TSLA,2,0.467777,0.6,0,CALM,17.45
2023-10-09,AAPL,2,0.638131,0.6,0,CALM,17.7
2023-10-09,JPM,2,0.673579,0.6,1,CALM,17.7
2023-10-09,MSFT,2,0.620521,0.6,1,CALM,17.7
2023-10-09,NVDA,2,0.516709,0.6,1,CALM,17.7
2023-10-09,TSLA,2,0.470967,0.6,0,CALM,17.7
2023-10-10,AAPL,2,0.639607,0.6,0,CALM,17.03
2023-10-10,JPM,2,0.673118,0.6,1,CALM,17.03
2023-10-10,MSFT,2,0.617583,0.6,1,CALM,17.03
2023-10-10,NVDA,2,0.510261,0.6,0,CALM,17.03
2023-10-10,TSLA,2,0.473395,0.6,0,CALM,17.03
2023-10-11,AAPL,2,0.641596,0.6,0,CALM,16.09
2023-10-11,JPM,2,0.674661,0.6,0,CALM,16.09
2023-10-11,MSFT,2,0.613872,0.6,0,CALM,16.09
2023-10-11,NVDA,2,0.503744,0.6,0,CALM,16.09
2023-10-11,TSLA,2,0.475984,0.6,0,CALM,16.09
2023-10-12,AAPL,2,0.643746,0.6,0,CALM,16.69
2023-10-12,JPM,2,0.677638,0.6,0,CALM,16.69
2023-10-12,MSFT,2,0.613059,0.6,1,CALM,16.69
2023-10-12,NVDA,2,0.501932,0.6,0,CALM,16.69
2023-10-12,TSLA,2,0.477863,0.6,0,CALM,16.69
2023-10-13,AAPL,2,0.643014,0.6,0,CALM,19.32
2023-10-13,JPM,2,0.682382,0.6,0,CALM,19.32
2023-10-13,MSFT,2,0.611358,0.6,0,CALM,19.32
2023-10-13,NVDA,2,0.498297,0.6,0,CALM,19.32
2023-10-13,TSLA,2,0.476514,0.6,0,CALM,19.32
2023-10-16,AAPL,2,0.640524,0.6,0,CALM,17.21
2023-10-16,JPM,2,0.690158,0.6,0,CALM,17.21
2023-10-16,MSFT,2,0.609161,0.6,0,CALM,17.21
2023-10-16,NVDA,2,0.494491,0.6,0,CALM,17.21
2023-10-16,TSLA,2,0.479973,0.6,0,CALM,17.21
2023-10-17,AAPL,2,0.637613,0.6,0,CALM,17.88
2023-10-17,JPM,2,0.696314,0.6,0,CALM,17.88
2023-10-17,MSFT,2,0.606994,0.6,0,CALM,17.88
2023-10-17,NVDA,2,0.490646,0.6,0,CALM,17.88
2023-10-17,TSLA,2,0.486512,0.6,0,CALM,17.88
2023-10-18,AAPL,2,0.633069,0.6,0,CALM,19.22
2023-10-18,JPM,2,0.700905,0.6,0,CALM,19.22
2023-10-18,MSFT,2,0.604425,0.6,1,CALM,19.22
2023-10-18,NVDA,2,0.483342,0.6,0,CALM,19.22
2023-10-18,TSLA,2,0.492187,0.6,0,CALM,19.22
2023-10-19,AAPL,2,0.628599,0.6,0,CALM,21.4
2023-10-19,JPM,2,0.702612,0.6,0,CALM,21.4
2023-10-19,MSFT,2,0.601861,0.6,0,CALM,21.4
2023-10-19,NVDA,2,0.47525,0.6,0,CALM,21.4
2023-10-19,TSLA,2,0.500431,0.6,0,CALM,21.4
2023-10-20,AAPL,2,0.62308,0.6,0,CALM,21.71
2023-10-20,JPM,2,0.698674,0.6,0,CALM,21.71
2023-10-20,MSFT,2,0.59716,0.6,1,CALM,21.71
2023-10-20,NVDA,2,0.470538,0.6,0,CALM,21.71
2023-10-20,TSLA,2,0.518185,0.6,0,CALM,21.71
2023-10-23,AAPL,2,0.616971,0.6,0,CALM,20.37
2023-10-23,JPM,2,0.691424,0.6,0,CALM,20.37
2023-10-23,MSFT,2,0.593754,0.6,1,CALM,20.37
2023-10-23,NVDA,2,0.472391,0.6,0,CALM,20.37
2023-10-23,TSLA,2,0.536894,0.6,0,CALM,20.37
2023-10-24,AAPL,2,0.614612,0.6,0,CALM,18.97
2023-10-24,JPM,2,0.68247,0.6,0,CALM,18.97
2023-10-24,MSFT,2,0.594841,0.6,1,CALM,18.97
2023-10-24,NVDA,2,0.484016,0.6,0,CALM,18.97
2023-10-24,TSLA,2,0.552985,0.6,0,CALM,18.97
2023-10-25,AAPL,2,0.616805,0.6,1,CALM,20.19
2023-10-25,JPM,2,0.676786,0.6,0,CALM,20.19
2023-10-25,MSFT,2,0.606263,0.6,1,CALM,20.19
2023-10-25,NVDA,2,0.503724,0.6,1,CALM,20.19
2023-10-25,TSLA,2,0.572134,0.6,0,CALM,20.19
2023-10-26,AAPL,2,0.620619,0.6,1,CALM,20.68
2023-10-26,JPM,2,0.673219,0.6,1,CALM,20.68
2023-10-26,MSFT,2,0.616779,0.6,1,CALM,20.68
2023-10-26,NVDA,2,0.522581,0.6,1,CALM,20.68
2023-10-26,TSLA,2,0.588117,0.6,1,CALM,20.68
2023-10-27,AAPL,2,0.625234,0.6,1,CALM,21.27
2023-10-27,JPM,2,0.671971,0.6,1,CALM,21.27
2023-10-27,MSFT,2,0.626624,0.6,1,CALM,21.27
2023-10-27,NVDA,2,0.539373,0.6,1,CALM,21.27
2023-10-27,TSLA,2,0.595653,0.6,1,CALM,21.27
2023-10-30,AAPL,2,0.631571,0.6,1,CALM,19.75
2023-10-30,JPM,2,0.670201,0.6,1,CALM,19.75
2023-10-30,MSFT,2,0.636906,0.6,1,CALM,19.75
2023-10-30,NVDA,2,0.555438,0.6,1,CALM,19.75
2023-10-30,TSLA,2,0.605938,0.6,1,CALM,19.75
2023-10-31,AAPL,2,0.640415,0.6,1,CALM,18.14
2023-10-31,JPM,2,0.671382,0.6,1,CALM,18.14
2023-10-31,MSFT,2,0.648879,0.6,1,CALM,18.14
2023-10-31,NVDA,2,0.571014,0.6,1,CALM,18.14
2023-10-31,TSLA,2,0.608698,0.6,1,CALM,18.14
2023-11-01,AAPL,3,0.630994,0.3,1,CALM,16.87
2023-11-01,JPM,3,0.640548,0.3,1,CALM,16.87
2023-11-01,MSFT,3,0.620377,0.3,1,CALM,16.87
2023-11-01,NVDA,3,0.580207,0.3,1,CALM,16.87
2023-11-01,TSLA,3,0.540688,0.3,1,CALM,16.87
2023-11-02,AAPL,3,0.641249,0.3,1,CALM,15.66
2023-11-02,JPM,3,0.644844,0.3,1,CALM,15.66
2023-11-02,MSFT,3,0.627985,0.3,1,CALM,15.66
2023-11-02,NVDA,3,0.589701,0.3,1,CALM,15.66
2023-11-02,TSLA,3,0.538087,0.3,0,CALM,15.66
2023-11-03,AAPL,3,0.649989,0.3,1,CALM,14.91
2023-11-03,JPM,3,0.653599,0.3,1,CALM,14.91
2023-11-03,MSFT,3,0.634824,0.3,1,CALM,14.91
2023-11-03,NVDA,3,0.600988,0.3,1,CALM,14.91
2023-11-03,TSLA,3,0.532889,0.3,0,CALM,14.91
2023-11-06,AAPL,3,0.651055,0.3,1,CALM,14.89
2023-11-06,JPM,3,0.661808,0.3,1,CALM,14.89
2023-11-06,MSFT,3,0.638771,0.3,1,CALM,14.89
2023-11-06,NVDA,3,0.610745,0.3,1,CALM,14.89
2023-11-06,TSLA,3,0.5311,0.3,1,CALM,14.89
2023-11-07,AAPL,3,0.64992,0.3,1,CALM,14.81
2023-11-07,JPM,3,0.660805,0.3,1,CALM,14.81
2023-11-07,MSFT,3,0.640383,0.3,1,CALM,14.81
2023-11-07,NVDA,3,0.618542,0.3,1,CALM,14.81
2023-11-07,TSLA,3,0.529833,0.3,1,CALM,14.81
2023-11-08,AAPL,3,0.647584,0.3,1,CALM,14.45
2023-11-08,JPM,3,0.655949,0.3,1,CALM,14.45
2023-11-08,MSFT,3,0.639277,0.3,1,CALM,14.45
2023-11-08,NVDA,3,0.612806,0.3,1,CALM,14.45
2023-11-08,TSLA,3,0.524209,0.3,1,CALM,14.45
2023-11-09,AAPL,3,0.643627,0.3,1,CALM,15.29
2023-11-09,JPM,3,0.650199,0.3,1,CALM,15.29
2023-11-09,MSFT,3,0.636836,0.3,1,CALM,15.29
2023-11-09,NVDA,3,0.59782,0.3,1,CALM,15.29
2023-11-09,TSLA,3,0.517623,0.3,1,CALM,15.29
2023-11-10,AAPL,3,0.637746,0.3,1,CALM,14.17
2023-11-10,JPM,3,0.641467,0.3,1,CALM,14.17
2023-11-10,MSFT,3,0.63172,0.3,1,CALM,14.17
2023-11-10,NVDA,3,0.591528,0.3,1,CALM,14.17
2023-11-10,TSLA,3,0.509695,0.3,1,CALM,14.17
2023-11-13,AAPL,3,0.633442,0.3,1,CALM,14.76
2023-11-13,JPM,3,0.633263,0.3,1,CALM,14.76
2023-11-13,MSFT,3,0.627927,0.3,1,CALM,14.76
2023-11-13,NVDA,3,0.5877,0.3,1,CALM,14.76
2023-11-13,TSLA,3,0.504809,0.3,1,CALM,14.76
2023-11-14,AAPL,3,0.625626,0.3,1,CALM,14.16
2023-11-14,JPM,3,0.624077,0.3,1,CALM,14.16
2023-11-14,MSFT,3,0.62169,0.3,1,CALM,14.16
2023-11-14,NVDA,3,0.583545,0.3,1,CALM,14.16
2023-11-14,TSLA,3,0.50326,0.3,1,CALM,14.16
2023-11-15,AAPL,3,0.620089,0.3,1,CALM,14.18
2023-11-15,JPM,3,0.617443,0.3,1,CALM,14.18
2023-11-15,MSFT,3,0.616556,0.3,1,CALM,14.18
2023-11-15,NVDA,3,0.580394,0.3,0,CALM,14.18
2023-11-15,TSLA,3,0.513018,0.3,0,CALM,14.18
2023-11-16,AAPL,3,0.617648,0.3,1,CALM,14.32
2023-11-16,JPM,3,0.61247,0.3,1,CALM,14.32
2023-11-16,MSFT,3,0.612389,0.3,1,CALM,14.32
2023-11-16,NVDA,3,0.57667,0.3,0,CALM,14.32
2023-11-16,TSLA,3,0.532324,0.3,1,CALM,14.32
2023-11-17,AAPL,3,0.615144,0.3,1,CALM,13.8
2023-11-17,JPM,3,0.609531,0.3,1,CALM,13.8
2023-11-17,MSFT,3,0.609021,0.3,1,CALM,13.8
2023-11-17,NVDA,3,0.572811,0.3,0,CALM,13.8
2023-11-17,TSLA,3,0.542981,0.3,1,CALM,13.8
2023-11-20,AAPL,3,0.612925,0.3,0,CALM,13.41
2023-11-20,JPM,3,0.60846,0.3,1,CALM,13.41
2023-11-20,MSFT,3,0.607363,0.3,1,CALM,13.41
2023-11-20,NVDA,3,0.568607,0.3,0,CALM,13.41
2023-11-20,TSLA,3,0.549593,0.3,1,CALM,13.41
2023-11-21,AAPL,3,0.611008,0.3,0,CALM,13.35
2023-11-21,JPM,3,0.607205,0.3,1,CALM,13.35
2023-11-21,MSFT,3,0.608578,0.3,1,CALM,13.35
2023-11-21,NVDA,3,0.565113,0.3,0,CALM,13.35
2023-11-21,TSLA,3,0.550552,0.3,1,CALM,13.35
2023-11-22,AAPL,3,0.608417,0.3,0,CALM,12.85
2023-11-22,JPM,3,0.606905,0.3,1,CALM,12.85
2023-11-22,MSFT,3,0.608236,0.3,1,CALM,12.85
2023-11-22,NVDA,3,0.562219,0.3,0,CALM,12.85
2023-11-22,TSLA,3,0.549962,0.3,1,CALM,12.85
2023-11-24,AAPL,3,0.605763,0.3,1,CALM,12.46
2023-11-24,JPM,3,0.605846,0.3,1,CALM,12.46
2023-11-24,MSFT,3,0.608937,0.3,0,CALM,12.46
2023-11-24,NVDA,3,0.559528,0.3,0,CALM,12.46
2023-11-24,TSLA,3,0.544679,0.3,1,CALM,12.46
2023-11-27,AAPL,3,0.602418,0.3,0,CALM,12.69
2023-11-27,JPM,3,0.60333,0.3,1,CALM,12.69
2023-11-27,MSFT,3,0.608909,0.3,0,CALM,12.69
2023-11-27,NVDA,3,0.558456,0.3,0,CALM,12.69
2023-11-27,TSLA,3,0.537101,0.3,0,CALM,12.69
2023-11-28,AAPL,3,0.599704,0.3,1,CALM,12.69
2023-11-28,JPM,3,0.601545,0.3,1,CALM,12.69
2023-11-28,MSFT,3,0.608386,0.3,0,CALM,12.69
2023-11-28,NVDA,3,0.557788,0.3,0,CALM,12.69
2023-11-28,TSLA,3,0.533427,0.3,0,CALM,12.69
2023-11-29,AAPL,3,0.59808,0.3,1,CALM,12.98
2023-11-29,JPM,3,0.600634,0.3,1,CALM,12.98
2023-11-29,MSFT,3,0.608265,0.3,0,CALM,12.98
2023-11-29,NVDA,3,0.558425,0.3,0,CALM,12.98
2023-11-29,TSLA,3,0.533052,0.3,0,CALM,12.98
2023-11-30,AAPL,3,0.597256,0.3,1,CALM,12.92
2023-11-30,JPM,3,0.602176,0.3,1,CALM,12.92
2023-11-30,MSFT,3,0.607882,0.3,0,CALM,12.92
2023-11-30,NVDA,3,0.559325,0.3,0,CALM,12.92
2023-11-30,TSLA,3,0.535777,0.3,1,CALM,12.92
2023-12-01,AAPL,3,0.598204,0.3,1,CALM,12.63
2023-12-01,JPM,3,0.606317,0.3,1,CALM,12.63
2023-12-01,MSFT,3,0.608672,0.3,0,CALM,12.63
2023-12-01,NVDA,3,0.55717,0.3,1,CALM,12.63
2023-12-01,TSLA,3,0.535791,0.3,1,CALM,12.63
2023-12-04,AAPL,3,0.600224,0.3,1,CALM,13.08
2023-12-04,JPM,3,0.610811,0.3,1,CALM,13.08
2023-12-04,MSFT,3,0.609827,0.3,1,CALM,13.08
2023-12-04,NVDA,3,0.556723,0.3,1,CALM,13.08
2023-12-04,TSLA,3,0.535997,0.3,1,CALM,13.08
2023-12-05,AAPL,3,0.602537,0.3,1,CALM,12.85
2023-12-05,JPM,3,0.613862,0.3,1,CALM,12.85
2023-12-05,MSFT,3,0.608884,0.3,1,CALM,12.85
2023-12-05,NVDA,3,0.557746,0.3,1,CALM,12.85
2023-12-05,TSLA,3,0.53281,0.3,0,CALM,12.85
2023-12-06,AAPL,3,0.607155,0.3,1,CALM,12.97
2023-12-06,JPM,3,0.61582,0.3,1,CALM,12.97
2023-12-06,MSFT,3,0.609459,0.3,1,CALM,12.97
2023-12-06,NVDA,3,0.559926,0.3,1,CALM,12.97
2023-12-06,TSLA,3,0.533377,0.3,0,CALM,12.97
2023-12-07,AAPL,3,0.611186,0.3,1,CALM,13.06
2023-12-07,JPM,3,0.617135,0.3,1,CALM,13.06
2023-12-07,MSFT,3,0.610213,0.3,0,CALM,13.06
2023-12-07,NVDA,3,0.562442,0.3,1,CALM,13.06
2023-12-07,TSLA,3,0.536133,0.3,1,CALM,13.06
2023-12-08,AAPL,3,0.615541,0.3,1,CALM,12.35
2023-12-08,JPM,3,0.619187,0.3,1,CALM,12.35
2023-12-08,MSFT,3,0.612258,0.3,0,CALM,12.35
2023-12-08,NVDA,3,0.567403,0.3,1,CALM,12.35
2023-12-08,TSLA,3,0.542139,0.3,1,CALM,12.35
2023-12-11,AAPL,3,0.620985,0.3,1,CALM,12.63
2023-12-11,JPM,3,0.621558,0.3,1,CALM,12.63
2023-12-11,MSFT,3,0.616451,0.3,1,CALM,12.63
2023-12-11,NVDA,3,0.576032,0.3,1,CALM,12.63
2023-12-11,TSLA,3,0.550961,0.3,1,CALM,12.63
2023-12-12,AAPL,3,0.624333,0.3,1,CALM,12.07
2023-12-12,JPM,3,0.62406,0.3,1,CALM,12.07
2023-12-12,MSFT,3,0.619611,0.3,0,CALM,12.07
2023-12-12,NVDA,3,0.583085,0.3,1,CALM,12.07
2023-12-12,TSLA,3,0.560229,0.3,1,CALM,12.07
2023-12-13,AAPL,3,0.62833,0.3,0,CALM,12.19
2023-12-13,JPM,3,0.627591,0.3,1,CALM,12.19
2023-12-13,MSFT,3,0.62438,0.3,0,CALM,12.19
2023-12-13,NVDA,3,0.592313,0.3,1,CALM,12.19
2023-12-13,TSLA,3,0.567283,0.3,1,CALM,12.19
2023-12-14,AAPL,3,0.632696,0.3,0,CALM,12.48
2023-12-14,JPM,3,0.631041,0.3,1,CALM,12.48
2023-12-14,MSFT,3,0.630316,0.3,1,CALM,12.48
2023-12-14,NVDA,3,0.600173,0.3,1,CALM,12.48
2023-12-14,TSLA,3,0.575533,0.3,1,CALM,12.48
2023-12-15,AAPL,3,0.638174,0.3,0,CALM,12.28
2023-12-15,JPM,3,0.635096,0.3,1,CALM,12.28
2023-12-15,MSFT,3,0.634536,0.3,1,CALM,12.28
2023-12-15,NVDA,3,0.606643,0.3,0,CALM,12.28
2023-12-15,TSLA,3,0.588492,0.3,0,CALM,12.28
2023-12-18,AAPL,3,0.640738,0.3,0,CALM,12.56
2023-12-18,JPM,3,0.637931,0.3,1,CALM,12.56
2023-12-18,MSFT,3,0.636478,0.3,1,CALM,12.56
2023-12-18,NVDA,3,0.611535,0.3,0,CALM,12.56
2023-12-18,TSLA,3,0.600254,0.3,1,CALM,12.56
2023-12-19,AAPL,3,0.643183,0.3,0,CALM,12.53
2023-12-19,JPM,3,0.639655,0.3,1,CALM,12.53
2023-12-19,MSFT,3,0.638706,0.3,1,CALM,12.53
2023-12-19,NVDA,3,0.615552,0.3,0,CALM,12.53
2023-12-19,TSLA,3,0.607491,0.3,1,CALM,12.53
2023-12-20,AAPL,3,0.645707,0.3,0,CALM,13.67
2023-12-20,JPM,3,0.640322,0.3,1,CALM,13.67
2023-12-20,MSFT,3,0.640692,0.3,1,CALM,13.67
2023-12-20,NVDA,3,0.617784,0.3,1,CALM,13.67
2023-12-20,TSLA,3,0.614526,0.3,1,CALM,13.67
2023-12-21,AAPL,3,0.64501,0.3,0,CALM,13.65
2023-12-21,JPM,3,0.637813,0.3,1,CALM,13.65
2023-12-21,MSFT,3,0.640989,0.3,1,CALM,13.65
2023-12-21,NVDA,3,0.615227,0.3,1,CALM,13.65
2023-12-21,TSLA,3,0.61258,0.3,0,CALM,13.65
2023-12-22,AAPL,3,0.642971,0.3,0,CALM,13.03
2023-12-22,JPM,3,0.635235,0.3,1,CALM,13.03
2023-12-22,MSFT,3,0.640726,0.3,0,CALM,13.03
2023-12-22,NVDA,3,0.613718,0.3,0,CALM,13.03
2023-12-22,TSLA,3,0.611834,0.3,0,CALM,13.03
2023-12-26,AAPL,3,0.640897,0.3,0,CALM,12.99
2023-12-26,JPM,3,0.632736,0.3,1,CALM,12.99
2023-12-26,MSFT,3,0.639783,0.3,0,CALM,12.99
2023-12-26,NVDA,3,0.610393,0.3,0,CALM,12.99
2023-12-26,TSLA,3,0.609795,0.3,0,CALM,12.99
2023-12-27,AAPL,3,0.639053,0.3,0,CALM,12.43
2023-12-27,JPM,3,0.629957,0.3,1,CALM,12.43
2023-12-27,MSFT,3,0.64061,0.3,0,CALM,12.43
2023-12-27,NVDA,3,0.608317,0.3,0,CALM,12.43
2023-12-27,TSLA,3,0.606977,0.3,0,CALM,12.43
2023-12-28,AAPL,3,0.637605,0.3,0,CALM,12.47
2023-12-28,JPM,3,0.627838,0.3,1,CALM,12.47
2023-12-28,MSFT,3,0.641407,0.3,0,CALM,12.47
2023-12-28,NVDA,3,0.608641,0.3,0,CALM,12.47
2023-12-28,TSLA,3,0.608031,0.3,0,CALM,12.47
2023-12-29,AAPL,3,0.637753,0.3,0,CALM,12.45
2023-12-29,JPM,3,0.626178,0.3,1,CALM,12.45
2023-12-29,MSFT,3,0.64157,0.3,0,CALM,12.45
2023-12-29,NVDA,3,0.609493,0.3,1,CALM,12.45
2023-12-29,TSLA,3,0.605555,0.3,0,CALM,12.45
2024-01-02,AAPL,3,0.641886,0.3,0,CALM,13.2
2024-01-02,JPM,3,0.624427,0.3,0,CALM,13.2
2024-01-02,MSFT,3,0.64241,0.3,1,CALM,13.2
2024-01-02,NVDA,3,0.611935,0.3,1,CALM,13.2
2024-01-02,TSLA,3,0.602552,0.3,0,CALM,13.2
2024-01-03,AAPL,3,0.642661,0.3,1,CALM,14.04
2024-01-03,JPM,3,0.622762,0.3,1,CALM,14.04
2024-01-03,MSFT,3,0.642561,0.3,1,CALM,14.04
2024-01-03,NVDA,3,0.612504,0.3,1,CALM,14.04
2024-01-03,TSLA,3,0.599079,0.3,0,CALM,14.04
2024-01-04,AAPL,3,0.643849,0.3,1,CALM,14.13
2024-01-04,JPM,3,0.620537,0.3,0,CALM,14.13
2024-01-04,MSFT,3,0.642831,0.3,1,CALM,14.13
2024-01-04,NVDA,3,0.611892,0.3,1,CALM,14.13
2024-01-04,TSLA,3,0.590761,0.3,0,CALM,14.13
2024-01-05,AAPL,3,0.642191,0.3,1,CALM,13.35
2024-01-05,JPM,3,0.618758,0.3,0,CALM,13.35
2024-01-05,MSFT,3,0.641508,0.3,1,CALM,13.35
2024-01-05,NVDA,3,0.610703,0.3,1,CALM,13.35
2024-01-05,TSLA,3,0.583429,0.3,0,CALM,13.35
2024-01-08,AAPL,3,0.639755,0.3,0,CALM,13.08
2024-01-08,JPM,3,0.618064,0.3,0,CALM,13.08
2024-01-08,MSFT,3,0.640206,0.3,1,CALM,13.08
2024-01-08,NVDA,3,0.613394,0.3,1,CALM,13.08
2024-01-08,TSLA,3,0.579569,0.3,0,CALM,13.08
2024-01-09,AAPL,3,0.639343,0.3,0,CALM,12.76
2024-01-09,JPM,3,0.617822,0.3,0,CALM,12.76
2024-01-09,MSFT,3,0.641801,0.3,1,CALM,12.76
2024-01-09,NVDA,3,0.621935,0.3,1,CALM,12.76
2024-01-09,TSLA,3,0.577971,0.3,0,CALM,12.76
2024-01-10,AAPL,3,0.639459,0.3,1,CALM,12.69
2024-01-10,JPM,3,0.618607,0.3,0,CALM,12.69
2024-01-10,MSFT,3,0.643633,0.3,1,CALM,12.69
2024-01-10,NVDA,3,0.628468,0.3,1,CALM,12.69
2024-01-10,TSLA,3,0.580046,0.3,0,CALM,12.69
2024-01-11,AAPL,3,0.640523,0.3,1,CALM,12.44
2024-01-11,JPM,3,0.620935,0.3,1,CALM,12.44
2024-01-11,MSFT,3,0.647457,0.3,1,CALM,12.44
2024-01-11,NVDA,3,0.638202,0.3,1,CALM,12.44
2024-01-11,TSLA,3,0.582886,0.3,0,CALM,12.44
2024-01-12,AAPL,3,0.642842,0.3,1,CALM,12.7
2024-01-12,JPM,3,0.625214,0.3,1,CALM,12.7
2024-01-12,MSFT,3,0.651579,0.3,1,CALM,12.7
2024-01-12,NVDA,3,0.646879,0.3,1,CALM,12.7
2024-01-12,TSLA,3,0.583531,0.3,0,CALM,12.7
2024-01-16,AAPL,3,0.64675,0.3,1,CALM,13.84
2024-01-16,JPM,3,0.629222,0.3,1,CALM,13.84
2024-01-16,MSFT,3,0.654228,0.3,1,CALM,13.84
2024-01-16,NVDA,3,0.647889,0.3,1,CALM,13.84
2024-01-16,TSLA,3,0.583178,0.3,0,CALM,13.84
2024-01-17,AAPL,3,0.648876,0.3,1,CALM,14.79
2024-01-17,JPM,3,0.631921,0.3,1,CALM,14.79
2024-01-17,MSFT,3,0.654782,0.3,1,CALM,14.79
2024-01-17,NVDA,3,0.645134,0.3,1,CALM,14.79
2024-01-17,TSLA,3,0.579572,0.3,0,CALM,14.79
2024-01-18,AAPL,3,0.647026,0.3,1,CALM,14.13
2024-01-18,JPM,3,0.633244,0.3,1,CALM,14.13
2024-01-18,MSFT,3,0.651054,0.3,1,CALM,14.13
2024-01-18,NVDA,3,0.638836,0.3,1,CALM,14.13
2024-01-18,TSLA,3,0.571142,0.3,0,CALM,14.13
2024-01-19,AAPL,3,0.646675,0.3,1,CALM,13.3
2024-01-19,JPM,3,0.635728,0.3,1,CALM,13.3
2024-01-19,MSFT,3,0.645806,0.3,1,CALM,13.3
2024-01-19,NVDA,3,0.634461,0.3,1,CALM,13.3
2024-01-19,TSLA,3,0.561969,0.3,0,CALM,13.3
2024-01-22,AAPL,3,0.647963,0.3,0,CALM,13.19
2024-01-22,JPM,3,0.63884,0.3,1,CALM,13.19
2024-01-22,MSFT,3,0.641741,0.3,1,CALM,13.19
2024-01-22,NVDA,3,0.636139,0.3,1,CALM,13.19
2024-01-22,TSLA,3,0.552417,0.3,0,CALM,13.19
2024-01-23,AAPL,3,0.651383,0.3,0,CALM,12.55
2024-01-23,JPM,3,0.640453,0.3,1,CALM,12.55
2024-01-23,MSFT,3,0.637605,0.3,1,CALM,12.55
2024-01-23,NVDA,3,0.638211,0.3,1,CALM,12.55
2024-01-23,TSLA,3,0.545107,0.3,0,CALM,12.55
2024-01-24,AAPL,3,0.655485,0.3,0,CALM,13.14
2024-01-24,JPM,3,0.643208,0.3,1,CALM,13.14
2024-01-24,MSFT,3,0.636573,0.3,0,CALM,13.14
2024-01-24,NVDA,3,0.638384,0.3,1,CALM,13.14
2024-01-24,TSLA,3,0.541593,0.3,0,CALM,13.14
2024-01-25,AAPL,3,0.656087,0.3,0,CALM,13.45
2024-01-25,JPM,3,0.646043,0.3,1,CALM,13.45
2024-01-25,MSFT,3,0.636006,0.3,0,CALM,13.45
2024-01-25,NVDA,3,0.639066,0.3,1,CALM,13.45
2024-01-25,TSLA,3,0.53534,0.3,1,CALM,13.45
2024-01-26,AAPL,3,0.654823,0.3,0,CALM,13.26
2024-01-26,JPM,3,0.647562,0.3,1,CALM,13.26
2024-01-26,MSFT,3,0.634822,0.3,1,CALM,13.26
2024-01-26,NVDA,3,0.636147,0.3,1,CALM,13.26
2024-01-26,TSLA,3,0.528913,0.3,1,CALM,13.26
2024-01-29,AAPL,3,0.650995,0.3,0,CALM,13.6
2024-01-29,JPM,3,0.649969,0.3,1,CALM,13.6
2024-01-29,MSFT,3,0.633469,0.3,0,CALM,13.6
2024-01-29,NVDA,3,0.632381,0.3,1,CALM,13.6
2024-01-29,TSLA,3,0.522858,0.3,0,CALM,13.6
2024-01-30,AAPL,3,0.646633,0.3,1,CALM,13.31
2024-01-30,JPM,3,0.650794,0.3,0,CALM,13.31
2024-01-30,MSFT,3,0.632568,0.3,0,CALM,13.31
2024-01-30,NVDA,3,0.629123,0.3,1,CALM,13.31
2024-01-30,TSLA,3,0.52138,0.3,0,CALM,13.31
2024-01-31,AAPL,3,0.642194,0.3,1,CALM,14.35
2024-01-31,JPM,3,0.651175,0.3,1,CALM,14.35
2024-01-31,MSFT,3,0.631861,0.3,1,CALM,14.35
2024-01-31,NVDA,3,0.621597,0.3,1,CALM,14.35
2024-01-31,TSLA,3,0.522078,0.3,1,CALM,14.35
2024-02-01,AAPL,3,0.636372,0.3,1,CALM,13.88
2024-02-01,JPM,3,0.648468,0.3,1,CALM,13.88
2024-02-01,MSFT,3,0.629391,0.3,1,CALM,13.88
2024-02-01,NVDA,3,0.615504,0.3,1,CALM,13.88
2024-02-01,TSLA,3,0.526362,0.3,1,CALM,13.88
2024-02-02,AAPL,3,0.636542,0.3,1,CALM,13.85
2024-02-02,JPM,3,0.646485,0.3,1,CALM,13.85
2024-02-02,MSFT,3,0.629797,0.3,1,CALM,13.85
2024-02-02,NVDA,3,0.615603,0.3,1,CALM,13.85
2024-02-02,TSLA,3,0.531941,0.3,1,CALM,13.85
2024-02-05,AAPL,3,0.634971,0.3,0,CALM,13.67
2024-02-05,JPM,3,0.64469,0.3,1,CALM,13.67
2024-02-05,MSFT,3,0.630117,0.3,1,CALM,13.67
2024-02-05,NVDA,3,0.61956,0.3,1,CALM,13.67
2024-02-05,TSLA,3,0.533347,0.3,1,CALM,13.67
2024-02-06,AAPL,3,0.635434,0.3,0,CALM,13.06
2024-02-06,JPM,3,0.641223,0.3,0,CALM,13.06
2024-02-06,MSFT,3,0.629483,0.3,1,CALM,13.06
2024-02-06,NVDA,3,0.624104,0.3,1,CALM,13.06
2024-02-06,TSLA,3,0.533789,0.3,0,CALM,13.06
2024-02-07,AAPL,3,0.637779,0.3,0,CALM,12.83
2024-02-07,JPM,3,0.638613,0.3,1,CALM,12.83
2024-02-07,MSFT,3,0.630487,0.3,0,CALM,12.83
2024-02-07,NVDA,3,0.629393,0.3,1,CALM,12.83
2024-02-07,TSLA,3,0.537182,0.3,1,CALM,12.83
2024-02-08,AAPL,3,0.639349,0.3,0,CALM,12.79
2024-02-08,JPM,3,0.63776,0.3,1,CALM,12.79
2024-02-08,MSFT,3,0.63211,0.3,0,CALM,12.79
2024-02-08,NVDA,3,0.634438,0.3,1,CALM,12.79
2024-02-08,TSLA,3,0.541319,0.3,1,CALM,12.79
2024-02-09,AAPL,3,0.641989,0.3,0,CALM,12.93
2024-02-09,JPM,3,0.636011,0.3,1,CALM,12.93
2024-02-09,MSFT,3,0.632689,0.3,0,CALM,12.93
2024-02-09,NVDA,3,0.635626,0.3,1,CALM,12.93
2024-02-09,TSLA,3,0.547581,0.3,1,CALM,12.93
2024-02-12,AAPL,3,0.645067,0.3,0,CALM,13.93
2024-02-12,JPM,3,0.634661,0.3,1,CALM,13.93
2024-02-12,MSFT,3,0.634107,0.3,0,CALM,13.93
2024-02-12,NVDA,3,0.634005,0.3,0,CALM,13.93
2024-02-12,TSLA,3,0.557232,0.3,1,CALM,13.93
2024-02-13,AAPL,3,0.647705,0.3,0,CALM,15.85
2024-02-13,JPM,3,0.634455,0.3,1,CALM,15.85
2024-02-13,MSFT,3,0.635719,0.3,0,CALM,15.85
2024-02-13,NVDA,3,0.628836,0.3,0,CALM,15.85
2024-02-13,TSLA,3,0.565986,0.3,1,CALM,15.85
2024-02-14,AAPL,3,0.645849,0.3,1,CALM,14.38
2024-02-14,JPM,3,0.631761,0.3,1,CALM,14.38
2024-02-14,MSFT,3,0.632851,0.3,1,CALM,14.38
2024-02-14,NVDA,3,0.623998,0.3,1,CALM,14.38
2024-02-14,TSLA,3,0.574826,0.3,1,CALM,14.38
2024-02-15,AAPL,3,0.643564,0.3,0,CALM,14.01
2024-02-15,JPM,3,0.630478,0.3,1,CALM,14.01
2024-02-15,MSFT,3,0.630622,0.3,1,CALM,14.01
2024-02-15,NVDA,3,0.620004,0.3,1,CALM,14.01
2024-02-15,TSLA,3,0.583982,0.3,0,CALM,14.01
2024-02-16,AAPL,3,0.641919,0.3,0,CALM,14.24
2024-02-16,JPM,3,0.630496,0.3,1,CALM,14.24
2024-02-16,MSFT,3,0.627261,0.3,1,CALM,14.24
2024-02-16,NVDA,3,0.611323,0.3,1,CALM,14.24
2024-02-16,TSLA,3,0.59107,0.3,0,CALM,14.24
2024-02-20,AAPL,3,0.641783,0.3,1,CALM,15.42
2024-02-20,JPM,3,0.629251,0.3,1,CALM,15.42
2024-02-20,MSFT,3,0.62493,0.3,1,CALM,15.42
2024-02-20,NVDA,3,0.599017,0.3,1,CALM,15.42
2024-02-20,TSLA,3,0.600182,0.3,1,CALM,15.42
2024-02-21,AAPL,3,0.641526,0.3,0,CALM,15.34
2024-02-21,JPM,3,0.627979,0.3,1,CALM,15.34
2024-02-21,MSFT,3,0.623568,0.3,1,CALM,15.34
2024-02-21,NVDA,3,0.587208,0.3,1,CALM,15.34
2024-02-21,TSLA,3,0.612339,0.3,1,CALM,15.34
2024-02-22,AAPL,3,0.641982,0.3,0,CALM,14.54
2024-02-22,JPM,3,0.627796,0.3,1,CALM,14.54
2024-02-22,MSFT,3,0.623892,0.3,1,CALM,14.54
2024-02-22,NVDA,3,0.584505,0.3,1,CALM,14.54
2024-02-22,TSLA,3,0.623382,0.3,1,CALM,14.54
2024-02-23,AAPL,3,0.644249,0.3,0,CALM,13.75
2024-02-23,JPM,3,0.62738,0.3,1,CALM,13.75
2024-02-23,MSFT,3,0.625164,0.3,1,CALM,13.75
2024-02-23,NVDA,3,0.590666,0.3,1,CALM,13.75
2024-02-23,TSLA,3,0.633374,0.3,1,CALM,13.75
2024-02-26,AAPL,3,0.646747,0.3,0,CALM,13.74
2024-02-26,JPM,3,0.627701,0.3,1,CALM,13.74
2024-02-26,MSFT,3,0.62717,0.3,1,CALM,13.74
2024-02-26,NVDA,3,0.596342,0.3,1,CALM,13.74
2024-02-26,TSLA,3,0.639392,0.3,0,CALM,13.74
2024-02-27,AAPL,3,0.647508,0.3,0,CALM,13.43
2024-02-27,JPM,3,0.627724,0.3,1,CALM,13.43
2024-02-27,MSFT,3,0.628849,0.3,0,CALM,13.43
2024-02-27,NVDA,3,0.602364,0.3,1,CALM,13.43
2024-02-27,TSLA,3,0.647259,0.3,0,CALM,13.43
2024-02-28,AAPL,3,0.648837,0.3,0,CALM,13.84
2024-02-28,JPM,3,0.628069,0.3,1,CALM,13.84
2024-02-28,MSFT,3,0.631475,0.3,0,CALM,13.84
2024-02-28,NVDA,3,0.606162,0.3,1,CALM,13.84
2024-02-28,TSLA,3,0.653937,0.3,0,CALM,13.84
2024-02-29,AAPL,3,0.645521,0.3,0,CALM,13.4
2024-02-29,JPM,3,0.628322,0.3,1,CALM,13.4
2024-02-29,MSFT,3,0.632054,0.3,0,CALM,13.4
2024-02-29,NVDA,3,0.603804,0.3,1,CALM,13.4
2024-02-29,TSLA,3,0.659822,0.3,0,CALM,13.4
2024-03-01,AAPL,3,0.642913,0.3,0,CALM,13.11
2024-03-01,JPM,3,0.629023,0.3,1,CALM,13.11
2024-03-01,MSFT,3,0.633536,0.3,0,CALM,13.11
2024-03-01,NVDA,3,0.601642,0.3,1,CALM,13.11
2024-03-01,TSLA,3,0.666648,0.3,0,CALM,13.11
2024-03-04,AAPL,3,0.642297,0.3,0,CALM,13.49
2024-03-04,JPM,3,0.629267,0.3,1,CALM,13.49
2024-03-04,MSFT,3,0.63586,0.3,0,CALM,13.49
2024-03-04,NVDA,3,0.601253,0.3,1,CALM,13.49
2024-03-04,TSLA,3,0.670336,0.3,0,CALM,13.49
2024-03-05,AAPL,3,0.642435,0.3,1,CALM,14.46
2024-03-05,JPM,3,0.628931,0.3,1,CALM,14.46
2024-03-05,MSFT,3,0.638269,0.3,1,CALM,14.46
2024-03-05,NVDA,3,0.600496,0.3,1,CALM,14.46
2024-03-05,TSLA,3,0.665592,0.3,0,CALM,14.46
2024-03-06,AAPL,3,0.6408,0.3,1,CALM,14.5
2024-03-06,JPM,3,0.6276,0.3,1,CALM,14.5
2024-03-06,MSFT,3,0.636567,0.3,1,CALM,14.5
2024-03-06,NVDA,3,0.600581,0.3,1,CALM,14.5
2024-03-06,TSLA,3,0.654669,0.3,0,CALM,14.5
2024-03-07,AAPL,3,0.638638,0.3,1,CALM,14.44
2024-03-07,JPM,3,0.625731,0.3,1,CALM,14.44
2024-03-07,MSFT,3,0.634986,0.3,1,CALM,14.44
2024-03-07,NVDA,3,0.603269,0.3,0,CALM,14.44
2024-03-07,TSLA,3,0.640539,0.3,0,CALM,14.44
2024-03-08,AAPL,3,0.635801,0.3,1,CALM,14.74
2024-03-08,JPM,3,0.623417,0.3,1,CALM,14.74
2024-03-08,MSFT,3,0.634465,0.3,1,CALM,14.74
2024-03-08,NVDA,3,0.604327,0.3,1,CALM,14.74
2024-03-08,TSLA,3,0.628412,0.3,0,CALM,14.74
2024-03-11,AAPL,3,0.637044,0.3,1,CALM,15.22
2024-03-11,JPM,3,0.620615,0.3,1,CALM,15.22
2024-03-11,MSFT,3,0.633404,0.3,1,CALM,15.22
2024-03-11,NVDA,3,0.59713,0.3,1,CALM,15.22
2024-03-11,TSLA,3,0.620411,0.3,0,CALM,15.22
2024-03-12,AAPL,3,0.639213,0.3,1,CALM,13.84
2024-03-12,JPM,3,0.618775,0.3,1,CALM,13.84
2024-03-12,MSFT,3,0.632863,0.3,1,CALM,13.84
2024-03-12,NVDA,3,0.59533,0.3,0,CALM,13.84
2024-03-12,TSLA,3,0.613466,0.3,0,CALM,13.84
2024-03-13,AAPL,3,0.644049,0.3,1,CALM,13.75
2024-03-13,JPM,3,0.619027,0.3,1,CALM,13.75
2024-03-13,MSFT,3,0.636835,0.3,1,CALM,13.75
2024-03-13,NVDA,3,0.595598,0.3,0,CALM,13.75
2024-03-13,TSLA,3,0.608294,0.3,1,CALM,13.75
2024-03-14,AAPL,3,0.649297,0.3,0,CALM,14.4
2024-03-14,JPM,3,0.620646,0.3,1,CALM,14.4
2024-03-14,MSFT,3,0.639701,0.3,1,CALM,14.4
2024-03-14,NVDA,3,0.592224,0.3,1,CALM,14.4
2024-03-14,TSLA,3,0.602077,0.3,1,CALM,14.4
2024-03-15,AAPL,3,0.64943,0.3,0,CALM,14.41
2024-03-15,JPM,3,0.62289,0.3,1,CALM,14.41
2024-03-15,MSFT,3,0.64464,0.3,1,CALM,14.41
2024-03-15,NVDA,3,0.588009,0.3,1,CALM,14.41
2024-03-15,TSLA,3,0.601407,0.3,1,CALM,14.41
2024-03-18,AAPL,3,0.650885,0.3,0,CALM,14.33
2024-03-18,JPM,3,0.625838,0.3,1,CALM,14.33
2024-03-18,MSFT,3,0.646315,0.3,1,CALM,14.33
2024-03-18,NVDA,3,0.582972,0.3,1,CALM,14.33
2024-03-18,TSLA,3,0.600253,0.3,0,CALM,14.33
2024-03-19,AAPL,3,0.654714,0.3,0,CALM,13.82
2024-03-19,JPM,3,0.629317,0.3,1,CALM,13.82
2024-03-19,MSFT,3,0.647455,0.3,1,CALM,13.82
2024-03-19,NVDA,3,0.578593,0.3,1,CALM,13.82
2024-03-19,TSLA,3,0.597709,0.3,1,CALM,13.82
2024-03-20,AAPL,3,0.658551,0.3,0,CALM,13.04
2024-03-20,JPM,3,0.632141,0.3,1,CALM,13.04
2024-03-20,MSFT,3,0.647636,0.3,0,CALM,13.04
2024-03-20,NVDA,3,0.57554,0.3,0,CALM,13.04
2024-03-20,TSLA,3,0.596332,0.3,1,CALM,13.04
2024-03-21,AAPL,3,0.658274,0.3,1,CALM,12.92
2024-03-21,JPM,3,0.635382,0.3,1,CALM,12.92
2024-03-21,MSFT,3,0.646,0.3,0,CALM,12.92
2024-03-21,NVDA,3,0.572873,0.3,0,CALM,12.92
2024-03-21,TSLA,3,0.598398,0.3,1,CALM,12.92
2024-03-22,AAPL,3,0.655798,0.3,0,CALM,13.06
2024-03-22,JPM,3,0.638173,0.3,1,CALM,13.06
2024-03-22,MSFT,3,0.646246,0.3,0,CALM,13.06
2024-03-22,NVDA,3,0.572742,0.3,0,CALM,13.06
2024-03-22,TSLA,3,0.599814,0.3,1,CALM,13.06
2024-03-25,AAPL,3,0.655824,0.3,0,CALM,13.19
2024-03-25,JPM,3,0.638963,0.3,1,CALM,13.19
2024-03-25,MSFT,3,0.646058,0.3,0,CALM,13.19
2024-03-25,NVDA,3,0.574856,0.3,0,CALM,13.19
2024-03-25,TSLA,3,0.599039,0.3,0,CALM,13.19
2024-03-26,AAPL,3,0.65524,0.3,0,CALM,13.24
2024-03-26,JPM,3,0.638208,0.3,1,CALM,13.24
2024-03-26,MSFT,3,0.643502,0.3,0,CALM,13.24
2024-03-26,NVDA,3,0.57558,0.3,0,CALM,13.24
2024-03-26,TSLA,3,0.59928,0.3,0,CALM,13.24
2024-03-27,AAPL,3,0.653448,0.3,0,CALM,12.78
2024-03-27,JPM,3,0.637654,0.3,0,CALM,12.78
2024-03-27,MSFT,3,0.640169,0.3,0,CALM,12.78
2024-03-27,NVDA,3,0.573857,0.3,0,CALM,12.78
2024-03-27,TSLA,3,0.599354,0.3,0,CALM,12.78
2024-03-28,AAPL,3,0.656475,0.3,0,CALM,13.01
2024-03-28,JPM,3,0.636837,0.3,0,CALM,13.01
2024-03-28,MSFT,3,0.63781,0.3,1,CALM,13.01
2024-03-28,NVDA,3,0.569867,0.3,0,CALM,13.01
2024-03-28,TSLA,3,0.59864,0.3,0,CALM,13.01
2024-04-01,AAPL,3,0.660273,0.3,0,CALM,13.65
2024-04-01,JPM,3,0.636532,0.3,1,CALM,13.65
2024-04-01,MSFT,3,0.634975,0.3,1,CALM,13.65
2024-04-01,NVDA,3,0.564774,0.3,0,CALM,13.65
2024-04-01,TSLA,3,0.601336,0.3,0,CALM,13.65
2024-04-02,AAPL,3,0.664576,0.3,1,CALM,14.61
2024-04-02,JPM,3,0.636031,0.3,0,CALM,14.61
2024-04-02,MSFT,3,0.633873,0.3,1,CALM,14.61
2024-04-02,NVDA,3,0.558458,0.3,0,CALM,14.61
2024-04-02,TSLA,3,0.603301,0.3,1,CALM,14.61
2024-04-03,AAPL,3,0.667861,0.3,0,CALM,14.33
2024-04-03,JPM,3,0.634658,0.3,0,CALM,14.33
2024-04-03,MSFT,3,0.632001,0.3,1,CALM,14.33
2024-04-03,NVDA,3,0.55201,0.3,0,CALM,14.33
2024-04-03,TSLA,3,0.603903,0.3,1,CALM,14.33
2024-04-04,AAPL,3,0.672438,0.3,1,CALM,16.35
2024-04-04,JPM,3,0.632712,0.3,0,CALM,16.35
2024-04-04,MSFT,3,0.631897,0.3,1,CALM,16.35
2024-04-04,NVDA,3,0.540187,0.3,1,CALM,16.35
2024-04-04,TSLA,3,0.605162,0.3,1,CALM,16.35
2024-04-05,AAPL,3,0.674087,0.3,1,CALM,16.03
2024-04-05,JPM,3,0.62868,0.3,0,CALM,16.03
2024-04-05,MSFT,3,0.629609,0.3,0,CALM,16.03
2024-04-05,NVDA,3,0.529524,0.3,1,CALM,16.03
2024-04-05,TSLA,3,0.601341,0.3,1,CALM,16.03
2024-04-08,AAPL,3,0.675714,0.3,1,CALM,15.19
2024-04-08,JPM,3,0.625149,0.3,0,CALM,15.19
2024-04-08,MSFT,3,0.627703,0.3,0,CALM,15.19
2024-04-08,NVDA,3,0.521714,0.3,0,CALM,15.19
2024-04-08,TSLA,3,0.600671,0.3,0,CALM,15.19
2024-04-09,AAPL,3,0.676297,0.3,0,CALM,14.98
2024-04-09,JPM,3,0.622946,0.3,0,CALM,14.98
2024-04-09,MSFT,3,0.628057,0.3,0,CALM,14.98
2024-04-09,NVDA,3,0.517123,0.3,1,CALM,14.98
2024-04-09,TSLA,3,0.610108,0.3,0,CALM,14.98
2024-04-10,AAPL,3,0.677792,0.3,1,CALM,15.8
2024-04-10,JPM,3,0.622616,0.3,0,CALM,15.8
2024-04-10,MSFT,3,0.629598,0.3,0,CALM,15.8
2024-04-10,NVDA,3,0.51432,0.3,0,CALM,15.8
2024-04-10,TSLA,3,0.62417,0.3,0,CALM,15.8
2024-04-11,AAPL,3,0.674927,0.3,0,CALM,14.91
2024-04-11,JPM,3,0.62281,0.3,0,CALM,14.91
2024-04-11,MSFT,3,0.630123,0.3,0,CALM,14.91
2024-04-11,NVDA,3,0.520369,0.3,0,CALM,14.91
2024-04-11,TSLA,3,0.633839,0.3,0,CALM,14.91
2024-04-12,AAPL,3,0.676481,0.3,0,CALM,17.31
2024-04-12,JPM,3,0.63003,0.3,1,CALM,17.31
2024-04-12,MSFT,3,0.63254,0.3,0,CALM,17.31
2024-04-12,NVDA,3,0.524855,0.3,0,CALM,17.31
2024-04-12,TSLA,3,0.648834,0.3,0,CALM,17.31
2024-04-15,AAPL,3,0.679929,0.3,0,CALM,19.23
2024-04-15,JPM,3,0.627282,0.3,1,CALM,19.23
2024-04-15,MSFT,3,0.633774,0.3,0,CALM,19.23
2024-04-15,NVDA,3,0.522292,0.3,0,CALM,19.23
2024-04-15,TSLA,3,0.654267,0.3,0,CALM,19.23
2024-04-16,AAPL,3,0.679567,0.3,0,CALM,18.4
2024-04-16,JPM,3,0.620231,0.3,1,CALM,18.4
2024-04-16,MSFT,3,0.630504,0.3,0,CALM,18.4
2024-04-16,NVDA,3,0.517971,0.3,0,CALM,18.4
2024-04-16,TSLA,3,0.648323,0.3,0,CALM,18.4
2024-04-17,AAPL,3,0.678315,0.3,1,CALM,18.21
2024-04-17,JPM,3,0.609203,0.3,1,CALM,18.21
2024-04-17,MSFT,3,0.625905,0.3,0,CALM,18.21
2024-04-17,NVDA,3,0.512695,0.3,0,CALM,18.21
2024-04-17,TSLA,3,0.64188,0.3,1,CALM,18.21
2024-04-18,AAPL,3,0.673788,0.3,1,CALM,18.0
2024-04-18,JPM,3,0.599964,0.3,1,CALM,18.0
2024-04-18,MSFT,3,0.620117,0.3,0,CALM,18.0
2024-04-18,NVDA,3,0.502298,0.3,0,CALM,18.0
2024-04-18,TSLA,3,0.634041,0.3,1,CALM,18.0
2024-04-19,AAPL,3,0.667364,0.3,1,CALM,18.71
2024-04-19,JPM,3,0.598811,0.3,1,CALM,18.71
2024-04-19,MSFT,3,0.614026,0.3,1,CALM,18.71
2024-04-19,NVDA,3,0.500133,0.3,1,CALM,18.71
2024-04-19,TSLA,3,0.625088,0.3,1,CALM,18.71
2024-04-22,AAPL,3,0.659379,0.3,1,CALM,16.94
2024-04-22,JPM,3,0.601515,0.3,1,CALM,16.94
2024-04-22,MSFT,3,0.608,0.3,1,CALM,16.94
2024-04-22,NVDA,3,0.489577,0.3,1,CALM,16.94
2024-04-22,TSLA,3,0.614451,0.3,1,CALM,16.94
2024-04-23,AAPL,3,0.657199,0.3,1,CALM,15.69
2024-04-23,JPM,3,0.611447,0.3,0,CALM,15.69
2024-04-23,MSFT,3,0.607517,0.3,0,CALM,15.69
2024-04-23,NVDA,3,0.487882,0.3,1,CALM,15.69
2024-04-23,TSLA,3,0.605483,0.3,1,CALM,15.69
2024-04-24,AAPL,3,0.659323,0.3,1,CALM,15.97
2024-04-24,JPM,3,0.628115,0.3,0,CALM,15.97
2024-04-24,MSFT,3,0.615336,0.3,0,CALM,15.97
2024-04-24,NVDA,3,0.492067,0.3,1,CALM,15.97
2024-04-24,TSLA,3,0.600286,0.3,1,CALM,15.97
2024-04-25,AAPL,3,0.665142,0.3,1,CALM,15.37
2024-04-25,JPM,3,0.642042,0.3,0,CALM,15.37
2024-04-25,MSFT,3,0.623762,0.3,0,CALM,15.37
2024-04-25,NVDA,3,0.498201,0.3,1,CALM,15.37
2024-04-25,TSLA,3,0.609736,0.3,1,CALM,15.37
2024-04-26,AAPL,3,0.671255,0.3,1,CALM,15.03
2024-04-26,JPM,3,0.647477,0.3,0,CALM,15.03
2024-04-26,MSFT,3,0.62962,0.3,1,CALM,15.03
2024-04-26,NVDA,3,0.519245,0.3,1,CALM,15.03
2024-04-26,TSLA,3,0.621052,0.3,1,CALM,15.03
2024-04-29,AAPL,3,0.671744,0.3,1,CALM,14.67
2024-04-29,JPM,3,0.646067,0.3,0,CALM,14.67
2024-04-29,MSFT,3,0.633835,0.3,1,CALM,14.67
2024-04-29,NVDA,3,0.546011,0.3,1,CALM,14.67
2024-04-29,TSLA,3,0.639406,0.3,0,CALM,14.67
2024-04-30,AAPL,3,0.672759,0.3,1,CALM,15.65
2024-04-30,JPM,3,0.63973,0.3,1,CALM,15.65
2024-04-30,MSFT,3,0.634163,0.3,1,CALM,15.65
2024-04-30,NVDA,3,0.563627,0.3,1,CALM,15.65
2024-04-30,TSLA,3,0.64982,0.3,0,CALM,15.65
2024-05-01,AAPL,3,0.670825,0.3,1,CALM,15.39
2024-05-01,JPM,3,0.631466,0.3,1,CALM,15.39
2024-05-01,MSFT,3,0.631129,0.3,1,CALM,15.39
2024-05-01,NVDA,3,0.577252,0.3,1,CALM,15.39
2024-05-01,TSLA,3,0.642133,0.3,0,CALM,15.39
2024-05-02,AAPL,3,0.664767,0.3,1,CALM,14.68
2024-05-02,JPM,3,0.623336,0.3,1,CALM,14.68
2024-05-02,MSFT,3,0.631536,0.3,1,CALM,14.68
2024-05-02,NVDA,3,0.580715,0.3,1,CALM,14.68
2024-05-02,TSLA,3,0.625091,0.3,0,CALM,14.68
2024-05-03,AAPL,3,0.655758,0.3,0,CALM,13.49
2024-05-03,JPM,3,0.615342,0.3,1,CALM,13.49
2024-05-03,MSFT,3,0.631104,0.3,1,CALM,13.49
2024-05-03,NVDA,3,0.572396,0.3,1,CALM,13.49
2024-05-03,TSLA,3,0.608229,0.3,0,CALM,13.49
2024-05-06,AAPL,3,0.655917,0.3,1,CALM,13.49
2024-05-06,JPM,3,0.609372,0.3,1,CALM,13.49
2024-05-06,MSFT,3,0.634773,0.3,1,CALM,13.49
2024-05-06,NVDA,3,0.563343,0.3,0,CALM,13.49
2024-05-06,TSLA,3,0.5927,0.3,0,CALM,13.49
2024-05-07,AAPL,3,0.65554,0.3,1,CALM,13.23
2024-05-07,JPM,3,0.606834,0.3,1,CALM,13.23
2024-05-07,MSFT,3,0.640915,0.3,1,CALM,13.23
2024-05-07,NVDA,3,0.56188,0.3,1,CALM,13.23
2024-05-07,TSLA,3,0.580339,0.3,0,CALM,13.23
2024-05-08,AAPL,3,0.65679,0.3,1,CALM,13.0
2024-05-08,JPM,3,0.606671,0.3,1,CALM,13.0
2024-05-08,MSFT,3,0.645196,0.3,1,CALM,13.0
2024-05-08,NVDA,3,0.565876,0.3,1,CALM,13.0
2024-05-08,TSLA,3,0.569443,0.3,0,CALM,13.0
2024-05-09,AAPL,3,0.654449,0.3,1,CALM,12.69
2024-05-09,JPM,3,0.607982,0.3,1,CALM,12.69
2024-05-09,MSFT,3,0.6469,0.3,1,CALM,12.69
2024-05-09,NVDA,3,0.567613,0.3,1,CALM,12.69
2024-05-09,TSLA,3,0.556198,0.3,1,CALM,12.69
2024-05-10,AAPL,3,0.646856,0.3,1,CALM,12.55
2024-05-10,JPM,3,0.610526,0.3,1,CALM,12.55
2024-05-10,MSFT,3,0.647296,0.3,1,CALM,12.55
2024-05-10,NVDA,3,0.563584,0.3,1,CALM,12.55
2024-05-10,TSLA,3,0.540246,0.3,1,CALM,12.55
2024-05-13,AAPL,3,0.639117,0.3,1,CALM,13.6
2024-05-13,JPM,3,0.613238,0.3,0,CALM,13.6
2024-05-13,MSFT,3,0.646428,0.3,1,CALM,13.6
2024-05-13,NVDA,3,0.558633,0.3,1,CALM,13.6
2024-05-13,TSLA,3,0.527353,0.3,1,CALM,13.6
2024-05-14,AAPL,3,0.632989,0.3,1,CALM,13.42
2024-05-14,JPM,3,0.614729,0.3,0,CALM,13.42
2024-05-14,MSFT,3,0.642464,0.3,1,CALM,13.42
2024-05-14,NVDA,3,0.553809,0.3,1,CALM,13.42
2024-05-14,TSLA,3,0.515965,0.3,1,CALM,13.42
2024-05-15,AAPL,3,0.626983,0.3,1,CALM,12.45
2024-05-15,JPM,3,0.615611,0.3,0,CALM,12.45
2024-05-15,MSFT,3,0.636591,0.3,1,CALM,12.45
2024-05-15,NVDA,3,0.547948,0.3,1,CALM,12.45
2024-05-15,TSLA,3,0.506913,0.3,1,CALM,12.45
2024-05-16,AAPL,3,0.624264,0.3,0,CALM,12.42
2024-05-16,JPM,3,0.61675,0.3,0,CALM,12.42
2024-05-16,MSFT,3,0.633404,0.3,1,CALM,12.42
2024-05-16,NVDA,3,0.548641,0.3,1,CALM,12.42
2024-05-16,TSLA,3,0.501844,0.3,0,CALM,12.42
2024-05-17,AAPL,3,0.621609,0.3,1,CALM,11.99
2024-05-17,JPM,3,0.617621,0.3,0,CALM,11.99
2024-05-17,MSFT,3,0.629951,0.3,1,CALM,11.99
2024-05-17,NVDA,3,0.550805,0.3,1,CALM,11.99
2024-05-17,TSLA,3,0.497398,0.3,1,CALM,11.99
2024-05-20,AAPL,3,0.618217,0.3,0,CALM,12.15
2024-05-20,JPM,3,0.621991,0.3,1,CALM,12.15
2024-05-20,MSFT,3,0.627697,0.3,1,CALM,12.15
2024-05-20,NVDA,3,0.554854,0.3,1,CALM,12.15
2024-05-20,TSLA,3,0.49274,0.3,1,CALM,12.15
2024-05-21,AAPL,3,0.61487,0.3,0,CALM,11.86
2024-05-21,JPM,3,0.622086,0.3,0,CALM,11.86
2024-05-21,MSFT,3,0.625182,0.3,1,CALM,11.86
2024-05-21,NVDA,3,0.558462,0.3,1,CALM,11.86
2024-05-21,TSLA,3,0.488348,0.3,0,CALM,11.86
2024-05-22,AAPL,3,0.61127,0.3,1,CALM,12.29
2024-05-22,JPM,3,0.625155,0.3,1,CALM,12.29
2024-05-22,MSFT,3,0.623293,0.3,0,CALM,12.29
2024-05-22,NVDA,3,0.560088,0.3,1,CALM,12.29
2024-05-22,TSLA,3,0.490262,0.3,0,CALM,12.29
2024-05-23,AAPL,3,0.606214,0.3,1,CALM,12.77
2024-05-23,JPM,3,0.62697,0.3,1,CALM,12.77
2024-05-23,MSFT,3,0.622212,0.3,0,CALM,12.77
2024-05-23,NVDA,3,0.568665,0.3,1,CALM,12.77
2024-05-23,TSLA,3,0.492989,0.3,1,CALM,12.77
2024-05-24,AAPL,3,0.601436,0.3,1,CALM,11.93
2024-05-24,JPM,3,0.626417,0.3,1,CALM,11.93
2024-05-24,MSFT,3,0.620662,0.3,0,CALM,11.93
2024-05-24,NVDA,3,0.584062,0.3,1,CALM,11.93
2024-05-24,TSLA,3,0.495386,0.3,0,CALM,11.93
2024-05-28,AAPL,3,0.597451,0.3,1,CALM,12.92
2024-05-28,JPM,3,0.629728,0.3,0,CALM,12.92
2024-05-28,MSFT,3,0.620019,0.3,0,CALM,12.92
2024-05-28,NVDA,3,0.59753,0.3,1,CALM,12.92
2024-05-28,TSLA,3,0.500789,0.3,0,CALM,12.92
2024-05-29,AAPL,3,0.594795,0.3,1,CALM,14.28
2024-05-29,JPM,3,0.631518,0.3,0,CALM,14.28
2024-05-29,MSFT,3,0.619371,0.3,0,CALM,14.28
2024-05-29,NVDA,3,0.615774,0.3,1,CALM,14.28
2024-05-29,TSLA,3,0.507556,0.3,0,CALM,14.28
2024-05-30,AAPL,3,0.593516,0.3,1,CALM,14.47
2024-05-30,JPM,3,0.631828,0.3,0,CALM,14.47
2024-05-30,MSFT,3,0.620332,0.3,1,CALM,14.47
2024-05-30,NVDA,3,0.626553,0.3,1,CALM,14.47
2024-05-30,TSLA,3,0.5161,0.3,0,CALM,14.47
2024-05-31,AAPL,3,0.594399,0.3,1,CALM,12.92
2024-05-31,JPM,3,0.632267,0.3,0,CALM,12.92
2024-05-31,MSFT,3,0.61989,0.3,1,CALM,12.92
2024-05-31,NVDA,3,0.624611,0.3,1,CALM,12.92
2024-05-31,TSLA,3,0.526563,0.3,0,CALM,12.92
2024-06-03,AAPL,3,0.596908,0.3,0,CALM,13.11
2024-06-03,JPM,3,0.633552,0.3,0,CALM,13.11
2024-06-03,MSFT,3,0.620046,0.3,1,CALM,13.11
2024-06-03,NVDA,3,0.621055,0.3,1,CALM,13.11
2024-06-03,TSLA,3,0.535436,0.3,0,CALM,13.11
2024-06-04,AAPL,3,0.599917,0.3,1,CALM,13.16
2024-06-04,JPM,3,0.634176,0.3,0,CALM,13.16
2024-06-04,MSFT,3,0.620586,0.3,1,CALM,13.16
2024-06-04,NVDA,3,0.618556,0.3,1,CALM,13.16
2024-06-04,TSLA,3,0.543002,0.3,0,CALM,13.16
2024-06-05,AAPL,3,0.603422,0.3,1,CALM,12.63
2024-06-05,JPM,3,0.634563,0.3,0,CALM,12.63
2024-06-05,MSFT,3,0.621959,0.3,1,CALM,12.63
2024-06-05,NVDA,3,0.618361,0.3,1,CALM,12.63
2024-06-05,TSLA,3,0.55384,0.3,1,CALM,12.63
2024-06-06,AAPL,3,0.607346,0.3,1,CALM,12.58
2024-06-06,JPM,3,0.635006,0.3,0,CALM,12.58
2024-06-06,MSFT,3,0.626907,0.3,1,CALM,12.58
2024-06-06,NVDA,3,0.621997,0.3,1,CALM,12.58
2024-06-06,TSLA,3,0.564104,0.3,1,CALM,12.58
2024-06-07,AAPL,3,0.611213,0.3,1,CALM,12.22
2024-06-07,JPM,3,0.634293,0.3,0,CALM,12.22
2024-06-07,MSFT,3,0.631314,0.3,1,CALM,12.22
2024-06-07,NVDA,3,0.624649,0.3,1,CALM,12.22
2024-06-07,TSLA,3,0.572927,0.3,1,CALM,12.22
2024-06-10,AAPL,3,0.616856,0.3,1,CALM,12.74
2024-06-10,JPM,3,0.63493,0.3,0,CALM,12.74
2024-06-10,MSFT,3,0.635017,0.3,1,CALM,12.74
2024-06-10,NVDA,3,0.624378,0.3,1,CALM,12.74
2024-06-10,TSLA,3,0.584379,0.3,1,CALM,12.74
2024-06-11,AAPL,3,0.621714,0.3,1,CALM,12.85
2024-06-11,JPM,3,0.637409,0.3,1,CALM,12.85
2024-06-11,MSFT,3,0.638077,0.3,1,CALM,12.85
2024-06-11,NVDA,3,0.621763,0.3,1,CALM,12.85
2024-06-11,TSLA,3,0.59217,0.3,1,CALM,12.85
2024-06-12,AAPL,3,0.629232,0.3,0,CALM,12.04
2024-06-12,JPM,3,0.638326,0.3,1,CALM,12.04
2024-06-12,MSFT,3,0.640533,0.3,1,CALM,12.04
2024-06-12,NVDA,3,0.61722,0.3,1,CALM,12.04
2024-06-12,TSLA,3,0.594094,0.3,1,CALM,12.04
2024-06-13,AAPL,3,0.634561,0.3,0,CALM,11.94
2024-06-13,JPM,3,0.636744,0.3,1,CALM,11.94
2024-06-13,MSFT,3,0.642306,0.3,1,CALM,11.94
2024-06-13,NVDA,3,0.616349,0.3,0,CALM,11.94
2024-06-13,TSLA,3,0.596056,0.3,1,CALM,11.94
2024-06-14,AAPL,3,0.637574,0.3,0,CALM,12.66
2024-06-14,JPM,3,0.635873,0.3,1,CALM,12.66
2024-06-14,MSFT,3,0.643196,0.3,1,CALM,12.66
2024-06-14,NVDA,3,0.616481,0.3,0,CALM,12.66
2024-06-14,TSLA,3,0.601591,0.3,1,CALM,12.66
2024-06-17,AAPL,3,0.641154,0.3,0,CALM,12.75
2024-06-17,JPM,3,0.634064,0.3,1,CALM,12.75
2024-06-17,MSFT,3,0.640279,0.3,1,CALM,12.75
2024-06-17,NVDA,3,0.614858,0.3,0,CALM,12.75
2024-06-17,TSLA,3,0.603939,0.3,0,CALM,12.75
2024-06-18,AAPL,3,0.643971,0.3,0,CALM,12.3
2024-06-18,JPM,3,0.632694,0.3,1,CALM,12.3
2024-06-18,MSFT,3,0.637929,0.3,1,CALM,12.3
2024-06-18,NVDA,3,0.615985,0.3,0,CALM,12.3
2024-06-18,TSLA,3,0.613618,0.3,1,CALM,12.3
2024-06-20,AAPL,3,0.642243,0.3,1,CALM,13.28
2024-06-20,JPM,3,0.634948,0.3,1,CALM,13.28
2024-06-20,MSFT,3,0.636045,0.3,1,CALM,13.28
2024-06-20,NVDA,3,0.610263,0.3,0,CALM,13.28
2024-06-20,TSLA,3,0.61847,0.3,1,CALM,13.28
2024-06-21,AAPL,3,0.635823,0.3,1,CALM,13.2
2024-06-21,JPM,3,0.638302,0.3,1,CALM,13.2
2024-06-21,MSFT,3,0.634001,0.3,0,CALM,13.2
2024-06-21,NVDA,3,0.598673,0.3,0,CALM,13.2
2024-06-21,TSLA,3,0.618018,0.3,1,CALM,13.2
2024-06-24,AAPL,3,0.629604,0.3,1,CALM,13.33
2024-06-24,JPM,3,0.639323,0.3,1,CALM,13.33
2024-06-24,MSFT,3,0.632859,0.3,1,CALM,13.33
2024-06-24,NVDA,3,0.583395,0.3,1,CALM,13.33
2024-06-24,TSLA,3,0.619709,0.3,1,CALM,13.33
2024-06-25,AAPL,3,0.623451,0.3,1,CALM,12.84
2024-06-25,JPM,3,0.642072,0.3,1,CALM,12.84
2024-06-25,MSFT,3,0.630578,0.3,1,CALM,12.84
2024-06-25,NVDA,3,0.571632,0.3,0,CALM,12.84
2024-06-25,TSLA,3,0.615709,0.3,1,CALM,12.84
2024-06-26,AAPL,3,0.619314,0.3,1,CALM,12.55
2024-06-26,JPM,3,0.643225,0.3,1,CALM,12.55
2024-06-26,MSFT,3,0.629396,0.3,1,CALM,12.55
2024-06-26,NVDA,3,0.562909,0.3,1,CALM,12.55
2024-06-26,TSLA,3,0.613291,0.3,1,CALM,12.55
2024-06-27,AAPL,3,0.618544,0.3,1,CALM,12.24
2024-06-27,JPM,3,0.641998,0.3,1,CALM,12.24
2024-06-27,MSFT,3,0.628227,0.3,1,CALM,12.24
2024-06-27,NVDA,3,0.555205,0.3,1,CALM,12.24
2024-06-27,TSLA,3,0.619,0.3,1,CALM,12.24
2024-06-28,AAPL,3,0.617618,0.3,1,CALM,12.44
2024-06-28,JPM,3,0.642934,0.3,1,CALM,12.44
2024-06-28,MSFT,3,0.628308,0.3,1,CALM,12.44
2024-06-28,NVDA,3,0.547769,0.3,1,CALM,12.44
2024-06-28,TSLA,3,0.624368,0.3,1,CALM,12.44
2024-07-01,AAPL,3,0.615253,0.3,1,CALM,12.22
2024-07-01,JPM,3,0.64303,0.3,1,CALM,12.22
2024-07-01,MSFT,3,0.627934,0.3,1,CALM,12.22
2024-07-01,NVDA,3,0.541876,0.3,1,CALM,12.22
2024-07-01,TSLA,3,0.624946,0.3,1,CALM,12.22
2024-07-02,AAPL,3,0.614648,0.3,1,CALM,12.03
2024-07-02,JPM,3,0.643785,0.3,1,CALM,12.03
2024-07-02,MSFT,3,0.629269,0.3,1,CALM,12.03
2024-07-02,NVDA,3,0.539181,0.3,1,CALM,12.03
2024-07-02,TSLA,3,0.628788,0.3,1,CALM,12.03
2024-07-03,AAPL,3,0.613049,0.3,1,CALM,12.09
2024-07-03,JPM,3,0.644838,0.3,0,CALM,12.09
2024-07-03,MSFT,3,0.630072,0.3,0,CALM,12.09
2024-07-03,NVDA,3,0.536875,0.3,0,CALM,12.09
2024-07-03,TSLA,3,0.640967,0.3,0,CALM,12.09
2024-07-05,AAPL,3,0.609674,0.3,1,CALM,12.48
2024-07-05,JPM,3,0.644661,0.3,1,CALM,12.48
2024-07-05,MSFT,3,0.629139,0.3,0,CALM,12.48
2024-07-05,NVDA,3,0.534819,0.3,1,CALM,12.48
2024-07-05,TSLA,3,0.655124,0.3,0,CALM,12.48
2024-07-08,AAPL,3,0.607926,0.3,1,CALM,12.37
2024-07-08,JPM,3,0.64093,0.3,1,CALM,12.37
2024-07-08,MSFT,3,0.628842,0.3,0,CALM,12.37
2024-07-08,NVDA,3,0.532685,0.3,1,CALM,12.37
2024-07-08,TSLA,3,0.665912,0.3,0,CALM,12.37
2024-07-09,AAPL,3,0.605597,0.3,1,CALM,12.51
2024-07-09,JPM,3,0.636132,0.3,1,CALM,12.51
2024-07-09,MSFT,3,0.62779,0.3,0,CALM,12.51
2024-07-09,NVDA,3,0.531712,0.3,0,CALM,12.51
2024-07-09,TSLA,3,0.66903,0.3,0,CALM,12.51
2024-07-10,AAPL,3,0.603322,0.3,0,CALM,12.85
2024-07-10,JPM,3,0.632196,0.3,1,CALM,12.85
2024-07-10,MSFT,3,0.625202,0.3,0,CALM,12.85
2024-07-10,NVDA,3,0.532241,0.3,0,CALM,12.85
2024-07-10,TSLA,3,0.668105,0.3,0,CALM,12.85
2024-07-11,AAPL,3,0.601373,0.3,0,CALM,12.92
2024-07-11,JPM,3,0.628835,0.3,1,CALM,12.92
2024-07-11,MSFT,3,0.625484,0.3,0,CALM,12.92
2024-07-11,NVDA,3,0.534325,0.3,0,CALM,12.92
2024-07-11,TSLA,3,0.657086,0.3,1,CALM,12.92
2024-07-12,AAPL,3,0.597404,0.3,0,CALM,12.46
2024-07-12,JPM,3,0.628158,0.3,1,CALM,12.46
2024-07-12,MSFT,3,0.623331,0.3,0,CALM,12.46
2024-07-12,NVDA,3,0.534789,0.3,0,CALM,12.46
2024-07-12,TSLA,3,0.640666,0.3,0,CALM,12.46
2024-07-15,AAPL,3,0.593415,0.3,0,CALM,13.12
2024-07-15,JPM,3,0.626991,0.3,1,CALM,13.12
2024-07-15,MSFT,3,0.6224,0.3,0,CALM,13.12
2024-07-15,NVDA,3,0.534916,0.3,0,CALM,13.12
2024-07-15,TSLA,3,0.626593,0.3,0,CALM,13.12
2024-07-16,AAPL,3,0.592026,0.3,0,CALM,13.19
2024-07-16,JPM,3,0.627653,0.3,0,CALM,13.19
2024-07-16,MSFT,3,0.622912,0.3,0,CALM,13.19
2024-07-16,NVDA,3,0.53318,0.3,0,CALM,13.19
2024-07-16,TSLA,3,0.615266,0.3,0,CALM,13.19
2024-07-17,AAPL,3,0.586148,0.3,0,CALM,14.48
2024-07-17,JPM,3,0.62937,0.3,0,CALM,14.48
2024-07-17,MSFT,3,0.623762,0.3,0,CALM,14.48
2024-07-17,NVDA,3,0.533432,0.3,0,CALM,14.48
2024-07-17,TSLA,3,0.602894,0.3,0,CALM,14.48
2024-07-18,AAPL,3,0.578681,0.3,0,CALM,15.93
2024-07-18,JPM,3,0.631412,0.3,0,CALM,15.93
2024-07-18,MSFT,3,0.625649,0.3,0,CALM,15.93
2024-07-18,NVDA,3,0.527715,0.3,0,CALM,15.93
2024-07-18,TSLA,3,0.591602,0.3,0,CALM,15.93
2024-07-19,AAPL,3,0.573566,0.3,0,CALM,16.52
2024-07-19,JPM,3,0.629125,0.3,1,CALM,16.52
2024-07-19,MSFT,3,0.626904,0.3,0,CALM,16.52
2024-07-19,NVDA,3,0.516645,0.3,0,CALM,16.52
2024-07-19,TSLA,3,0.575199,0.3,0,CALM,16.52
2024-07-22,AAPL,3,0.566661,0.3,0,CALM,14.91
2024-07-22,JPM,3,0.623892,0.3,1,CALM,14.91
2024-07-22,MSFT,3,0.624412,0.3,0,CALM,14.91
2024-07-22,NVDA,3,0.506865,0.3,0,CALM,14.91
2024-07-22,TSLA,3,0.562564,0.3,0,CALM,14.91
2024-07-23,AAPL,3,0.557428,0.3,0,CALM,14.72
2024-07-23,JPM,3,0.618743,0.3,1,CALM,14.72
2024-07-23,MSFT,3,0.623979,0.3,0,CALM,14.72
2024-07-23,NVDA,3,0.501261,0.3,0,CALM,14.72
2024-07-23,TSLA,3,0.547225,0.3,0,CALM,14.72
2024-07-24,AAPL,3,0.549197,0.3,1,CALM,18.04
2024-07-24,JPM,3,0.612942,0.3,1,CALM,18.04
2024-07-24,MSFT,3,0.62781,0.3,0,CALM,18.04
2024-07-24,NVDA,3,0.495058,0.3,1,CALM,18.04
2024-07-24,TSLA,3,0.524753,0.3,1,CALM,18.04
2024-07-25,AAPL,3,0.539979,0.3,1,CALM,18.46
2024-07-25,JPM,3,0.606824,0.3,0,CALM,18.46
2024-07-25,MSFT,3,0.622992,0.3,0,CALM,18.46
2024-07-25,NVDA,3,0.485285,0.3,0,CALM,18.46
2024-07-25,TSLA,3,0.49775,0.3,0,CALM,18.46
2024-07-26,AAPL,3,0.534239,0.3,1,CALM,16.39
2024-07-26,JPM,3,0.600605,0.3,0,CALM,16.39
2024-07-26,MSFT,3,0.615906,0.3,0,CALM,16.39
2024-07-26,NVDA,3,0.477898,0.3,0,CALM,16.39
2024-07-26,TSLA,3,0.478097,0.3,0,CALM,16.39
2024-07-29,AAPL,3,0.531261,0.3,0,CALM,16.6
2024-07-29,JPM,3,0.595728,0.3,0,CALM,16.6
2024-07-29,MSFT,3,0.611904,0.3,0,CALM,16.6
2024-07-29,NVDA,3,0.473387,0.3,0,CALM,16.6
2024-07-29,TSLA,3,0.46237,0.3,0,CALM,16.6
2024-07-30,AAPL,3,0.529343,0.3,0,CALM,17.69
2024-07-30,JPM,3,0.593784,0.3,0,CALM,17.69
2024-07-30,MSFT,3,0.608895,0.3,0,CALM,17.69
2024-07-30,NVDA,3,0.472542,0.3,1,CALM,17.69
2024-07-30,TSLA,3,0.454042,0.3,0,CALM,17.69
2024-07-31,AAPL,3,0.534203,0.3,0,CALM,16.36
2024-07-31,JPM,3,0.594513,0.3,0,CALM,16.36
2024-07-31,MSFT,3,0.604829,0.3,0,CALM,16.36
2024-07-31,NVDA,3,0.475298,0.3,0,CALM,16.36
2024-07-31,TSLA,3,0.446286,0.3,0,CALM,16.36
2024-08-01,AAPL,3,0.539696,0.3,0,CALM,18.59
2024-08-01,JPM,3,0.596686,0.3,0,CALM,18.59
2024-08-01,MSFT,3,0.604925,0.3,0,CALM,18.59
2024-08-01,NVDA,3,0.481049,0.3,0,CALM,18.59
2024-08-01,TSLA,3,0.446607,0.3,0,CALM,18.59
2024-08-02,AAPL,3,0.542415,0.3,0,CALM,23.39
2024-08-02,JPM,3,0.594589,0.3,1,CALM,23.39
2024-08-02,MSFT,3,0.60282,0.3,0,CALM,23.39
2024-08-02,NVDA,3,0.480975,0.3,0,CALM,23.39
2024-08-02,TSLA,3,0.44842,0.3,0,CALM,23.39
2024-08-05,AAPL,3,0.529796,0.3,1,SHOCK,38.57
2024-08-05,JPM,3,0.577023,0.3,1,SHOCK,38.57
2024-08-05,MSFT,3,0.592059,0.3,1,SHOCK,38.57
2024-08-05,NVDA,3,0.47594,0.3,1,SHOCK,38.57
2024-08-05,TSLA,3,0.447868,0.3,0,SHOCK,38.57
2024-08-06,AAPL,3,0.504643,0.3,1,SHOCK,27.71
2024-08-06,JPM,3,0.546331,0.3,1,SHOCK,27.71
2024-08-06,MSFT,3,0.571513,0.3,1,SHOCK,27.71
2024-08-06,NVDA,3,0.46724,0.3,1,SHOCK,27.71
2024-08-06,TSLA,3,0.442073,0.3,1,SHOCK,27.71
2024-08-07,AAPL,3,0.472615,0.3,1,SHOCK,27.85
2024-08-07,JPM,3,0.513947,0.3,1,SHOCK,27.85
2024-08-07,MSFT,3,0.551305,0.3,1,SHOCK,27.85
2024-08-07,NVDA,3,0.462658,0.3,1,SHOCK,27.85
2024-08-07,TSLA,3,0.439642,0.3,1,SHOCK,27.85
2024-08-08,AAPL,3,0.446864,0.3,1,CALM,23.79
2024-08-08,JPM,3,0.484667,0.3,1,CALM,23.79
2024-08-08,MSFT,3,0.531246,0.3,1,CALM,23.79
2024-08-08,NVDA,3,0.453436,0.3,1,CALM,23.79
2024-08-08,TSLA,3,0.436383,0.3,1,CALM,23.79
2024-08-09,AAPL,3,0.434727,0.3,1,CALM,20.37
2024-08-09,JPM,3,0.470378,0.3,1,CALM,20.37
2024-08-09,MSFT,3,0.522555,0.3,1,CALM,20.37
2024-08-09,NVDA,3,0.455183,0.3,1,CALM,20.37
2024-08-09,TSLA,3,0.440895,0.3,1,CALM,20.37
2024-08-12,AAPL,3,0.442595,0.3,1,CALM,20.71
2024-08-12,JPM,3,0.477999,0.3,1,CALM,20.71
2024-08-12,MSFT,3,0.529114,0.3,1,CALM,20.71
2024-08-12,NVDA,3,0.466857,0.3,1,CALM,20.71
2024-08-12,TSLA,3,0.455495,0.3,1,CALM,20.71
2024-08-13,AAPL,3,0.466811,0.3,1,CALM,18.12
2024-08-13,JPM,3,0.500853,0.3,1,CALM,18.12
2024-08-13,MSFT,3,0.54752,0.3,1,CALM,18.12
2024-08-13,NVDA,3,0.471867,0.3,1,CALM,18.12
2024-08-13,TSLA,3,0.469,0.3,1,CALM,18.12
2024-08-14,AAPL,3,0.493586,0.3,1,CALM,16.19
2024-08-14,JPM,3,0.525943,0.3,1,CALM,16.19
2024-08-14,MSFT,3,0.569286,0.3,1,CALM,16.19
2024-08-14,NVDA,3,0.489256,0.3,1,CALM,16.19
2024-08-14,TSLA,3,0.479437,0.3,1,CALM,16.19
2024-08-15,AAPL,3,0.519487,0.3,0,CALM,15.23
2024-08-15,JPM,3,0.55091,0.3,1,CALM,15.23
2024-08-15,MSFT,3,0.59096,0.3,0,CALM,15.23
2024-08-15,NVDA,3,0.511559,0.3,1,CALM,15.23
2024-08-15,TSLA,3,0.484128,0.3,0,CALM,15.23
2024-08-16,AAPL,3,0.552499,0.3,1,CALM,14.8
2024-08-16,JPM,3,0.576,0.3,1,CALM,14.8
2024-08-16,MSFT,3,0.609341,0.3,0,CALM,14.8
2024-08-16,NVDA,3,0.532463,0.3,1,CALM,14.8
2024-08-16,TSLA,3,0.485637,0.3,1,CALM,14.8
2024-08-19,AAPL,3,0.578254,0.3,1,CALM,14.65
2024-08-19,JPM,3,0.594827,0.3,1,CALM,14.65
2024-08-19,MSFT,3,0.62483,0.3,0,CALM,14.65
2024-08-19,NVDA,3,0.551258,0.3,0,CALM,14.65
2024-08-19,TSLA,3,0.491231,0.3,0,CALM,14.65
2024-08-20,AAPL,3,0.593363,0.3,1,CALM,15.88
2024-08-20,JPM,3,0.605561,0.3,1,CALM,15.88
2024-08-20,MSFT,3,0.635878,0.3,0,CALM,15.88
2024-08-20,NVDA,3,0.559867,0.3,1,CALM,15.88
2024-08-20,TSLA,3,0.491956,0.3,0,CALM,15.88
2024-08-21,AAPL,3,0.599648,0.3,1,CALM,16.27
2024-08-21,JPM,3,0.605147,0.3,1,CALM,16.27
2024-08-21,MSFT,3,0.639435,0.3,0,CALM,16.27
2024-08-21,NVDA,3,0.560925,0.3,0,CALM,16.27
2024-08-21,TSLA,3,0.493728,0.3,0,CALM,16.27
2024-08-22,AAPL,3,0.59868,0.3,1,CALM,17.55
2024-08-22,JPM,3,0.6049,0.3,1,CALM,17.55
2024-08-22,MSFT,3,0.641256,0.3,0,CALM,17.55
2024-08-22,NVDA,3,0.557063,0.3,0,CALM,17.55
2024-08-22,TSLA,3,0.491582,0.3,0,CALM,17.55
2024-08-23,AAPL,3,0.597009,0.3,1,CALM,15.86
2024-08-23,JPM,3,0.601407,0.3,1,CALM,15.86
2024-08-23,MSFT,3,0.640703,0.3,1,CALM,15.86
2024-08-23,NVDA,3,0.554112,0.3,0,CALM,15.86
2024-08-23,TSLA,3,0.491295,0.3,0,CALM,15.86
2024-08-26,AAPL,3,0.594797,0.3,0,CALM,16.15
2024-08-26,JPM,3,0.598642,0.3,1,CALM,16.15
2024-08-26,MSFT,3,0.639678,0.3,0,CALM,16.15
2024-08-26,NVDA,3,0.547403,0.3,0,CALM,16.15
2024-08-26,TSLA,3,0.493202,0.3,0,CALM,16.15
2024-08-27,AAPL,3,0.592842,0.3,0,CALM,15.43
2024-08-27,JPM,3,0.596654,0.3,0,CALM,15.43
2024-08-27,MSFT,3,0.636377,0.3,0,CALM,15.43
2024-08-27,NVDA,3,0.543078,0.3,0,CALM,15.43
2024-08-27,TSLA,3,0.493433,0.3,1,CALM,15.43
2024-08-28,AAPL,3,0.590899,0.3,0,CALM,17.11
2024-08-28,JPM,3,0.595101,0.3,0,CALM,17.11
2024-08-28,MSFT,3,0.632695,0.3,0,CALM,17.11
2024-08-28,NVDA,3,0.538234,0.3,0,CALM,17.11
2024-08-28,TSLA,3,0.487897,0.3,1,CALM,17.11
2024-08-29,AAPL,3,0.589509,0.3,0,CALM,15.65
2024-08-29,JPM,3,0.592992,0.3,0,CALM,15.65
2024-08-29,MSFT,3,0.629722,0.3,0,CALM,15.65
2024-08-29,NVDA,3,0.531001,0.3,0,CALM,15.65
2024-08-29,TSLA,3,0.487764,0.3,1,CALM,15.65
2024-08-30,AAPL,3,0.589452,0.3,0,CALM,15.0
2024-08-30,JPM,3,0.59387,0.3,0,CALM,15.0
2024-08-30,MSFT,3,0.626318,0.3,0,CALM,15.0
2024-08-30,NVDA,3,0.519135,0.3,0,CALM,15.0
2024-08-30,TSLA,3,0.49076,0.3,1,CALM,15.0
2024-09-03,AAPL,3,0.587606,0.3,0,CALM,20.72
2024-09-03,JPM,3,0.592287,0.3,0,CALM,20.72
2024-09-03,MSFT,3,0.628073,0.3,1,CALM,20.72
2024-09-03,NVDA,3,0.50715,0.3,1,CALM,20.72
2024-09-03,TSLA,3,0.49406,0.3,1,CALM,20.72
2024-09-04,AAPL,3,0.583365,0.3,1,CALM,21.32
2024-09-04,JPM,3,0.588218,0.3,0,CALM,21.32
2024-09-04,MSFT,3,0.629657,0.3,1,CALM,21.32
2024-09-04,NVDA,3,0.491772,0.3,1,CALM,21.32
2024-09-04,TSLA,3,0.505633,0.3,1,CALM,21.32
2024-09-05,AAPL,3,0.580593,0.3,1,CALM,19.9
2024-09-05,JPM,3,0.583934,0.3,0,CALM,19.9
2024-09-05,MSFT,3,0.631198,0.3,1,CALM,19.9
2024-09-05,NVDA,3,0.47843,0.3,1,CALM,19.9
2024-09-05,TSLA,3,0.524393,0.3,0,CALM,19.9
2024-09-06,AAPL,3,0.572734,0.3,1,CALM,22.38
2024-09-06,JPM,3,0.577336,0.3,0,CALM,22.38
2024-09-06,MSFT,3,0.63039,0.3,1,CALM,22.38
2024-09-06,NVDA,3,0.467012,0.3,1,CALM,22.38
2024-09-06,TSLA,3,0.538622,0.3,1,CALM,22.38
2024-09-09,AAPL,3,0.564903,0.3,0,CALM,19.45
2024-09-09,JPM,3,0.570333,0.3,0,CALM,19.45
2024-09-09,MSFT,3,0.624591,0.3,1,CALM,19.45
2024-09-09,NVDA,3,0.456434,0.3,1,CALM,19.45
2024-09-09,TSLA,3,0.537224,0.3,1,CALM,19.45
2024-09-10,AAPL,3,0.561496,0.3,0,CALM,19.08
2024-09-10,JPM,3,0.568641,0.3,1,CALM,19.08
2024-09-10,MSFT,3,0.623391,0.3,1,CALM,19.08
2024-09-10,NVDA,3,0.452582,0.3,1,CALM,19.08
2024-09-10,TSLA,3,0.540295,0.3,1,CALM,19.08
2024-09-11,AAPL,3,0.566304,0.3,0,CALM,17.69
2024-09-11,JPM,3,0.56652,0.3,1,CALM,17.69
2024-09-11,MSFT,3,0.627758,0.3,1,CALM,17.69
2024-09-11,NVDA,3,0.45706,0.3,0,CALM,17.69
2024-09-11,TSLA,3,0.541299,0.3,0,CALM,17.69
2024-09-12,AAPL,3,0.575334,0.3,1,CALM,17.07
2024-09-12,JPM,3,0.568471,0.3,1,CALM,17.07
2024-09-12,MSFT,3,0.635975,0.3,1,CALM,17.07
2024-09-12,NVDA,3,0.465497,0.3,0,CALM,17.07
2024-09-12,TSLA,3,0.540332,0.3,1,CALM,17.07
2024-09-13,AAPL,3,0.588224,0.3,1,CALM,16.56
2024-09-13,JPM,3,0.576394,0.3,1,CALM,16.56
2024-09-13,MSFT,3,0.646122,0.3,1,CALM,16.56
2024-09-13,NVDA,3,0.465868,0.3,0,CALM,16.56
2024-09-13,TSLA,3,0.549378,0.3,1,CALM,16.56
2024-09-16,AAPL,3,0.604165,0.3,1,CALM,17.14
2024-09-16,JPM,3,0.584564,0.3,1,CALM,17.14
2024-09-16,MSFT,3,0.65474,0.3,1,CALM,17.14
2024-09-16,NVDA,3,0.474558,0.3,0,CALM,17.14
2024-09-16,TSLA,3,0.559946,0.3,1,CALM,17.14
2024-09-17,AAPL,3,0.614143,0.3,1,CALM,17.61
2024-09-17,JPM,3,0.594563,0.3,1,CALM,17.61
2024-09-17,MSFT,3,0.655831,0.3,0,CALM,17.61
2024-09-17,NVDA,3,0.480025,0.3,1,CALM,17.61
2024-09-17,TSLA,3,0.564087,0.3,1,CALM,17.61
2024-09-18,AAPL,3,0.620846,0.3,1,CALM,18.23
2024-09-18,JPM,3,0.602761,0.3,1,CALM,18.23
2024-09-18,MSFT,3,0.653685,0.3,1,CALM,18.23
2024-09-18,NVDA,3,0.478329,0.3,1,CALM,18.23
2024-09-18,TSLA,3,0.565982,0.3,1,CALM,18.23
2024-09-19,AAPL,3,0.623199,0.3,0,CALM,16.33
2024-09-19,JPM,3,0.607753,0.3,0,CALM,16.33
2024-09-19,MSFT,3,0.646697,0.3,0,CALM,16.33
2024-09-19,NVDA,3,0.473038,0.3,1,CALM,16.33
2024-09-19,TSLA,3,0.568499,0.3,1,CALM,16.33
2024-09-20,AAPL,3,0.625449,0.3,0,CALM,16.15
2024-09-20,JPM,3,0.612235,0.3,0,CALM,16.15
2024-09-20,MSFT,3,0.640343,0.3,0,CALM,16.15
2024-09-20,NVDA,3,0.467404,0.3,1,CALM,16.15
2024-09-20,TSLA,3,0.567218,0.3,1,CALM,16.15
2024-09-23,AAPL,3,0.630497,0.3,1,CALM,15.89
2024-09-23,JPM,3,0.61577,0.3,0,CALM,15.89
2024-09-23,MSFT,3,0.633993,0.3,0,CALM,15.89
2024-09-23,NVDA,3,0.467351,0.3,1,CALM,15.89
2024-09-23,TSLA,3,0.567741,0.3,1,CALM,15.89
2024-09-24,AAPL,3,0.634974,0.3,0,CALM,15.39
2024-09-24,JPM,3,0.617083,0.3,0,CALM,15.39
2024-09-24,MSFT,3,0.628672,0.3,0,CALM,15.39
2024-09-24,NVDA,3,0.470895,0.3,0,CALM,15.39
2024-09-24,TSLA,3,0.575033,0.3,1,CALM,15.39
2024-09-25,AAPL,3,0.638603,0.3,1,CALM,15.41
2024-09-25,JPM,3,0.616479,0.3,0,CALM,15.41
2024-09-25,MSFT,3,0.625088,0.3,0,CALM,15.41
2024-09-25,NVDA,3,0.479578,0.3,0,CALM,15.41
2024-09-25,TSLA,3,0.584896,0.3,0,CALM,15.41
2024-09-26,AAPL,3,0.638806,0.3,0,CALM,15.37
2024-09-26,JPM,3,0.615617,0.3,0,CALM,15.37
2024-09-26,MSFT,3,0.623294,0.3,0,CALM,15.37
2024-09-26,NVDA,3,0.490386,0.3,0,CALM,15.37
2024-09-26,TSLA,3,0.589272,0.3,0,CALM,15.37
2024-09-27,AAPL,3,0.638467,0.3,0,CALM,16.96
2024-09-27,JPM,3,0.61604,0.3,1,CALM,16.96
2024-09-27,MSFT,3,0.621973,0.3,0,CALM,16.96
2024-09-27,NVDA,3,0.499924,0.3,1,CALM,16.96
2024-09-27,TSLA,3,0.592,0.3,0,CALM,16.96
2024-09-30,AAPL,3,0.635315,0.3,0,CALM,16.73
2024-09-30,JPM,3,0.615742,0.3,1,CALM,16.73
2024-09-30,MSFT,3,0.619608,0.3,0,CALM,16.73
2024-09-30,NVDA,3,0.511156,0.3,1,CALM,16.73
2024-09-30,TSLA,3,0.590751,0.3,0,CALM,16.73
2024-10-01,AAPL,3,0.63452,0.3,0,CALM,19.26
2024-10-01,JPM,3,0.618595,0.3,1,CALM,19.26
2024-10-01,MSFT,3,0.619579,0.3,0,CALM,19.26
2024-10-01,NVDA,3,0.517237,0.3,1,CALM,19.26
2024-10-01,TSLA,3,0.585306,0.3,0,CALM,19.26
2024-10-02,AAPL,3,0.630635,0.3,1,CALM,18.9
2024-10-02,JPM,3,0.620999,0.3,1,CALM,18.9
2024-10-02,MSFT,3,0.616493,0.3,1,CALM,18.9
2024-10-02,NVDA,3,0.515033,0.3,1,CALM,18.9
2024-10-02,TSLA,3,0.574496,0.3,0,CALM,18.9
2024-10-03,AAPL,3,0.627338,0.3,1,CALM,20.49
2024-10-03,JPM,3,0.62437,0.3,1,CALM,20.49
2024-10-03,MSFT,3,0.613484,0.3,0,CALM,20.49
2024-10-03,NVDA,3,0.512749,0.3,1,CALM,20.49
2024-10-03,TSLA,3,0.560251,0.3,0,CALM,20.49
2024-10-04,AAPL,3,0.622735,0.3,1,CALM,19.21
2024-10-04,JPM,3,0.624646,0.3,1,CALM,19.21
2024-10-04,MSFT,3,0.610404,0.3,1,CALM,19.21
2024-10-04,NVDA,3,0.512886,0.3,1,CALM,19.21
2024-10-04,TSLA,3,0.549802,0.3,0,CALM,19.21
2024-10-07,AAPL,3,0.616207,0.3,1,CALM,22.64
2024-10-07,JPM,3,0.626693,0.3,1,CALM,22.64
2024-10-07,MSFT,3,0.608777,0.3,1,CALM,22.64
2024-10-07,NVDA,3,0.513985,0.3,1,CALM,22.64
2024-10-07,TSLA,3,0.533969,0.3,0,CALM,22.64
2024-10-08,AAPL,3,0.608071,0.3,1,CALM,21.42
2024-10-08,JPM,3,0.628533,0.3,1,CALM,21.42
2024-10-08,MSFT,3,0.602681,0.3,1,CALM,21.42
2024-10-08,NVDA,3,0.524864,0.3,0,CALM,21.42
2024-10-08,TSLA,3,0.513739,0.3,0,CALM,21.42
2024-10-09,AAPL,3,0.6013,0.3,1,CALM,20.86
2024-10-09,JPM,3,0.628782,0.3,1,CALM,20.86
2024-10-09,MSFT,3,0.599552,0.3,0,CALM,20.86
2024-10-09,NVDA,3,0.540357,0.3,1,CALM,20.86
2024-10-09,TSLA,3,0.499388,0.3,0,CALM,20.86
2024-10-10,AAPL,3,0.59863,0.3,1,CALM,20.93
2024-10-10,JPM,3,0.631323,0.3,1,CALM,20.93
2024-10-10,MSFT,3,0.599268,0.3,1,CALM,20.93
2024-10-10,NVDA,3,0.552099,0.3,1,CALM,20.93
2024-10-10,TSLA,3,0.490019,0.3,0,CALM,20.93
2024-10-11,AAPL,3,0.597155,0.3,1,CALM,20.46
2024-10-11,JPM,3,0.630977,0.3,1,CALM,20.46
2024-10-11,MSFT,3,0.604491,0.3,1,CALM,20.46
2024-10-11,NVDA,3,0.558685,0.3,1,CALM,20.46
2024-10-11,TSLA,3,0.479662,0.3,1,CALM,20.46
2024-10-14,AAPL,3,0.60158,0.3,1,CALM,19.7
2024-10-14,JPM,3,0.631969,0.3,1,CALM,19.7
2024-10-14,MSFT,3,0.612592,0.3,0,CALM,19.7
2024-10-14,NVDA,3,0.565565,0.3,1,CALM,19.7
2024-10-14,TSLA,3,0.473352,0.3,0,CALM,19.7
2024-10-15,AAPL,3,0.606181,0.3,1,CALM,20.64
2024-10-15,JPM,3,0.632956,0.3,1,CALM,20.64
2024-10-15,MSFT,3,0.620927,0.3,1,CALM,20.64
2024-10-15,NVDA,3,0.560537,0.3,1,CALM,20.64
2024-10-15,TSLA,3,0.467708,0.3,0,CALM,20.64
2024-10-16,AAPL,3,0.608855,0.3,0,CALM,19.58
2024-10-16,JPM,3,0.631726,0.3,0,CALM,19.58
2024-10-16,MSFT,3,0.626953,0.3,1,CALM,19.58
2024-10-16,NVDA,3,0.559009,0.3,1,CALM,19.58
2024-10-16,TSLA,3,0.4633,0.3,0,CALM,19.58
2024-10-17,AAPL,3,0.611351,0.3,0,CALM,19.11
2024-10-17,JPM,3,0.631208,0.3,1,CALM,19.11
2024-10-17,MSFT,3,0.632434,0.3,1,CALM,19.11
2024-10-17,NVDA,3,0.557698,0.3,1,CALM,19.11
2024-10-17,TSLA,3,0.466753,0.3,1,CALM,19.11
2024-10-18,AAPL,3,0.614588,0.3,0,CALM,18.03
2024-10-18,JPM,3,0.626833,0.3,0,CALM,18.03
2024-10-18,MSFT,3,0.637036,0.3,1,CALM,18.03
2024-10-18,NVDA,3,0.559805,0.3,1,CALM,18.03
2024-10-18,TSLA,3,0.476004,0.3,1,CALM,18.03
2024-10-21,AAPL,3,0.616609,0.3,0,CALM,18.37
2024-10-21,JPM,3,0.623339,0.3,1,CALM,18.37
2024-10-21,MSFT,3,0.640698,0.3,1,CALM,18.37
2024-10-21,NVDA,3,0.564943,0.3,0,CALM,18.37
2024-10-21,TSLA,3,0.484005,0.3,1,CALM,18.37
2024-10-22,AAPL,3,0.618018,0.3,0,CALM,18.2
2024-10-22,JPM,3,0.61766,0.3,0,CALM,18.2
2024-10-22,MSFT,3,0.641445,0.3,1,CALM,18.2
2024-10-22,NVDA,3,0.573807,0.3,0,CALM,18.2
2024-10-22,TSLA,3,0.496122,0.3,1,CALM,18.2
2024-10-23,AAPL,3,0.619812,0.3,0,CALM,19.24
2024-10-23,JPM,3,0.613255,0.3,1,CALM,19.24
2024-10-23,MSFT,3,0.644406,0.3,1,CALM,19.24
2024-10-23,NVDA,3,0.57444,0.3,0,CALM,19.24
2024-10-23,TSLA,3,0.504651,0.3,1,CALM,19.24
2024-10-24,AAPL,3,0.620208,0.3,0,CALM,19.08
2024-10-24,JPM,3,0.608316,0.3,0,CALM,19.08
2024-10-24,MSFT,3,0.64555,0.3,0,CALM,19.08
2024-10-24,NVDA,3,0.572302,0.3,0,CALM,19.08
2024-10-24,TSLA,3,0.511967,0.3,0,CALM,19.08
2024-10-25,AAPL,3,0.617832,0.3,0,CALM,20.33
2024-10-25,JPM,3,0.604074,0.3,1,CALM,20.33
2024-10-25,MSFT,3,0.645925,0.3,0,CALM,20.33
2024-10-25,NVDA,3,0.5679,0.3,0,CALM,20.33
2024-10-25,TSLA,3,0.522553,0.3,0,CALM,20.33
2024-10-28,AAPL,3,0.613905,0.3,0,CALM,19.8
2024-10-28,JPM,3,0.602553,0.3,0,CALM,19.8
2024-10-28,MSFT,3,0.645194,0.3,0,CALM,19.8
2024-10-28,NVDA,3,0.560014,0.3,0,CALM,19.8
2024-10-28,TSLA,3,0.544904,0.3,0,CALM,19.8
2024-10-29,AAPL,3,0.611478,0.3,0,CALM,19.34
2024-10-29,JPM,3,0.601276,0.3,0,CALM,19.34
2024-10-29,MSFT,3,0.641883,0.3,0,CALM,19.34
2024-10-29,NVDA,3,0.553896,0.3,0,CALM,19.34
2024-10-29,TSLA,3,0.566888,0.3,0,CALM,19.34
2024-10-30,AAPL,3,0.611547,0.3,0,CALM,20.35
2024-10-30,JPM,3,0.599144,0.3,1,CALM,20.35
2024-10-30,MSFT,3,0.639371,0.3,0,CALM,20.35
2024-10-30,NVDA,3,0.548509,0.3,1,CALM,20.35
2024-10-30,TSLA,3,0.577409,0.3,1,CALM,20.35
2024-10-31,AAPL,3,0.612247,0.3,1,CALM,23.16
2024-10-31,JPM,3,0.595493,0.3,1,CALM,23.16
2024-10-31,MSFT,3,0.639366,0.3,1,CALM,23.16
2024-10-31,NVDA,3,0.538588,0.3,1,CALM,23.16
2024-10-31,TSLA,3,0.571067,0.3,1,CALM,23.16
2024-11-01,AAPL,3,0.610056,0.3,1,CALM,21.88
2024-11-01,JPM,3,0.590854,0.3,1,CALM,21.88
2024-11-01,MSFT,3,0.627328,0.3,1,CALM,21.88
2024-11-01,NVDA,3,0.53295,0.3,1,CALM,21.88
2024-11-01,TSLA,3,0.560699,0.3,1,CALM,21.88
2024-11-04,AAPL,3,0.606473,0.3,1,CALM,21.98
2024-11-04,JPM,3,0.584929,0.3,1,CALM,21.98
2024-11-04,MSFT,3,0.623624,0.3,1,CALM,21.98
2024-11-04,NVDA,3,0.524115,0.3,1,CALM,21.98
2024-11-04,TSLA,3,0.548578,0.3,1,CALM,21.98
2024-11-05,AAPL,3,0.602478,0.3,1,CALM,20.49
2024-11-05,JPM,3,0.580222,0.3,1,CALM,20.49
2024-11-05,MSFT,3,0.618783,0.3,1,CALM,20.49
2024-11-05,NVDA,3,0.51779,0.3,1,CALM,20.49
2024-11-05,TSLA,3,0.538072,0.3,1,CALM,20.49
2024-11-06,AAPL,3,0.602257,0.3,1,CALM,16.27
2024-11-06,JPM,3,0.588391,0.3,0,CALM,16.27
2024-11-06,MSFT,3,0.615353,0.3,1,CALM,16.27
2024-11-06,NVDA,3,0.522101,0.3,1,CALM,16.27
2024-11-06,TSLA,3,0.536889,0.3,1,CALM,16.27
2024-11-07,AAPL,3,0.603921,0.3,1,CALM,15.2
2024-11-07,JPM,3,0.601996,0.3,1,CALM,15.2
2024-11-07,MSFT,3,0.617438,0.3,1,CALM,15.2
2024-11-07,NVDA,3,0.534182,0.3,0,CALM,15.2
2024-11-07,TSLA,3,0.546324,0.3,1,CALM,15.2
2024-11-08,AAPL,3,0.607841,0.3,0,CALM,14.94
2024-11-08,JPM,3,0.610391,0.3,1,CALM,14.94
2024-11-08,MSFT,3,0.621363,0.3,0,CALM,14.94
2024-11-08,NVDA,3,0.552492,0.3,0,CALM,14.94
2024-11-08,TSLA,3,0.566729,0.3,0,CALM,14.94
2024-11-11,AAPL,3,0.610096,0.3,1,CALM,14.97
2024-11-11,JPM,3,0.616145,0.3,1,CALM,14.97
2024-11-11,MSFT,3,0.622718,0.3,0,CALM,14.97
2024-11-11,NVDA,3,0.568242,0.3,0,CALM,14.97
2024-11-11,TSLA,3,0.589251,0.3,0,CALM,14.97
2024-11-12,AAPL,3,0.607197,0.3,1,CALM,14.71
2024-11-12,JPM,3,0.620404,0.3,1,CALM,14.71
2024-11-12,MSFT,3,0.621548,0.3,0,CALM,14.71
2024-11-12,NVDA,3,0.57935,0.3,0,CALM,14.71
2024-11-12,TSLA,3,0.617271,0.3,1,CALM,14.71
2024-11-13,AAPL,3,0.60469,0.3,1,CALM,14.02
2024-11-13,JPM,3,0.620643,0.3,0,CALM,14.02
2024-11-13,MSFT,3,0.619994,0.3,0,CALM,14.02
2024-11-13,NVDA,3,0.583738,0.3,0,CALM,14.02
2024-11-13,TSLA,3,0.625657,0.3,1,CALM,14.02
2024-11-14,AAPL,3,0.604481,0.3,1,CALM,14.31
2024-11-14,JPM,3,0.618758,0.3,1,CALM,14.31
2024-11-14,MSFT,3,0.617474,0.3,0,CALM,14.31
2024-11-14,NVDA,3,0.580402,0.3,0,CALM,14.31
2024-11-14,TSLA,3,0.624952,0.3,1,CALM,14.31
2024-11-15,AAPL,3,0.607504,0.3,1,CALM,16.14
2024-11-15,JPM,3,0.614742,0.3,1,CALM,16.14
2024-11-15,MSFT,3,0.61883,0.3,1,CALM,16.14
2024-11-15,NVDA,3,0.574527,0.3,0,CALM,16.14
2024-11-15,TSLA,3,0.618117,0.3,1,CALM,16.14
2024-11-18,AAPL,3,0.610819,0.3,1,CALM,15.58
2024-11-18,JPM,3,0.610137,0.3,1,CALM,15.58
2024-11-18,MSFT,3,0.618708,0.3,1,CALM,15.58
2024-11-18,NVDA,3,0.569932,0.3,0,CALM,15.58
2024-11-18,TSLA,3,0.608049,0.3,0,CALM,15.58
2024-11-19,AAPL,3,0.615559,0.3,1,CALM,16.35
2024-11-19,JPM,3,0.606657,0.3,1,CALM,16.35
2024-11-19,MSFT,3,0.619291,0.3,1,CALM,16.35
2024-11-19,NVDA,3,0.562354,0.3,0,CALM,16.35
2024-11-19,TSLA,3,0.600076,0.3,0,CALM,16.35
2024-11-20,AAPL,3,0.617898,0.3,1,CALM,17.16
2024-11-20,JPM,3,0.603466,0.3,1,CALM,17.16
2024-11-20,MSFT,3,0.619254,0.3,1,CALM,17.16
2024-11-20,NVDA,3,0.564194,0.3,0,CALM,17.16
2024-11-20,TSLA,3,0.593261,0.3,0,CALM,17.16
2024-11-21,AAPL,3,0.619615,0.3,1,CALM,16.87
2024-11-21,JPM,3,0.597378,0.3,1,CALM,16.87
2024-11-21,MSFT,3,0.618091,0.3,1,CALM,16.87
2024-11-21,NVDA,3,0.569435,0.3,0,CALM,16.87
2024-11-21,TSLA,3,0.590728,0.3,1,CALM,16.87
2024-11-22,AAPL,3,0.621014,0.3,1,CALM,15.24
2024-11-22,JPM,3,0.593872,0.3,0,CALM,15.24
2024-11-22,MSFT,3,0.616614,0.3,1,CALM,15.24
2024-11-22,NVDA,3,0.572354,0.3,0,CALM,15.24
2024-11-22,TSLA,3,0.590665,0.3,1,CALM,15.24
2024-11-25,AAPL,3,0.621474,0.3,1,CALM,14.6
2024-11-25,JPM,3,0.59363,0.3,0,CALM,14.6
2024-11-25,MSFT,3,0.617271,0.3,1,CALM,14.6
2024-11-25,NVDA,3,0.573085,0.3,1,CALM,14.6
2024-11-25,TSLA,3,0.585991,0.3,1,CALM,14.6
2024-11-26,AAPL,3,0.62412,0.3,1,CALM,14.1
2024-11-26,JPM,3,0.595614,0.3,0,CALM,14.1
2024-11-26,MSFT,3,0.61885,0.3,1,CALM,14.1
2024-11-26,NVDA,3,0.5682,0.3,1,CALM,14.1
2024-11-26,TSLA,3,0.578641,0.3,1,CALM,14.1
2024-11-27,AAPL,3,0.628221,0.3,1,CALM,14.1
2024-11-27,JPM,3,0.597581,0.3,0,CALM,14.1
2024-11-27,MSFT,3,0.623444,0.3,1,CALM,14.1
2024-11-27,NVDA,3,0.562749,0.3,1,CALM,14.1
2024-11-27,TSLA,3,0.568903,0.3,1,CALM,14.1
2024-11-29,AAPL,3,0.632057,0.3,1,CALM,13.51
2024-11-29,JPM,3,0.598235,0.3,0,CALM,13.51
2024-11-29,MSFT,3,0.629237,0.3,1,CALM,13.51
2024-11-29,NVDA,3,0.557582,0.3,1,CALM,13.51
2024-11-29,TSLA,3,0.558241,0.3,1,CALM,13.51
2024-12-02,AAPL,3,0.634335,0.3,1,CALM,13.34
2024-12-02,JPM,3,0.596186,0.3,0,CALM,13.34
2024-12-02,MSFT,3,0.632756,0.3,1,CALM,13.34
2024-12-02,NVDA,3,0.555245,0.3,1,CALM,13.34
2024-12-02,TSLA,3,0.549749,0.3,1,CALM,13.34
2024-12-03,AAPL,3,0.635184,0.3,1,CALM,13.3
2024-12-03,JPM,3,0.595385,0.3,0,CALM,13.3
2024-12-03,MSFT,3,0.635582,0.3,1,CALM,13.3
2024-12-03,NVDA,3,0.556062,0.3,0,CALM,13.3
2024-12-03,TSLA,3,0.543697,0.3,1,CALM,13.3
2024-12-04,AAPL,3,0.635354,0.3,1,CALM,13.45
2024-12-04,JPM,3,0.595076,0.3,1,CALM,13.45
2024-12-04,MSFT,3,0.634806,0.3,1,CALM,13.45
2024-12-04,NVDA,3,0.560071,0.3,0,CALM,13.45
2024-12-04,TSLA,3,0.541386,0.3,1,CALM,13.45
2024-12-05,AAPL,3,0.635063,0.3,1,CALM,13.54
2024-12-05,JPM,3,0.593408,0.3,0,CALM,13.54
2024-12-05,MSFT,3,0.63419,0.3,1,CALM,13.54
2024-12-05,NVDA,3,0.56687,0.3,0,CALM,13.54
2024-12-05,TSLA,3,0.541684,0.3,1,CALM,13.54
2024-12-06,AAPL,3,0.633394,0.3,1,CALM,12.77
2024-12-06,JPM,3,0.592792,0.3,0,CALM,12.77
2024-12-06,MSFT,3,0.633107,0.3,1,CALM,12.77
2024-12-06,NVDA,3,0.571275,0.3,0,CALM,12.77
2024-12-06,TSLA,3,0.544698,0.3,1,CALM,12.77
2024-12-09,AAPL,3,0.631334,0.3,1,CALM,14.19
2024-12-09,JPM,3,0.594635,0.3,0,CALM,14.19
2024-12-09,MSFT,3,0.63123,0.3,1,CALM,14.19
2024-12-09,NVDA,3,0.57388,0.3,0,CALM,14.19
2024-12-09,TSLA,3,0.54774,0.3,1,CALM,14.19
2024-12-10,AAPL,3,0.62891,0.3,1,CALM,14.18
2024-12-10,JPM,3,0.597402,0.3,0,CALM,14.18
2024-12-10,MSFT,3,0.62874,0.3,1,CALM,14.18
2024-12-10,NVDA,3,0.571645,0.3,0,CALM,14.18
2024-12-10,TSLA,3,0.550933,0.3,1,CALM,14.18
2024-12-11,AAPL,3,0.626051,0.3,1,CALM,13.58
2024-12-11,JPM,3,0.600367,0.3,0,CALM,13.58
2024-12-11,MSFT,3,0.625339,0.3,0,CALM,13.58
2024-12-11,NVDA,3,0.564034,0.3,0,CALM,13.58
2024-12-11,TSLA,3,0.55822,0.3,1,CALM,13.58
2024-12-12,AAPL,3,0.62375,0.3,1,CALM,13.92
2024-12-12,JPM,3,0.603323,0.3,0,CALM,13.92
2024-12-12,MSFT,3,0.622815,0.3,0,CALM,13.92
2024-12-12,NVDA,3,0.558716,0.3,0,CALM,13.92
2024-12-12,TSLA,3,0.565233,0.3,1,CALM,13.92
2024-12-13,AAPL,3,0.621549,0.3,1,CALM,13.81
2024-12-13,JPM,3,0.606627,0.3,0,CALM,13.81
2024-12-13,MSFT,3,0.620325,0.3,0,CALM,13.81
2024-12-13,NVDA,3,0.555399,0.3,1,CALM,13.81
2024-12-13,TSLA,3,0.575211,0.3,0,CALM,13.81
2024-12-16,AAPL,3,0.618209,0.3,1,CALM,14.69
2024-12-16,JPM,3,0.609469,0.3,0,CALM,14.69
2024-12-16,MSFT,3,0.617319,0.3,0,CALM,14.69
2024-12-16,NVDA,3,0.554523,0.3,1,CALM,14.69
2024-12-16,TSLA,3,0.58646,0.3,0,CALM,14.69
2024-12-17,AAPL,3,0.616594,0.3,1,CALM,15.87
2024-12-17,JPM,3,0.6125,0.3,1,CALM,15.87
2024-12-17,MSFT,3,0.61652,0.3,0,CALM,15.87
2024-12-17,NVDA,3,0.555434,0.3,1,CALM,15.87
2024-12-17,TSLA,3,0.595234,0.3,0,CALM,15.87
2024-12-18,AAPL,3,0.613592,0.3,1,SHOCK,27.62
2024-12-18,JPM,3,0.619758,0.3,1,SHOCK,27.62
2024-12-18,MSFT,3,0.618199,0.3,1,SHOCK,27.62
2024-12-18,NVDA,3,0.567437,0.3,1,SHOCK,27.62
2024-12-18,TSLA,3,0.574169,0.3,1,SHOCK,27.62
2024-12-19,AAPL,3,0.606195,0.3,1,CALM,24.09
2024-12-19,JPM,3,0.61462,0.3,1,CALM,24.09
2024-12-19,MSFT,3,0.610265,0.3,0,CALM,24.09
2024-12-19,NVDA,3,0.561696,0.3,1,CALM,24.09
2024-12-19,TSLA,3,0.558911,0.3,0,CALM,24.09
2024-12-20,AAPL,3,0.595801,0.3,0,CALM,18.36
2024-12-20,JPM,3,0.605317,0.3,1,CALM,18.36
2024-12-20,MSFT,3,0.59971,0.3,0,CALM,18.36
2024-12-20,NVDA,3,0.548975,0.3,1,CALM,18.36
2024-12-20,TSLA,3,0.54691,0.3,0,CALM,18.36
2024-12-23,AAPL,3,0.588869,0.3,0,CALM,16.78
2024-12-23,JPM,3,0.597602,0.3,0,CALM,16.78
2024-12-23,MSFT,3,0.587046,0.3,0,CALM,16.78
2024-12-23,NVDA,3,0.547087,0.3,0,CALM,16.78
2024-12-23,TSLA,3,0.540399,0.3,0,CALM,16.78
2024-12-24,AAPL,3,0.585872,0.3,0,CALM,14.27
2024-12-24,JPM,3,0.596652,0.3,0,CALM,14.27
2024-12-24,MSFT,3,0.580809,0.3,0,CALM,14.27
2024-12-24,NVDA,3,0.55305,0.3,0,CALM,14.27
2024-12-24,TSLA,3,0.53777,0.3,0,CALM,14.27
2024-12-26,AAPL,3,0.587091,0.3,0,CALM,14.73
2024-12-26,JPM,3,0.603072,0.3,0,CALM,14.73
2024-12-26,MSFT,3,0.581498,0.3,0,CALM,14.73
2024-12-26,NVDA,3,0.574236,0.3,0,CALM,14.73
2024-12-26,TSLA,3,0.536742,0.3,0,CALM,14.73
2024-12-27,AAPL,3,0.590829,0.3,0,CALM,15.95
2024-12-27,JPM,3,0.611244,0.3,0,CALM,15.95
2024-12-27,MSFT,3,0.588205,0.3,0,CALM,15.95
2024-12-27,NVDA,3,0.596561,0.3,0,CALM,15.95
2024-12-27,TSLA,3,0.534481,0.3,0,CALM,15.95
2024-12-30,AAPL,3,0.593456,0.3,0,CALM,17.4
2024-12-30,JPM,3,0.617522,0.3,0,CALM,17.4
2024-12-30,MSFT,3,0.595264,0.3,0,CALM,17.4
2024-12-30,NVDA,3,0.609774,0.3,0,CALM,17.4
2024-12-30,TSLA,3,0.528055,0.3,0,CALM,17.4
